scenario,fs,noise_sigma,jitter_sigma,seed,method,rmse,bias,n
circle_r15_v5,2.0,0.0,0.0,0,forward,0.005785027981384923,-0.005785027981384923,41
circle_r15_v5,2.0,0.0,0.0,0,central,0.02311601919754904,-0.02311601919754904,41
circle_r15_v5,2.0,0.0,0.0,0,cubic_global,7.282480503658048e-05,-3.366698850156226e-05,41
circle_r15_v5,2.0,0.0,0.0,0,smoothing_spline,0.24333648177595726,0.022874157761119448,41
circle_r15_v5,2.0,0.0,0.0,0,savgol_w5p2,0.07828684228568222,-0.07828684228568222,41
circle_r15_v5,2.0,0.0,0.0,0,savgol_w7p3,0.000795587555283696,-0.0007955875552836962,41
circle_r15_v5,2.0,0.0,0.0,0,savgol_w9p3,0.0025195647057092716,-0.0025195647057092716,41
circle_r15_v5,2.0,0.0,0.0,0,savgol_w11p3,0.005987873579918153,-0.005987873579918153,41
circle_r15_v5,2.0,0.0,0.0,0,family_a_W3,0.0007955875552859023,-0.0007955875552859023,41
circle_r15_v5,2.0,0.0,0.0,0,family_a_W5,0.005987873579918582,-0.005987873579918583,41
circle_r15_v5,2.0,0.0,0.0,0,family_a_W7,0.02114342575666939,-0.02110757977187552,41
circle_r15_v5,2.0,0.0,0.0,0,family_a_midspan_W5,0.011028307588591437,0.011028307588591437,41
circle_r15_v5,2.0,0.0,0.0,1,forward,0.005785027981384923,-0.005785027981384923,41
circle_r15_v5,2.0,0.0,0.0,1,central,0.02311601919754904,-0.02311601919754904,41
circle_r15_v5,2.0,0.0,0.0,1,cubic_global,7.282480503658048e-05,-3.366698850156226e-05,41
circle_r15_v5,2.0,0.0,0.0,1,smoothing_spline,0.24333648177595726,0.022874157761119448,41
circle_r15_v5,2.0,0.0,0.0,1,savgol_w5p2,0.07828684228568222,-0.07828684228568222,41
circle_r15_v5,2.0,0.0,0.0,1,savgol_w7p3,0.000795587555283696,-0.0007955875552836962,41
circle_r15_v5,2.0,0.0,0.0,1,savgol_w9p3,0.0025195647057092716,-0.0025195647057092716,41
circle_r15_v5,2.0,0.0,0.0,1,savgol_w11p3,0.005987873579918153,-0.005987873579918153,41
circle_r15_v5,2.0,0.0,0.0,1,family_a_W3,0.0007955875552859023,-0.0007955875552859023,41
circle_r15_v5,2.0,0.0,0.0,1,family_a_W5,0.005987873579918582,-0.005987873579918583,41
circle_r15_v5,2.0,0.0,0.0,1,family_a_W7,0.02114342575666939,-0.02110757977187552,41
circle_r15_v5,2.0,0.0,0.0,1,family_a_midspan_W5,0.011028307588591437,0.011028307588591437,41
circle_r15_v5,2.0,0.0,0.0,2,forward,0.005785027981384923,-0.005785027981384923,41
circle_r15_v5,2.0,0.0,0.0,2,central,0.02311601919754904,-0.02311601919754904,41
circle_r15_v5,2.0,0.0,0.0,2,cubic_global,7.282480503658048e-05,-3.366698850156226e-05,41
circle_r15_v5,2.0,0.0,0.0,2,smoothing_spline,0.24333648177595726,0.022874157761119448,41
circle_r15_v5,2.0,0.0,0.0,2,savgol_w5p2,0.07828684228568222,-0.07828684228568222,41
circle_r15_v5,2.0,0.0,0.0,2,savgol_w7p3,0.000795587555283696,-0.0007955875552836962,41
circle_r15_v5,2.0,0.0,0.0,2,savgol_w9p3,0.0025195647057092716,-0.0025195647057092716,41
circle_r15_v5,2.0,0.0,0.0,2,savgol_w11p3,0.005987873579918153,-0.005987873579918153,41
circle_r15_v5,2.0,0.0,0.0,2,family_a_W3,0.0007955875552859023,-0.0007955875552859023,41
circle_r15_v5,2.0,0.0,0.0,2,family_a_W5,0.005987873579918582,-0.005987873579918583,41
circle_r15_v5,2.0,0.0,0.0,2,family_a_W7,0.02114342575666939,-0.02110757977187552,41
circle_r15_v5,2.0,0.0,0.0,2,family_a_midspan_W5,0.011028307588591437,0.011028307588591437,41
circle_r15_v5,2.0,0.0,0.0,3,forward,0.005785027981384923,-0.005785027981384923,41
circle_r15_v5,2.0,0.0,0.0,3,central,0.02311601919754904,-0.02311601919754904,41
circle_r15_v5,2.0,0.0,0.0,3,cubic_global,7.282480503658048e-05,-3.366698850156226e-05,41
circle_r15_v5,2.0,0.0,0.0,3,smoothing_spline,0.24333648177595726,0.022874157761119448,41
circle_r15_v5,2.0,0.0,0.0,3,savgol_w5p2,0.07828684228568222,-0.07828684228568222,41
circle_r15_v5,2.0,0.0,0.0,3,savgol_w7p3,0.000795587555283696,-0.0007955875552836962,41
circle_r15_v5,2.0,0.0,0.0,3,savgol_w9p3,0.0025195647057092716,-0.0025195647057092716,41
circle_r15_v5,2.0,0.0,0.0,3,savgol_w11p3,0.005987873579918153,-0.005987873579918153,41
circle_r15_v5,2.0,0.0,0.0,3,family_a_W3,0.0007955875552859023,-0.0007955875552859023,41
circle_r15_v5,2.0,0.0,0.0,3,family_a_W5,0.005987873579918582,-0.005987873579918583,41
circle_r15_v5,2.0,0.0,0.0,3,family_a_W7,0.02114342575666939,-0.02110757977187552,41
circle_r15_v5,2.0,0.0,0.0,3,family_a_midspan_W5,0.011028307588591437,0.011028307588591437,41
circle_r15_v5,2.0,0.0,0.0,4,forward,0.005785027981384923,-0.005785027981384923,41
circle_r15_v5,2.0,0.0,0.0,4,central,0.02311601919754904,-0.02311601919754904,41
circle_r15_v5,2.0,0.0,0.0,4,cubic_global,7.282480503658048e-05,-3.366698850156226e-05,41
circle_r15_v5,2.0,0.0,0.0,4,smoothing_spline,0.24333648177595726,0.022874157761119448,41
circle_r15_v5,2.0,0.0,0.0,4,savgol_w5p2,0.07828684228568222,-0.07828684228568222,41
circle_r15_v5,2.0,0.0,0.0,4,savgol_w7p3,0.000795587555283696,-0.0007955875552836962,41
circle_r15_v5,2.0,0.0,0.0,4,savgol_w9p3,0.0025195647057092716,-0.0025195647057092716,41
circle_r15_v5,2.0,0.0,0.0,4,savgol_w11p3,0.005987873579918153,-0.005987873579918153,41
circle_r15_v5,2.0,0.0,0.0,4,family_a_W3,0.0007955875552859023,-0.0007955875552859023,41
circle_r15_v5,2.0,0.0,0.0,4,family_a_W5,0.005987873579918582,-0.005987873579918583,41
circle_r15_v5,2.0,0.0,0.0,4,family_a_W7,0.02114342575666939,-0.02110757977187552,41
circle_r15_v5,2.0,0.0,0.0,4,family_a_midspan_W5,0.011028307588591437,0.011028307588591437,41
circle_r15_v5,2.0,0.0,0.005,0,forward,0.005783034500949151,-0.005781839429063708,41
circle_r15_v5,2.0,0.0,0.005,0,central,0.023116998874160383,-0.02311572723641509,41
circle_r15_v5,2.0,0.0,0.005,0,cubic_global,7.255990287505473e-05,-3.3633031183200046e-05,41
circle_r15_v5,2.0,0.0,0.005,0,smoothing_spline,0.24324251441124925,0.023136517360188742,41
circle_r15_v5,2.0,0.0,0.005,0,savgol_w5p2,0.08980789403838993,-0.08896483098295836,41
circle_r15_v5,2.0,0.0,0.005,0,savgol_w7p3,0.022771740026940414,-0.011592688876183577,41
circle_r15_v5,2.0,0.0,0.005,0,savgol_w9p3,0.018120660868039023,-0.013602439493281323,41
circle_r15_v5,2.0,0.0,0.005,0,savgol_w11p3,0.01934915768818653,-0.016806288616027357,41
circle_r15_v5,2.0,0.0,0.005,0,family_a_W3,0.0007954406529770844,-0.0007954199781232327,41
circle_r15_v5,2.0,0.0,0.005,0,family_a_W5,0.005987897131176222,-0.005987834686732563,41
circle_r15_v5,2.0,0.0,0.005,0,family_a_W7,0.021139932195340907,-0.021102773183695286,41
circle_r15_v5,2.0,0.0,0.005,0,family_a_midspan_W5,0.011028254551758016,0.011028157921024554,41
circle_r15_v5,2.0,0.0,0.005,1,forward,0.005784284916010555,-0.0057823980456946245,41
circle_r15_v5,2.0,0.0,0.005,1,central,0.02311095314771842,-0.02310835975237321,41
circle_r15_v5,2.0,0.0,0.005,1,cubic_global,7.226137348739798e-05,-3.3578932113431304e-05,41
circle_r15_v5,2.0,0.0,0.005,1,smoothing_spline,0.2430177771727918,0.023065455282080313,41
circle_r15_v5,2.0,0.0,0.005,1,savgol_w5p2,0.07342181024915251,-0.0715216500245791,41
circle_r15_v5,2.0,0.0,0.005,1,savgol_w7p3,0.02782866331104028,0.005682351232217089,41
circle_r15_v5,2.0,0.0,0.005,1,savgol_w9p3,0.018019547686113725,0.004571292732699223,41
circle_r15_v5,2.0,0.0,0.005,1,savgol_w11p3,0.01095185345965161,0.0013418825161899978,41
circle_r15_v5,2.0,0.0,0.005,1,family_a_W3,0.0007959633015442311,-0.0007959358713580309,41
circle_r15_v5,2.0,0.0,0.005,1,family_a_W5,0.005986581080939762,-0.005986488949521377,41
circle_r15_v5,2.0,0.0,0.005,1,family_a_W7,0.021143222509676082,-0.021107580791863687,41
circle_r15_v5,2.0,0.0,0.005,1,family_a_midspan_W5,0.011024702834786067,0.011024508321093326,41
circle_r15_v5,2.0,0.0,0.005,2,forward,0.005782645886769914,-0.005780968863933616,41
circle_r15_v5,2.0,0.0,0.005,2,central,0.02309801079780591,-0.02309597097186459,41
circle_r15_v5,2.0,0.0,0.005,2,cubic_global,7.189662098164648e-05,-3.348524666481379e-05,41
circle_r15_v5,2.0,0.0,0.005,2,smoothing_spline,0.24347849888896364,0.02286096805574722,41
circle_r15_v5,2.0,0.0,0.005,2,savgol_w5p2,0.07724062931952554,-0.07574177209669647,41
circle_r15_v5,2.0,0.0,0.005,2,savgol_w7p3,0.024916226598410304,0.001280074086556121,41
circle_r15_v5,2.0,0.0,0.005,2,savgol_w9p3,0.015691567212607647,-7.978016015326582e-05,41
circle_r15_v5,2.0,0.0,0.005,2,savgol_w11p3,0.010584960334789341,-0.003368481137248904,41
circle_r15_v5,2.0,0.0,0.005,2,family_a_W3,0.0007960077265236833,-0.0007959851038499778,41
circle_r15_v5,2.0,0.0,0.005,2,family_a_W5,0.005990258965424524,-0.0059901893996987966,41
circle_r15_v5,2.0,0.0,0.005,2,family_a_W7,0.02114625258586477,-0.021110913779413525,41
circle_r15_v5,2.0,0.0,0.005,2,family_a_midspan_W5,0.011031587389629217,0.011031454470550008,41
circle_r15_v5,2.0,0.0,0.005,3,forward,0.005779233550465044,-0.005776599091457994,41
circle_r15_v5,2.0,0.0,0.005,3,central,0.023108898052133394,-0.023106247924848885,41
circle_r15_v5,2.0,0.0,0.005,3,cubic_global,7.107912748721069e-05,-3.340467425321809e-05,41
circle_r15_v5,2.0,0.0,0.005,3,smoothing_spline,0.2429745194786483,0.022866066152475106,41
circle_r15_v5,2.0,0.0,0.005,3,savgol_w5p2,0.08198415908115203,-0.08025125817946376,41
circle_r15_v5,2.0,0.0,0.005,3,savgol_w7p3,0.02726329721600156,-0.003084211298959226,41
circle_r15_v5,2.0,0.0,0.005,3,savgol_w9p3,0.018486679764385845,-0.0047737798669496515,41
circle_r15_v5,2.0,0.0,0.005,3,savgol_w11p3,0.014081315215093156,-0.007611366191800279,41
circle_r15_v5,2.0,0.0,0.005,3,family_a_W3,0.0007963177987822642,-0.0007962897205778055,41
circle_r15_v5,2.0,0.0,0.005,3,family_a_W5,0.005987810077056931,-0.005987663058890761,41
circle_r15_v5,2.0,0.0,0.005,3,family_a_W7,0.021151941933230892,-0.02111772559874916,41
circle_r15_v5,2.0,0.0,0.005,3,family_a_midspan_W5,0.011027628128705282,0.011027411763159911,41
circle_r15_v5,2.0,0.0,0.005,4,forward,0.005794297530255158,-0.005790521359490531,41
circle_r15_v5,2.0,0.0,0.005,4,central,0.023145436303074505,-0.02314376230198133,41
circle_r15_v5,2.0,0.0,0.005,4,cubic_global,7.347403053682115e-05,-3.381764672890391e-05,41
circle_r15_v5,2.0,0.0,0.005,4,smoothing_spline,0.24346300184087075,0.022398672503149517,41
circle_r15_v5,2.0,0.0,0.005,4,savgol_w5p2,0.08230029665355422,-0.08119246647988233,41
circle_r15_v5,2.0,0.0,0.005,4,savgol_w7p3,0.021450821748715484,-0.002881619806160615,41
circle_r15_v5,2.0,0.0,0.005,4,savgol_w9p3,0.014747373268923555,-0.005534040364257613,41
circle_r15_v5,2.0,0.0,0.005,4,savgol_w11p3,0.013848261584862742,-0.009499050422334333,41
circle_r15_v5,2.0,0.0,0.005,4,family_a_W3,0.0007963342164404003,-0.0007963110604243405,41
circle_r15_v5,2.0,0.0,0.005,4,family_a_W5,0.005990040159056411,-0.005989863317337397,41
circle_r15_v5,2.0,0.0,0.005,4,family_a_W7,0.021144471812007813,-0.021108820853691677,41
circle_r15_v5,2.0,0.0,0.005,4,family_a_midspan_W5,0.011028063739902437,0.01102784826703568,41
circle_r15_v5,2.0,0.01,0.0,0,forward,0.023371039769479008,-0.005317404135755078,41
circle_r15_v5,2.0,0.01,0.0,0,central,0.025499999086210586,-0.022940480218209724,41
circle_r15_v5,2.0,0.01,0.0,0,cubic_global,0.01882784152934847,0.000453688489678259,41
circle_r15_v5,2.0,0.01,0.0,0,smoothing_spline,0.24329327910192816,0.022893494607191305,41
circle_r15_v5,2.0,0.01,0.0,0,savgol_w5p2,0.07846609801676831,-0.0783281717257202,41
circle_r15_v5,2.0,0.01,0.0,0,savgol_w7p3,0.007974533270057694,-0.0009885635837044967,41
circle_r15_v5,2.0,0.01,0.0,0,savgol_w9p3,0.005516867168686392,-0.0023574202349129323,41
circle_r15_v5,2.0,0.01,0.0,0,savgol_w11p3,0.007111759067144073,-0.005738756646140631,41
circle_r15_v5,2.0,0.01,0.0,0,family_a_W3,0.0079745332700576,-0.0009885635837061297,41
circle_r15_v5,2.0,0.01,0.0,0,family_a_W5,0.0071117590671438136,-0.005738756646140545,41
circle_r15_v5,2.0,0.01,0.0,0,family_a_W7,0.021260794187541412,-0.02095404578339237,41
circle_r15_v5,2.0,0.01,0.0,0,family_a_midspan_W5,0.011410547558193701,0.01109988702003684,41
circle_r15_v5,2.0,0.01,0.0,1,forward,0.025162395415236478,-0.005859671417698158,41
circle_r15_v5,2.0,0.01,0.0,1,central,0.02695149445960672,-0.022681922208023945,41
circle_r15_v5,2.0,0.01,0.0,1,cubic_global,0.021650278609160932,0.0004553381108947741,41
circle_r15_v5,2.0,0.01,0.0,1,smoothing_spline,0.24320630296233264,0.023469561379768425,41
circle_r15_v5,2.0,0.01,0.0,1,savgol_w5p2,0.07813325887916073,-0.07784678408594484,41
circle_r15_v5,2.0,0.01,0.0,1,savgol_w7p3,0.011786952913141087,-0.0004448358723787714,41
circle_r15_v5,2.0,0.01,0.0,1,savgol_w9p3,0.0073931473377802925,-0.0020891815120091654,41
circle_r15_v5,2.0,0.01,0.0,1,savgol_w11p3,0.006995835181662817,-0.005396273913181806,41
circle_r15_v5,2.0,0.01,0.0,1,family_a_W3,0.011786952913140844,-0.00044483587238120675,41
circle_r15_v5,2.0,0.01,0.0,1,family_a_W5,0.006995835181662874,-0.00539627391318215,41
circle_r15_v5,2.0,0.01,0.0,1,family_a_W7,0.02079243620445157,-0.020602599562206822,41
circle_r15_v5,2.0,0.01,0.0,1,family_a_midspan_W5,0.012107099049904197,0.011855627874378109,41
circle_r15_v5,2.0,0.01,0.0,2,forward,0.02955978931605203,-0.0031883751800237123,41
circle_r15_v5,2.0,0.01,0.0,2,central,0.027136847055369447,-0.021467905795626924,41
circle_r15_v5,2.0,0.01,0.0,2,cubic_global,0.026121136760265045,0.0022564482655465243,41
circle_r15_v5,2.0,0.01,0.0,2,smoothing_spline,0.243385248617542,0.023960640978786682,41
circle_r15_v5,2.0,0.01,0.0,2,savgol_w5p2,0.07772257955825725,-0.07737335679121253,41
circle_r15_v5,2.0,0.01,0.0,2,savgol_w7p3,0.012501731263603398,0.00023772893421304003,41
circle_r15_v5,2.0,0.01,0.0,2,savgol_w9p3,0.007695051204985267,-0.0014761069019707709,41
circle_r15_v5,2.0,0.01,0.0,2,savgol_w11p3,0.006885666358436551,-0.004819814705035341,41
circle_r15_v5,2.0,0.01,0.0,2,family_a_W3,0.012501731263603608,0.00023772893421057604,41
circle_r15_v5,2.0,0.01,0.0,2,family_a_W5,0.006885666358436899,-0.004819814705035857,41
circle_r15_v5,2.0,0.01,0.0,2,family_a_W7,0.020326847513332674,-0.020158247715781705,41
circle_r15_v5,2.0,0.01,0.0,2,family_a_midspan_W5,0.012326466161186196,0.011965379405103008,41
circle_r15_v5,2.0,0.01,0.0,3,forward,0.03451251532291261,-0.0068804690631593295,41
circle_r15_v5,2.0,0.01,0.0,3,central,0.02709047281469872,-0.023256091638803815,41
circle_r15_v5,2.0,0.01,0.0,3,cubic_global,0.024656881386746283,0.0001837341767282377,41
circle_r15_v5,2.0,0.01,0.0,3,smoothing_spline,0.24316378749154244,0.02238325978871888,41
circle_r15_v5,2.0,0.01,0.0,3,savgol_w5p2,0.07904223406943016,-0.07877680346473417,41
circle_r15_v5,2.0,0.01,0.0,3,savgol_w7p3,0.00988557561807985,-0.0012519476971057143,41
circle_r15_v5,2.0,0.01,0.0,3,savgol_w9p3,0.008064149119274621,-0.0029136960260615183,41
circle_r15_v5,2.0,0.01,0.0,3,savgol_w11p3,0.008540912489410685,-0.006675363483339113,41
circle_r15_v5,2.0,0.01,0.0,3,family_a_W3,0.009885575618079824,-0.001251947697107462,41
circle_r15_v5,2.0,0.01,0.0,3,family_a_W5,0.008540912489410937,-0.006675363483339399,41
circle_r15_v5,2.0,0.01,0.0,3,family_a_W7,0.021941540030804375,-0.021839464800057024,41
circle_r15_v5,2.0,0.01,0.0,3,family_a_midspan_W5,0.011227634494873483,0.011012966488939282,41
circle_r15_v5,2.0,0.01,0.0,4,forward,0.02051224412465285,-0.005380216934927861,41
circle_r15_v5,2.0,0.01,0.0,4,central,0.025058187794142657,-0.023371927117849363,41
circle_r15_v5,2.0,0.01,0.0,4,cubic_global,0.014126546906558991,-0.00031673562476946187,41
circle_r15_v5,2.0,0.01,0.0,4,smoothing_spline,0.2431941226479543,0.022604361991346637,41
circle_r15_v5,2.0,0.01,0.0,4,savgol_w5p2,0.07865799579647581,-0.07849116971428806,41
circle_r15_v5,2.0,0.01,0.0,4,savgol_w7p3,0.007840231269949486,-0.0009362734341705723,41
circle_r15_v5,2.0,0.01,0.0,4,savgol_w9p3,0.006824573811997842,-0.002791595194557076,41
circle_r15_v5,2.0,0.01,0.0,4,savgol_w11p3,0.007973656009435864,-0.006262246363419389,41
circle_r15_v5,2.0,0.01,0.0,4,family_a_W3,0.007840231269948964,-0.00093627343417232,41
circle_r15_v5,2.0,0.01,0.0,4,family_a_W5,0.00797365600943661,-0.006262246363419877,41
circle_r15_v5,2.0,0.01,0.0,4,family_a_W7,0.02175723534904469,-0.021499906093112718,41
circle_r15_v5,2.0,0.01,0.0,4,family_a_midspan_W5,0.010778385349396598,0.010654245733031406,41
circle_r15_v5,2.0,0.01,0.005,0,forward,0.02679642299532154,-0.004268560212736704,41
circle_r15_v5,2.0,0.01,0.005,0,central,0.02674780310606676,-0.022066174496825488,41
circle_r15_v5,2.0,0.01,0.005,0,cubic_global,0.023703915033206912,0.0006410893822193383,41
circle_r15_v5,2.0,0.01,0.005,0,smoothing_spline,0.24379205407361487,0.024641142877806273,41
circle_r15_v5,2.0,0.01,0.005,0,savgol_w5p2,0.08838908062418435,-0.08762113247436884,41
circle_r15_v5,2.0,0.01,0.005,0,savgol_w7p3,0.020642068944966004,-0.010360400843993435,41
circle_r15_v5,2.0,0.01,0.005,0,savgol_w9p3,0.01693970969455399,-0.012294932023894999,41
circle_r15_v5,2.0,0.01,0.005,0,savgol_w11p3,0.018063541867975076,-0.015299812997932963,41
circle_r15_v5,2.0,0.01,0.005,0,family_a_W3,0.01149320114919005,0.00045942191823271854,41
circle_r15_v5,2.0,0.01,0.005,0,family_a_W5,0.0066099051552353846,-0.004478229414995577,41
circle_r15_v5,2.0,0.01,0.005,0,family_a_W7,0.01978936567572142,-0.019570861882072417,41
circle_r15_v5,2.0,0.01,0.005,0,family_a_midspan_W5,0.012966913500093893,0.012682223952101713,41
circle_r15_v5,2.0,0.01,0.005,1,forward,0.022636722870130487,-0.006257422085389486,41
circle_r15_v5,2.0,0.01,0.005,1,central,0.02576422961912852,-0.022951019118945884,41
circle_r15_v5,2.0,0.01,0.005,1,cubic_global,0.018943877091562835,0.0002829883189502857,41
circle_r15_v5,2.0,0.01,0.005,1,smoothing_spline,0.24266193155791854,0.023150817150317415,41
circle_r15_v5,2.0,0.01,0.005,1,savgol_w5p2,0.07315348090886911,-0.07147726930116255,41
circle_r15_v5,2.0,0.01,0.005,1,savgol_w7p3,0.02634662559865154,0.0057173639476163106,41
circle_r15_v5,2.0,0.01,0.005,1,savgol_w9p3,0.016765118320491452,0.004631577593889421,41
circle_r15_v5,2.0,0.01,0.005,1,savgol_w11p3,0.010157872225754578,0.0014541315475661467,41
circle_r15_v5,2.0,0.01,0.005,1,family_a_W3,0.008030081416834388,-0.0007513281745557704,41
circle_r15_v5,2.0,0.01,0.005,1,family_a_W5,0.006851598020457854,-0.005875818651974256,41
circle_r15_v5,2.0,0.01,0.005,1,family_a_W7,0.0211269637296825,-0.02100288687988599,41
circle_r15_v5,2.0,0.01,0.005,1,family_a_midspan_W5,0.011435555895393955,0.011238675786923778,41
circle_r15_v5,2.0,0.01,0.005,2,forward,0.03096599073231106,-0.005593544430642055,41
circle_r15_v5,2.0,0.01,0.005,2,central,0.027557941911957654,-0.022433746238796487,41
circle_r15_v5,2.0,0.01,0.005,2,cubic_global,0.02736022096829826,0.0010652722207527715,41
circle_r15_v5,2.0,0.01,0.005,2,smoothing_spline,0.24334813804733588,0.022183744371098817,41
circle_r15_v5,2.0,0.01,0.005,2,savgol_w5p2,0.0768113842371001,-0.07576288044733324,41
circle_r15_v5,2.0,0.01,0.005,2,savgol_w7p3,0.020259931704866056,0.0016124572887718496,41
circle_r15_v5,2.0,0.01,0.005,2,savgol_w9p3,0.013303557189639294,-0.00012840063110536494,41
circle_r15_v5,2.0,0.01,0.005,2,savgol_w11p3,0.008898689158003615,-0.0035602699636615763,41
circle_r15_v5,2.0,0.01,0.005,2,family_a_W3,0.010726356963394154,-0.0004351585310673048,41
circle_r15_v5,2.0,0.01,0.005,2,family_a_W5,0.008730085723363385,-0.006178767034607108,41
circle_r15_v5,2.0,0.01,0.005,2,family_a_W7,0.02180038004136949,-0.021407286689282847,41
circle_r15_v5,2.0,0.01,0.005,2,family_a_midspan_W5,0.010931684616915878,0.010535308055701654,41
circle_r15_v5,2.0,0.01,0.005,3,forward,0.03584778313652783,-0.003979634067060826,41
circle_r15_v5,2.0,0.01,0.005,3,central,0.025787897587755855,-0.021448907784151833,41
circle_r15_v5,2.0,0.01,0.005,3,cubic_global,0.025260413501400323,0.0023258461467640925,41
circle_r15_v5,2.0,0.01,0.005,3,smoothing_spline,0.2429515027214909,0.022797371971857924,41
circle_r15_v5,2.0,0.01,0.005,3,savgol_w5p2,0.08161367624873757,-0.07975529268550265,41
circle_r15_v5,2.0,0.01,0.005,3,savgol_w7p3,0.029176959357126043,-0.0021071800405175864,41
circle_r15_v5,2.0,0.01,0.005,3,savgol_w9p3,0.019501890140689555,-0.0042222013179666175,41
circle_r15_v5,2.0,0.01,0.005,3,savgol_w11p3,0.014716500928475358,-0.007350910828151457,41
circle_r15_v5,2.0,0.01,0.005,3,family_a_W3,0.008330985897985721,0.0001677454527819325,41
circle_r15_v5,2.0,0.01,0.005,3,family_a_W5,0.006822194698194388,-0.005721943612746988,41
circle_r15_v5,2.0,0.01,0.005,3,family_a_W7,0.021101541621925013,-0.02094115473100106,41
circle_r15_v5,2.0,0.01,0.005,3,family_a_midspan_W5,0.011200104055271333,0.011003593782559776,41
circle_r15_v5,2.0,0.01,0.005,4,forward,0.03076557805594748,-0.006325215534672246,41
circle_r15_v5,2.0,0.01,0.005,4,central,0.02781695047597531,-0.02414850386240845,41
circle_r15_v5,2.0,0.01,0.005,4,cubic_global,0.025932014401156053,-0.0007912505022775023,41
circle_r15_v5,2.0,0.01,0.005,4,smoothing_spline,0.24335058755956968,0.021580641606426695,41
circle_r15_v5,2.0,0.01,0.005,4,savgol_w5p2,0.0837958943740892,-0.08237637694408026,41
circle_r15_v5,2.0,0.01,0.005,4,savgol_w7p3,0.023119117827970805,-0.004349971886354543,41
circle_r15_v5,2.0,0.01,0.005,4,savgol_w9p3,0.017362875458542225,-0.006488781991187552,41
circle_r15_v5,2.0,0.01,0.005,4,savgol_w11p3,0.015824581700911576,-0.010376499037927969,41
circle_r15_v5,2.0,0.01,0.005,4,family_a_W3,0.008951177723788405,-0.0022940948714879742,41
circle_r15_v5,2.0,0.01,0.005,4,family_a_W5,0.007901890333544223,-0.00686906912840876,41
circle_r15_v5,2.0,0.01,0.005,4,family_a_W7,0.02215329121688428,-0.022069482027516973,41
circle_r15_v5,2.0,0.01,0.005,4,family_a_midspan_W5,0.01045590178740949,0.010245704839577093,41
circle_r15_v5,2.0,0.05,0.0,0,forward,0.1137057055048829,-0.001833420399653113,41
circle_r15_v5,2.0,0.05,0.0,0,central,0.059922088904439744,-0.021773967358735682,41
circle_r15_v5,2.0,0.05,0.0,0,cubic_global,0.09451754202708865,0.0035093943670056094,41
circle_r15_v5,2.0,0.05,0.0,0,smoothing_spline,0.24313437082558348,0.022975097477806534,41
circle_r15_v5,2.0,0.05,0.0,0,savgol_w5p2,0.08177498425970305,-0.07838012179125362,41
circle_r15_v5,2.0,0.05,0.0,0,savgol_w7p3,0.039725711712801544,-0.0014846411889672092,41
circle_r15_v5,2.0,0.05,0.0,0,savgol_w9p3,0.025069184527483284,-0.0015782966181785215,41
circle_r15_v5,2.0,0.05,0.0,0,savgol_w11p3,0.02155307421911934,-0.00468427934511967,41
circle_r15_v5,2.0,0.05,0.0,0,family_a_W3,0.039725711712801676,-0.001484641188969272,41
circle_r15_v5,2.0,0.05,0.0,0,family_a_W5,0.021553074219119665,-0.004684279345119785,41
circle_r15_v5,2.0,0.05,0.0,0,family_a_W7,0.026039730847817976,-0.020318741370818027,41
circle_r15_v5,2.0,0.05,0.0,0,family_a_midspan_W5,0.017556598712319585,0.011510148913295755,41
circle_r15_v5,2.0,0.05,0.0,1,forward,0.12234206311927165,-0.004905500261208252,41
circle_r15_v5,2.0,0.05,0.0,1,central,0.07554784691739577,-0.020623369794419588,41
circle_r15_v5,2.0,0.05,0.0,1,cubic_global,0.10802537641540934,0.0034852314763169994,41
circle_r15_v5,2.0,0.05,0.0,1,smoothing_spline,0.24271970574166182,0.025852061411143726,41
circle_r15_v5,2.0,0.05,0.0,1,savgol_w5p2,0.08305855395306129,-0.07604478025378326,41
circle_r15_v5,2.0,0.05,0.0,1,savgol_w7p3,0.058858635550986346,0.0010592781487827304,41
circle_r15_v5,2.0,0.05,0.0,1,savgol_w9p3,0.03545780477020683,-0.0003210271822783364,41
circle_r15_v5,2.0,0.05,0.0,1,savgol_w11p3,0.022460880908399053,-0.003009831639439661,41
circle_r15_v5,2.0,0.05,0.0,1,family_a_W3,0.05885863555098612,0.0010592781487804956,41
circle_r15_v5,2.0,0.05,0.0,1,family_a_W5,0.022460880908398723,-0.003009831639439919,41
circle_r15_v5,2.0,0.05,0.0,1,family_a_W7,0.02360976994993864,-0.018576663343739305,41
circle_r15_v5,2.0,0.05,0.0,1,family_a_midspan_W5,0.019544630222333662,0.015226499465241764,41
circle_r15_v5,2.0,0.05,0.0,2,forward,0.14670771744975236,0.00863077690449789,41
circle_r15_v5,2.0,0.05,0.0,2,central,0.08425469225248627,-0.014546019092845582,41
circle_r15_v5,2.0,0.05,0.0,2,cubic_global,0.1308856757589452,0.01239484104621378,41
circle_r15_v5,2.0,0.05,0.0,2,smoothing_spline,0.2436568002438796,0.028310325388098596,41
circle_r15_v5,2.0,0.05,0.0,2,savgol_w5p2,0.08232270759941525,-0.07365424579342723,41
circle_r15_v5,2.0,0.05,0.0,2,savgol_w7p3,0.06263438261920906,0.004520082550122395,41
circle_r15_v5,2.0,0.05,0.0,2,savgol_w9p3,0.03783057086232934,0.0027889386171464636,41
circle_r15_v5,2.0,0.05,0.0,2,savgol_w11p3,0.024601460732617375,-8.589443021272421e-05,41
circle_r15_v5,2.0,0.05,0.0,2,family_a_W3,0.06263438261920927,0.0045200825501209045,41
circle_r15_v5,2.0,0.05,0.0,2,family_a_W5,0.024601460732617368,-8.589443021306801e-05,41
circle_r15_v5,2.0,0.05,0.0,2,family_a_W7,0.020771903666589837,-0.016343163848378275,41
circle_r15_v5,2.0,0.05,0.0,2,family_a_midspan_W5,0.021671366444936176,0.015838509484485543,41
circle_r15_v5,2.0,0.05,0.0,3,forward,0.16913027154456592,-0.009409089448772784,41
circle_r15_v5,2.0,0.05,0.0,3,central,0.0732761689629845,-0.023292122693405363,41
circle_r15_v5,2.0,0.05,0.0,3,cubic_global,0.1233939219211376,0.0025028452732834936,41
circle_r15_v5,2.0,0.05,0.0,3,smoothing_spline,0.2424923179946558,0.02042299170432273,41
circle_r15_v5,2.0,0.05,0.0,3,savgol_w5p2,0.0869211641506236,-0.08066702842555179,41
circle_r15_v5,2.0,0.05,0.0,3,savgol_w7p3,0.04917713096014432,-0.002829319290962407,41
circle_r15_v5,2.0,0.05,0.0,3,savgol_w9p3,0.03786958357741154,-0.004425564252076519,41
circle_r15_v5,2.0,0.05,0.0,3,savgol_w11p3,0.028248331247273082,-0.009398479459255656,41
circle_r15_v5,2.0,0.05,0.0,3,family_a_W3,0.04917713096014472,-0.002829319290964384,41
circle_r15_v5,2.0,0.05,0.0,3,family_a_W5,0.02824833124727307,-0.009398479459255827,41
circle_r15_v5,2.0,0.05,0.0,3,family_a_W7,0.027604715491946808,-0.024752636295832926,41
circle_r15_v5,2.0,0.05,0.0,3,family_a_midspan_W5,0.015518242046133307,0.011049947267992227,41
circle_r15_v5,2.0,0.05,0.0,4,forward,0.09809922701496082,0.0001370763246560828,41
circle_r15_v5,2.0,0.05,0.0,4,central,0.05118964306359171,-0.023889702593137253,41
circle_r15_v5,2.0,0.05,0.0,4,cubic_global,0.07117406283761012,0.0005721320863191896,41
circle_r15_v5,2.0,0.05,0.0,4,smoothing_spline,0.24263624147079085,0.02152795735671883,41
circle_r15_v5,2.0,0.05,0.0,4,savgol_w5p2,0.08327406638726831,-0.07923972676122364,41
circle_r15_v5,2.0,0.05,0.0,4,savgol_w7p3,0.0389856792077996,-0.0013429407291152846,41
circle_r15_v5,2.0,0.05,0.0,4,savgol_w9p3,0.031361668532778025,-0.003821585906936168,41
circle_r15_v5,2.0,0.05,0.0,4,savgol_w11p3,0.02574881353305515,-0.007329470875126178,41
circle_r15_v5,2.0,0.05,0.0,4,family_a_W3,0.038985679207799606,-0.001342940729117634,41
circle_r15_v5,2.0,0.05,0.0,4,family_a_W5,0.025748813533055574,-0.00732947087512638,41
circle_r15_v5,2.0,0.05,0.0,4,family_a_W7,0.028108973178384955,-0.023053015685419002,41
circle_r15_v5,2.0,0.05,0.0,4,family_a_midspan_W5,0.012322198360962306,0.009248093037585572,41
circle_r15_v5,2.0,0.05,0.005,0,forward,0.1327504548387092,0.0038892450777859677,41
circle_r15_v5,2.0,0.05,0.005,0,central,0.07734361957769738,-0.01752308197584437,41
circle_r15_v5,2.0,0.05,0.005,0,cubic_global,0.11842247600254234,0.004469201130857796,41
circle_r15_v5,2.0,0.05,0.005,0,smoothing_spline,0.2461023979136374,0.030663652971693496,41
circle_r15_v5,2.0,0.05,0.005,0,savgol_w5p2,0.08830171020204068,-0.08218338911845893,41
circle_r15_v5,2.0,0.05,0.005,0,savgol_w7p3,0.052032816034363626,-0.005267775729620177,41
circle_r15_v5,2.0,0.05,0.005,0,savgol_w9p3,0.03654059521827712,-0.006994138393019262,41
circle_r15_v5,2.0,0.05,0.005,0,savgol_w11p3,0.02542550090400819,-0.009239671066746226,41
circle_r15_v5,2.0,0.05,0.005,0,family_a_W3,0.057704172835551605,0.005642965473928514,41
circle_r15_v5,2.0,0.05,0.005,0,family_a_W5,0.024325550802248533,0.0015944857874674446,41
circle_r15_v5,2.0,0.05,0.005,0,family_a_W7,0.018760705485200826,-0.013431081389660982,41
circle_r15_v5,2.0,0.05,0.005,0,family_a_midspan_W5,0.023681670850840313,0.019388297899100924,41
circle_r15_v5,2.0,0.05,0.005,1,forward,0.10857027427595517,-0.006621696792809819,41
circle_r15_v5,2.0,0.05,0.005,1,central,0.06202409946545708,-0.022006838597128046,41
circle_r15_v5,2.0,0.05,0.005,1,cubic_global,0.09469077273351577,0.0025909544431683335,41
circle_r15_v5,2.0,0.05,0.005,1,smoothing_spline,0.24127265957479288,0.0234940231688454,41
circle_r15_v5,2.0,0.05,0.005,1,savgol_w5p2,0.07459438030804384,-0.07125606538925879,41
circle_r15_v5,2.0,0.05,0.005,1,savgol_w7p3,0.0405600550570052,0.005984822715209962,41
circle_r15_v5,2.0,0.05,0.005,1,savgol_w9p3,0.02257454620709653,0.004919031265419217,41
circle_r15_v5,2.0,0.05,0.005,1,savgol_w11p3,0.016931793540625927,0.0019205921609057731,41
circle_r15_v5,2.0,0.05,0.005,1,family_a_W3,0.03997081524257538,-0.0004458891516065646,41
circle_r15_v5,2.0,0.05,0.005,1,family_a_W5,0.018459401694084183,-0.005415540461410877,41
circle_r15_v5,2.0,0.05,0.005,1,family_a_W7,0.023274586076149517,-0.020574281644159104,41
circle_r15_v5,2.0,0.05,0.005,1,family_a_midspan_W5,0.016131111210650036,0.012145532016763669,41
circle_r15_v5,2.0,0.05,0.005,2,forward,0.15229497627733452,-0.0027362353775405124,41
circle_r15_v5,2.0,0.05,0.005,2,central,0.08202078026278206,-0.01947284189684549,41
circle_r15_v5,2.0,0.05,0.005,2,cubic_global,0.13707884529963196,0.006419460097617355,41
circle_r15_v5,2.0,0.05,0.005,2,smoothing_spline,0.24292259334401395,0.01947876270868928,41
circle_r15_v5,2.0,0.05,0.005,2,savgol_w5p2,0.08155902272633703,-0.075790892492527,41
circle_r15_v5,2.0,0.05,0.005,2,savgol_w7p3,0.0431429803454981,0.0030796944736780595,41
circle_r15_v5,2.0,0.05,0.005,2,savgol_w9p3,0.03384440523457914,-0.00024734499335683644,41
circle_r15_v5,2.0,0.05,0.005,2,savgol_w11p3,0.02672294952664224,-0.004277479885106535,41
circle_r15_v5,2.0,0.05,0.005,2,family_a_W3,0.05361483222264164,0.0011469125511620031,41
circle_r15_v5,2.0,0.05,0.005,2,family_a_W5,0.03159627711112539,-0.006883211389023584,41
circle_r15_v5,2.0,0.05,0.005,2,family_a_W7,0.029319962439584592,-0.02257533262312691,41
circle_r15_v5,2.0,0.05,0.005,2,family_a_midspan_W5,0.01703631509663668,0.008663813844584492,41
circle_r15_v5,2.0,0.05,0.005,3,forward,0.17773574577686832,0.004864980304139306,41
circle_r15_v5,2.0,0.05,0.005,3,central,0.0731788719848642,-0.014309970453309244,41
circle_r15_v5,2.0,0.05,0.005,3,cubic_global,0.12639614785243125,0.012998332741596362,41
circle_r15_v5,2.0,0.05,0.005,3,smoothing_spline,0.24290623728438268,0.02252671957080531,41
circle_r15_v5,2.0,0.05,0.005,3,savgol_w5p2,0.08246152446265348,-0.07765531950374788,41
circle_r15_v5,2.0,0.05,0.005,3,savgol_w7p3,0.051936927947467286,0.002125521368345805,41
circle_r15_v5,2.0,0.05,0.005,3,savgol_w9p3,0.032784690701324566,-0.0018953117196583167,41
circle_r15_v5,2.0,0.05,0.005,3,savgol_w11p3,0.023792896371100027,-0.006243314186568646,41
circle_r15_v5,2.0,0.05,0.005,3,family_a_W3,0.04194333686268643,0.004348335100568839,41
circle_r15_v5,2.0,0.05,0.005,3,family_a_W5,0.019116721713936198,-0.004593542665909504,41
circle_r15_v5,2.0,0.05,0.005,3,family_a_W7,0.023287051045438052,-0.020215698934227484,41
circle_r15_v5,2.0,0.05,0.005,3,family_a_midspan_W5,0.015226312609536365,0.011051426522693924,41
circle_r15_v5,2.0,0.05,0.005,4,forward,0.15040243065769607,-0.007293377191994428,41
circle_r15_v5,2.0,0.05,0.005,4,central,0.07423126272660603,-0.028004368929565003,41
circle_r15_v5,2.0,0.05,0.005,4,cubic_global,0.1298204272326993,-0.0031772587670430186,41
circle_r15_v5,2.0,0.05,0.005,4,smoothing_spline,0.24296145015353335,0.018312128368201574,41
circle_r15_v5,2.0,0.05,0.005,4,savgol_w5p2,0.09313786784847954,-0.08707016341678432,41
circle_r15_v5,2.0,0.05,0.005,4,savgol_w7p3,0.0488427112866125,-0.01015269221206161,41
circle_r15_v5,2.0,0.05,0.005,4,savgol_w9p3,0.035133039823497546,-0.01025276560062393,41
circle_r15_v5,2.0,0.05,0.005,4,savgol_w11p3,0.02840155919438397,-0.013849112143632,41
circle_r15_v5,2.0,0.05,0.005,4,family_a_W3,0.04405348587894742,-0.008215184059926158,41
circle_r15_v5,2.0,0.05,0.005,4,family_a_W5,0.022106365571987488,-0.01034895124122458,41
circle_r15_v5,2.0,0.05,0.005,4,family_a_W7,0.028516639801969338,-0.02588883789381342,41
circle_r15_v5,2.0,0.05,0.005,4,family_a_midspan_W5,0.01261663758204654,0.007186448146023804,41
circle_r15_v5,2.0,0.2,0.0,0,forward,0.4525818209530302,0.03439999144439714,41
circle_r15_v5,2.0,0.2,0.0,0,central,0.22579213645696675,-0.010889496487940586,41
circle_r15_v5,2.0,0.2,0.0,0,cubic_global,0.3822370090829377,0.03043747282274207,41
circle_r15_v5,2.0,0.2,0.0,0,smoothing_spline,0.2427388652260367,0.023341665328001145,41
circle_r15_v5,2.0,0.2,0.0,0,savgol_w5p2,0.12168271760231313,-0.07697716685568108,41
circle_r15_v5,2.0,0.2,0.0,0,savgol_w7p3,0.16073182227912244,0.000527233804961171,41
circle_r15_v5,2.0,0.2,0.0,0,savgol_w9p3,0.10132008644158688,0.003179115381226272,41
circle_r15_v5,2.0,0.2,0.0,0,savgol_w11p3,0.08467260005857875,8.736145697286721e-05,41
circle_r15_v5,2.0,0.2,0.0,0,family_a_W3,0.16073182227912203,0.0005272338049591653,41
circle_r15_v5,2.0,0.2,0.0,0,family_a_W5,0.08467260005857874,8.73614569725807e-05,41
circle_r15_v5,2.0,0.2,0.0,0,family_a_W7,0.06690148404695456,-0.017635958628402067,41
circle_r15_v5,2.0,0.2,0.0,0,family_a_midspan_W5,0.055549082545222395,0.014787213656950618,41
circle_r15_v5,2.0,0.2,0.0,1,forward,0.4864018810874133,0.016746143463770354,41
circle_r15_v5,2.0,0.2,0.0,1,central,0.28891076403673843,-0.008217767023646546,41
circle_r15_v5,2.0,0.2,0.0,1,cubic_global,0.4282900595908648,0.0304633205790745,41
circle_r15_v5,2.0,0.2,0.0,1,smoothing_spline,0.241386140102813,0.03479902806987999,41
circle_r15_v5,2.0,0.2,0.0,1,savgol_w5p2,0.1499781521439621,-0.06868551576611182,41
circle_r15_v5,2.0,0.2,0.0,1,savgol_w7p3,0.23476384412424392,0.008172938340429883,41
circle_r15_v5,2.0,0.2,0.0,1,savgol_w9p3,0.1419261318524517,0.00697463733729221,41
circle_r15_v5,2.0,0.2,0.0,1,savgol_w11p3,0.08920776613218,0.006224987522268683,41
circle_r15_v5,2.0,0.2,0.0,1,family_a_W3,0.2347638441242437,0.008172938340428164,41
circle_r15_v5,2.0,0.2,0.0,1,family_a_W5,0.08920776613217937,0.0062249875222680235,41
circle_r15_v5,2.0,0.2,0.0,1,family_a_W7,0.06040164977957533,-0.01089370608592436,41
circle_r15_v5,2.0,0.2,0.0,1,family_a_midspan_W5,0.05653463164499954,0.02876010409144546,41
circle_r15_v5,2.0,0.2,0.0,2,forward,0.5779067740990756,0.07450007482082141,41
circle_r15_v5,2.0,0.2,0.0,2,central,0.33193910164603163,0.016097675391342617,41
circle_r15_v5,2.0,0.2,0.0,2,cubic_global,0.5254060870684927,0.06417587704780124,41
circle_r15_v5,2.0,0.2,0.0,2,smoothing_spline,0.24576002290892893,0.04467493427763897,41
circle_r15_v5,2.0,0.2,0.0,2,savgol_w5p2,0.15795895346879765,-0.05876933671287544,41
circle_r15_v5,2.0,0.2,0.0,2,savgol_w7p3,0.2502745221698817,0.0227249075091063,41
circle_r15_v5,2.0,0.2,0.0,2,savgol_w9p3,0.1516849947729836,0.02009309953669607,41
circle_r15_v5,2.0,0.2,0.0,2,savgol_w11p3,0.10033682987109631,0.018537285640823443,41
circle_r15_v5,2.0,0.2,0.0,2,family_a_W3,0.2502745221698813,0.022724907509104438,41
circle_r15_v5,2.0,0.2,0.0,2,family_a_W5,0.10033682987109627,0.0185372856408233,41
circle_r15_v5,2.0,0.2,0.0,2,family_a_W7,0.05193452494991292,-0.0017842062481258332,41
circle_r15_v5,2.0,0.2,0.0,2,family_a_midspan_W5,0.06710175814806718,0.03213822672198926,41
circle_r15_v5,2.0,0.2,0.0,3,forward,0.6705539010541226,0.00815863095312486,41
circle_r15_v5,2.0,0.2,0.0,3,central,0.2784052771039864,-0.015964054096404657,41
circle_r15_v5,2.0,0.2,0.0,3,cubic_global,0.49465978513122816,0.03175597895978673,41
circle_r15_v5,2.0,0.2,0.0,3,smoothing_spline,0.24025121919982342,0.01311944248902518,41
circle_r15_v5,2.0,0.2,0.0,3,savgol_w5p2,0.15604657999584232,-0.08676652695256719,41
circle_r15_v5,2.0,0.2,0.0,3,savgol_w7p3,0.19746177753977356,-0.005242980527720148,41
circle_r15_v5,2.0,0.2,0.0,3,savgol_w9p3,0.15090004270236063,-0.00917753314610812,41
circle_r15_v5,2.0,0.2,0.0,3,savgol_w11p3,0.10826438268814775,-0.019226353077034106,41
circle_r15_v5,2.0,0.2,0.0,3,family_a_W3,0.19746177753977295,-0.005242980527722125,41
circle_r15_v5,2.0,0.2,0.0,3,family_a_W5,0.10826438268814782,-0.019226353077034276,41
circle_r15_v5,2.0,0.2,0.0,3,family_a_W7,0.061922123214484134,-0.03547045340615775,41
circle_r15_v5,2.0,0.2,0.0,3,family_a_midspan_W5,0.04493224857145777,0.012595046303560661,41
circle_r15_v5,2.0,0.2,0.0,4,forward,0.3893468170966499,0.07653471993368491,41
circle_r15_v5,2.0,0.2,0.0,4,central,0.18331073507184403,-0.01866801995046281,41
circle_r15_v5,2.0,0.2,0.0,4,cubic_global,0.2952373514926296,0.03211840877449138,41
circle_r15_v5,2.0,0.2,0.0,4,smoothing_spline,0.24070984203568108,0.017531074278806583,41
circle_r15_v5,2.0,0.2,0.0,4,savgol_w5p2,0.1306619372052411,-0.0810674342294083,41
circle_r15_v5,2.0,0.2,0.0,4,savgol_w7p3,0.15643280897780304,-0.0006606125940386045,41
circle_r15_v5,2.0,0.2,0.0,4,savgol_w9p3,0.12453869757579893,-0.006851042785739759,41
circle_r15_v5,2.0,0.2,0.0,4,savgol_w11p3,0.09938816395051377,-0.010900834017844188,41
circle_r15_v5,2.0,0.2,0.0,4,family_a_W3,0.15643280897780254,-0.0006606125940406101,41
circle_r15_v5,2.0,0.2,0.0,4,family_a_W5,0.09938816395051407,-0.010900834017844875,41
circle_r15_v5,2.0,0.2,0.0,4,family_a_W7,0.0705348803890196,-0.028644863957292294,41
circle_r15_v5,2.0,0.2,0.0,4,family_a_midspan_W5,0.032799925371318685,0.005264668933290788,41
circle_r15_v5,2.0,0.2,0.005,0,forward,0.5383074548558616,0.06378369731673068,41
circle_r15_v5,2.0,0.2,0.005,0,central,0.30103431956464377,0.004411996367553015,41
circle_r15_v5,2.0,0.2,0.005,0,cubic_global,0.4729751917557753,0.03497682230454093,41
circle_r15_v5,2.0,0.2,0.005,0,smoothing_spline,0.2562923328600661,0.05330495209770891,41
circle_r15_v5,2.0,0.2,0.005,0,savgol_w5p2,0.14816178909465405,-0.06089696259144454,41
circle_r15_v5,2.0,0.2,0.005,0,savgol_w7p3,0.2217640496916435,0.016145250257701554,41
circle_r15_v5,2.0,0.2,0.005,0,savgol_w9p3,0.15032095733874057,0.013888980236779569,41
circle_r15_v5,2.0,0.2,0.005,0,savgol_w11p3,0.0956874624320942,0.013973266861746506,41
circle_r15_v5,2.0,0.2,0.005,0,family_a_W3,0.23138996244058221,0.027406099873698974,41
circle_r15_v5,2.0,0.2,0.005,0,family_a_W5,0.10007579001208536,0.02485532582216824,41
circle_r15_v5,2.0,0.2,0.005,0,family_a_W7,0.05292542096571485,0.009764813921937194,41
circle_r15_v5,2.0,0.2,0.005,0,family_a_midspan_W5,0.07142246733395263,0.04580960939579978,41
circle_r15_v5,2.0,0.2,0.005,1,forward,0.4300168331792704,0.014150090680651546,41
circle_r15_v5,2.0,0.2,0.005,1,central,0.23144320515083755,-0.013961326466504036,41
circle_r15_v5,2.0,0.2,0.005,1,cubic_global,0.3787655821007821,0.026088226556955287,41
circle_r15_v5,2.0,0.2,0.005,1,smoothing_spline,0.23656248134600505,0.02480611756525018,41
circle_r15_v5,2.0,0.2,0.005,1,savgol_w5p2,0.1078377960110055,-0.06980317785748366,41
circle_r15_v5,2.0,0.2,0.005,1,savgol_w7p3,0.1526409805340855,0.008807344742431944,41
circle_r15_v5,2.0,0.2,0.005,1,savgol_w9p3,0.08454883188523829,0.006653163448057403,41
circle_r15_v5,2.0,0.2,0.005,1,savgol_w11p3,0.06746292753447307,0.003918074330978521,41
circle_r15_v5,2.0,0.2,0.005,1,family_a_W3,0.15973480566836912,0.002513413986282246,41
circle_r15_v5,2.0,0.2,0.005,1,family_a_W5,0.0707283001945202,-0.0034393649590461154,41
circle_r15_v5,2.0,0.2,0.005,1,family_a_W7,0.04791650094820093,-0.018826807493910434,41
circle_r15_v5,2.0,0.2,0.005,1,family_a_midspan_W5,0.04544048410400888,0.016257337096184637,41
circle_r15_v5,2.0,0.2,0.005,2,forward,0.608114992750031,0.03809880195603935,41
circle_r15_v5,2.0,0.2,0.005,2,central,0.3195629200048145,-0.004008091592602797,41
circle_r15_v5,2.0,0.2,0.005,2,cubic_global,0.5508218900418593,0.0399130162361839,41
circle_r15_v5,2.0,0.2,0.005,2,smoothing_spline,0.2427004605075132,0.009390896053183096,41
circle_r15_v5,2.0,0.2,0.005,2,savgol_w5p2,0.15491378828523053,-0.07509626169485419,41
circle_r15_v5,2.0,0.2,0.005,2,savgol_w7p3,0.20021768330831452,0.010532089373518336,41
circle_r15_v5,2.0,0.2,0.005,2,savgol_w9p3,0.14982748711642255,0.00039063824642353084,41
circle_r15_v5,2.0,0.2,0.005,2,savgol_w11p3,0.11813297425139323,-0.0062492789858129665,41
circle_r15_v5,2.0,0.2,0.005,2,family_a_W3,0.21479470772717701,0.009045747359528714,41
circle_r15_v5,2.0,0.2,0.005,2,family_a_W5,0.12344011717648136,-0.008808287571211982,41
circle_r15_v5,2.0,0.2,0.005,2,family_a_W7,0.0786128010496951,-0.026707135927070094,41
circle_r15_v5,2.0,0.2,0.005,2,family_a_midspan_W5,0.05909788792429989,0.003258587653483915,41
circle_r15_v5,2.0,0.2,0.005,3,forward,0.7028071455614471,0.0628206360428499,41
circle_r15_v5,2.0,0.2,0.005,3,central,0.2873371283031782,0.019697334030825964,41
circle_r15_v5,2.0,0.2,0.005,3,cubic_global,0.5059303347069236,0.07059798317843843,41
circle_r15_v5,2.0,0.2,0.005,3,smoothing_spline,0.24340220680506405,0.021570589932254518,41
circle_r15_v5,2.0,0.2,0.005,3,savgol_w5p2,0.11353136054312529,-0.06813890443074776,41
circle_r15_v5,2.0,0.2,0.005,3,savgol_w7p3,0.1741169366007208,0.022568864614438727,41
circle_r15_v5,2.0,0.2,0.005,3,savgol_w9p3,0.10719070884721739,0.008537516126580044,41
circle_r15_v5,2.0,0.2,0.005,3,savgol_w11p3,0.0759017046753701,-0.0011471434988066958,41
circle_r15_v5,2.0,0.2,0.005,3,family_a_W3,0.1697257565506538,0.024593897849636438,41
circle_r15_v5,2.0,0.2,0.005,3,family_a_W5,0.07377682952055471,0.0005770165853555114,41
circle_r15_v5,2.0,0.2,0.005,3,family_a_W7,0.049032479338937875,-0.01722146408895907,41
circle_r15_v5,2.0,0.2,0.005,3,family_a_midspan_W5,0.044049606937628744,0.013273680692921768,41
circle_r15_v5,2.0,0.2,0.005,4,forward,0.5948170592025146,0.006448705940116917,41
circle_r15_v5,2.0,0.2,0.005,4,central,0.2779416633705254,-0.0401451118622796,41
circle_r15_v5,2.0,0.2,0.005,4,cubic_global,0.5203950347119817,-0.0030549711714732883,41
circle_r15_v5,2.0,0.2,0.005,4,smoothing_spline,0.24236549341219552,0.006106869969634255,41
circle_r15_v5,2.0,0.2,0.005,4,savgol_w5p2,0.1557577333368247,-0.10407472003148124,41
circle_r15_v5,2.0,0.2,0.005,4,savgol_w7p3,0.1773289152271531,-0.030903400946740444,41
circle_r15_v5,2.0,0.2,0.005,4,savgol_w9p3,0.11495737560741372,-0.023581845957315228,41
circle_r15_v5,2.0,0.2,0.005,4,savgol_w11p3,0.08644216616224591,-0.02634118609987159,41
circle_r15_v5,2.0,0.2,0.005,4,family_a_W3,0.175715573351401,-0.029418672443826337,41
circle_r15_v5,2.0,0.2,0.005,4,family_a_W5,0.08150571163630486,-0.022871682205081265,41
circle_r15_v5,2.0,0.2,0.005,4,family_a_W7,0.06411071055833528,-0.03987785409855965,41
circle_r15_v5,2.0,0.2,0.005,4,family_a_midspan_W5,0.04148158903446178,-0.0032987801356776873,41
circle_r15_v5,5.0,0.0,0.0,0,forward,0.0009258744869580812,-0.0009258744869580812,101
circle_r15_v5,5.0,0.0,0.0,0,central,0.003702880745525831,-0.0037028807455258307,101
circle_r15_v5,5.0,0.0,0.0,0,cubic_global,6.882036403286472e-06,-1.2725306494599298e-06,101
circle_r15_v5,5.0,0.0,0.0,0,smoothing_spline,0.22285972718154765,0.031985899073164674,101
circle_r15_v5,5.0,0.0,0.0,0,savgol_w5p2,0.012581897479680632,-0.01258189747968063,101
circle_r15_v5,5.0,0.0,0.0,0,savgol_w7p3,2.0509666370913327e-05,-2.050966637091333e-05,101
circle_r15_v5,5.0,0.0,0.0,0,savgol_w9p3,6.532057970136259e-05,-6.532057970136259e-05,101
circle_r15_v5,5.0,0.0,0.0,0,savgol_w11p3,0.00015633984048660506,-0.00015633984048660506,101
circle_r15_v5,5.0,0.0,0.0,0,family_a_W3,2.050966638051737e-05,-2.050966638051737e-05,101
circle_r15_v5,5.0,0.0,0.0,0,family_a_W5,0.0001563398404923636,-0.00015633984049236358,101
circle_r15_v5,5.0,0.0,0.0,0,family_a_W7,0.0005701689890805934,-0.0005698498256690181,101
circle_r15_v5,5.0,0.0,0.0,0,family_a_midspan_W5,0.00031704454151893543,0.0003170445415189355,101
circle_r15_v5,5.0,0.0,0.0,1,forward,0.0009258744869580812,-0.0009258744869580812,101
circle_r15_v5,5.0,0.0,0.0,1,central,0.003702880745525831,-0.0037028807455258307,101
circle_r15_v5,5.0,0.0,0.0,1,cubic_global,6.882036403286472e-06,-1.2725306494599298e-06,101
circle_r15_v5,5.0,0.0,0.0,1,smoothing_spline,0.22285972718154765,0.031985899073164674,101
circle_r15_v5,5.0,0.0,0.0,1,savgol_w5p2,0.012581897479680632,-0.01258189747968063,101
circle_r15_v5,5.0,0.0,0.0,1,savgol_w7p3,2.0509666370913327e-05,-2.050966637091333e-05,101
circle_r15_v5,5.0,0.0,0.0,1,savgol_w9p3,6.532057970136259e-05,-6.532057970136259e-05,101
circle_r15_v5,5.0,0.0,0.0,1,savgol_w11p3,0.00015633984048660506,-0.00015633984048660506,101
circle_r15_v5,5.0,0.0,0.0,1,family_a_W3,2.050966638051737e-05,-2.050966638051737e-05,101
circle_r15_v5,5.0,0.0,0.0,1,family_a_W5,0.0001563398404923636,-0.00015633984049236358,101
circle_r15_v5,5.0,0.0,0.0,1,family_a_W7,0.0005701689890805934,-0.0005698498256690181,101
circle_r15_v5,5.0,0.0,0.0,1,family_a_midspan_W5,0.00031704454151893543,0.0003170445415189355,101
circle_r15_v5,5.0,0.0,0.0,2,forward,0.0009258744869580812,-0.0009258744869580812,101
circle_r15_v5,5.0,0.0,0.0,2,central,0.003702880745525831,-0.0037028807455258307,101
circle_r15_v5,5.0,0.0,0.0,2,cubic_global,6.882036403286472e-06,-1.2725306494599298e-06,101
circle_r15_v5,5.0,0.0,0.0,2,smoothing_spline,0.22285972718154765,0.031985899073164674,101
circle_r15_v5,5.0,0.0,0.0,2,savgol_w5p2,0.012581897479680632,-0.01258189747968063,101
circle_r15_v5,5.0,0.0,0.0,2,savgol_w7p3,2.0509666370913327e-05,-2.050966637091333e-05,101
circle_r15_v5,5.0,0.0,0.0,2,savgol_w9p3,6.532057970136259e-05,-6.532057970136259e-05,101
circle_r15_v5,5.0,0.0,0.0,2,savgol_w11p3,0.00015633984048660506,-0.00015633984048660506,101
circle_r15_v5,5.0,0.0,0.0,2,family_a_W3,2.050966638051737e-05,-2.050966638051737e-05,101
circle_r15_v5,5.0,0.0,0.0,2,family_a_W5,0.0001563398404923636,-0.00015633984049236358,101
circle_r15_v5,5.0,0.0,0.0,2,family_a_W7,0.0005701689890805934,-0.0005698498256690181,101
circle_r15_v5,5.0,0.0,0.0,2,family_a_midspan_W5,0.00031704454151893543,0.0003170445415189355,101
circle_r15_v5,5.0,0.0,0.0,3,forward,0.0009258744869580812,-0.0009258744869580812,101
circle_r15_v5,5.0,0.0,0.0,3,central,0.003702880745525831,-0.0037028807455258307,101
circle_r15_v5,5.0,0.0,0.0,3,cubic_global,6.882036403286472e-06,-1.2725306494599298e-06,101
circle_r15_v5,5.0,0.0,0.0,3,smoothing_spline,0.22285972718154765,0.031985899073164674,101
circle_r15_v5,5.0,0.0,0.0,3,savgol_w5p2,0.012581897479680632,-0.01258189747968063,101
circle_r15_v5,5.0,0.0,0.0,3,savgol_w7p3,2.0509666370913327e-05,-2.050966637091333e-05,101
circle_r15_v5,5.0,0.0,0.0,3,savgol_w9p3,6.532057970136259e-05,-6.532057970136259e-05,101
circle_r15_v5,5.0,0.0,0.0,3,savgol_w11p3,0.00015633984048660506,-0.00015633984048660506,101
circle_r15_v5,5.0,0.0,0.0,3,family_a_W3,2.050966638051737e-05,-2.050966638051737e-05,101
circle_r15_v5,5.0,0.0,0.0,3,family_a_W5,0.0001563398404923636,-0.00015633984049236358,101
circle_r15_v5,5.0,0.0,0.0,3,family_a_W7,0.0005701689890805934,-0.0005698498256690181,101
circle_r15_v5,5.0,0.0,0.0,3,family_a_midspan_W5,0.00031704454151893543,0.0003170445415189355,101
circle_r15_v5,5.0,0.0,0.0,4,forward,0.0009258744869580812,-0.0009258744869580812,101
circle_r15_v5,5.0,0.0,0.0,4,central,0.003702880745525831,-0.0037028807455258307,101
circle_r15_v5,5.0,0.0,0.0,4,cubic_global,6.882036403286472e-06,-1.2725306494599298e-06,101
circle_r15_v5,5.0,0.0,0.0,4,smoothing_spline,0.22285972718154765,0.031985899073164674,101
circle_r15_v5,5.0,0.0,0.0,4,savgol_w5p2,0.012581897479680632,-0.01258189747968063,101
circle_r15_v5,5.0,0.0,0.0,4,savgol_w7p3,2.0509666370913327e-05,-2.050966637091333e-05,101
circle_r15_v5,5.0,0.0,0.0,4,savgol_w9p3,6.532057970136259e-05,-6.532057970136259e-05,101
circle_r15_v5,5.0,0.0,0.0,4,savgol_w11p3,0.00015633984048660506,-0.00015633984048660506,101
circle_r15_v5,5.0,0.0,0.0,4,family_a_W3,2.050966638051737e-05,-2.050966638051737e-05,101
circle_r15_v5,5.0,0.0,0.0,4,family_a_W5,0.0001563398404923636,-0.00015633984049236358,101
circle_r15_v5,5.0,0.0,0.0,4,family_a_W7,0.0005701689890805934,-0.0005698498256690181,101
circle_r15_v5,5.0,0.0,0.0,4,family_a_midspan_W5,0.00031704454151893543,0.0003170445415189355,101
circle_r15_v5,5.0,0.0,0.005,0,forward,0.0009288296623722178,-0.00092679505654825,101
circle_r15_v5,5.0,0.0,0.005,0,central,0.003707285628405135,-0.003705277375525577,101
circle_r15_v5,5.0,0.0,0.005,0,cubic_global,7.011170529669244e-06,-1.2900500683816202e-06,101
circle_r15_v5,5.0,0.0,0.005,0,smoothing_spline,0.2224526847393163,0.03187455367803304,101
circle_r15_v5,5.0,0.0,0.005,0,savgol_w5p2,0.04290191195229656,-0.01777619171595351,101
circle_r15_v5,5.0,0.0,0.005,0,savgol_w7p3,0.06346286804883607,-0.004541254441960938,101
circle_r15_v5,5.0,0.0,0.005,0,savgol_w9p3,0.04129890216468654,-0.0054066647380914875,101
circle_r15_v5,5.0,0.0,0.005,0,savgol_w11p3,0.03050662284495781,-0.006194338818166438,101
circle_r15_v5,5.0,0.0,0.005,0,family_a_W3,2.0548889456050015e-05,-2.054498235723914e-05,101
circle_r15_v5,5.0,0.0,0.005,0,family_a_W5,0.00015642187759030827,-0.00015640534220989828,101
circle_r15_v5,5.0,0.0,0.005,0,family_a_W7,0.0005703880856467176,-0.0005699826480806368,101
circle_r15_v5,5.0,0.0,0.005,0,family_a_midspan_W5,0.00031689028602166974,0.00031685477150113537,101
circle_r15_v5,5.0,0.0,0.005,1,forward,0.0009281290062148114,-0.000926436622547206,101
circle_r15_v5,5.0,0.0,0.005,1,central,0.003702141487168804,-0.0037001009405497162,101
circle_r15_v5,5.0,0.0,0.005,1,cubic_global,6.708614040714238e-06,-1.2459904108035763e-06,101
circle_r15_v5,5.0,0.0,0.005,1,smoothing_spline,0.22262838865325793,0.03191365982283103,101
circle_r15_v5,5.0,0.0,0.005,1,savgol_w5p2,0.03392083045827314,-0.005931147465699423,101
circle_r15_v5,5.0,0.0,0.005,1,savgol_w7p3,0.05809658925027586,0.006311191419687321,101
circle_r15_v5,5.0,0.0,0.005,1,savgol_w9p3,0.035837644216905516,0.0064855275302057366,101
circle_r15_v5,5.0,0.0,0.005,1,savgol_w11p3,0.023927247086940433,0.006449198822660719,101
circle_r15_v5,5.0,0.0,0.005,1,family_a_W3,2.053548415789283e-05,-2.0532539506718755e-05,101
circle_r15_v5,5.0,0.0,0.005,1,family_a_W5,0.00015635373559310306,-0.00015634050486053823,101
circle_r15_v5,5.0,0.0,0.005,1,family_a_W7,0.0005700283606729765,-0.000569643982676306,101
circle_r15_v5,5.0,0.0,0.005,1,family_a_midspan_W5,0.00031684556926941596,0.0003168191733928013,101
circle_r15_v5,5.0,0.0,0.005,2,forward,0.0009282538513120934,-0.0009261333367769548,101
circle_r15_v5,5.0,0.0,0.005,2,central,0.00370288848847521,-0.0037006234972373465,101
circle_r15_v5,5.0,0.0,0.005,2,cubic_global,6.7333892938097895e-06,-1.2548577531706723e-06,101
circle_r15_v5,5.0,0.0,0.005,2,smoothing_spline,0.22266615254514557,0.03194024535332888,101
circle_r15_v5,5.0,0.0,0.005,2,savgol_w5p2,0.03878883254805955,0.0013638412612484514,101
circle_r15_v5,5.0,0.0,0.005,2,savgol_w7p3,0.06608788439656028,0.013632242768599293,101
circle_r15_v5,5.0,0.0,0.005,2,savgol_w9p3,0.042889935732889774,0.013790440180373105,101
circle_r15_v5,5.0,0.0,0.005,2,savgol_w11p3,0.031959434501686486,0.013902779010829622,101
circle_r15_v5,5.0,0.0,0.005,2,family_a_W3,2.054855929321259e-05,-2.0544797089320917e-05,101
circle_r15_v5,5.0,0.0,0.005,2,family_a_W5,0.0001563703799350965,-0.0001563545978166639,101
circle_r15_v5,5.0,0.0,0.005,2,family_a_W7,0.0005700667380044843,-0.0005696746143615969,101
circle_r15_v5,5.0,0.0,0.005,2,family_a_midspan_W5,0.0003168247049142171,0.0003167938155709663,101
circle_r15_v5,5.0,0.0,0.005,3,forward,0.0009302788439549718,-0.0009274122653230253,101
circle_r15_v5,5.0,0.0,0.005,3,central,0.003705766585005213,-0.003703120224694888,101
circle_r15_v5,5.0,0.0,0.005,3,cubic_global,6.563752754530075e-06,-1.2384043652536003e-06,101
circle_r15_v5,5.0,0.0,0.005,3,smoothing_spline,0.22295110941164023,0.03206413598295038,101
circle_r15_v5,5.0,0.0,0.005,3,savgol_w5p2,0.03925836488755765,-0.0073112554470974814,101
circle_r15_v5,5.0,0.0,0.005,3,savgol_w7p3,0.06611528409435156,0.004899628218862363,101
circle_r15_v5,5.0,0.0,0.005,3,savgol_w9p3,0.04101092834450128,0.004936071014199449,101
circle_r15_v5,5.0,0.0,0.005,3,savgol_w11p3,0.028580182180153877,0.0058040237702356,101
circle_r15_v5,5.0,0.0,0.005,3,family_a_W3,2.0577351155610635e-05,-2.0572967436186857e-05,101
circle_r15_v5,5.0,0.0,0.005,3,family_a_W5,0.00015647448887608003,-0.00015645184867783991,101
circle_r15_v5,5.0,0.0,0.005,3,family_a_W7,0.0005703447715110373,-0.0005699671597197914,101
circle_r15_v5,5.0,0.0,0.005,3,family_a_midspan_W5,0.0003170393158120637,0.00031699786270264577,101
circle_r15_v5,5.0,0.0,0.005,4,forward,0.0009302144666921568,-0.000927384683699886,101
circle_r15_v5,5.0,0.0,0.005,4,central,0.0037077389493643527,-0.0037058335878297675,101
circle_r15_v5,5.0,0.0,0.005,4,cubic_global,6.803394825859655e-06,-1.2604178425754333e-06,101
circle_r15_v5,5.0,0.0,0.005,4,smoothing_spline,0.2230006875700938,0.03210032408151714,101
circle_r15_v5,5.0,0.0,0.005,4,savgol_w5p2,0.046032626210741966,-0.02392441637835021,101
circle_r15_v5,5.0,0.0,0.005,4,savgol_w7p3,0.059121554781541255,-0.010927724235154729,101
circle_r15_v5,5.0,0.0,0.005,4,savgol_w9p3,0.04420503001024857,-0.011658252570134454,101
circle_r15_v5,5.0,0.0,0.005,4,savgol_w11p3,0.03520472749884198,-0.01180638696620648,101
circle_r15_v5,5.0,0.0,0.005,4,family_a_W3,2.0577495133811243e-05,-2.0572643728200924e-05,101
circle_r15_v5,5.0,0.0,0.005,4,family_a_W5,0.00015652835067288216,-0.00015650785514252687,101
circle_r15_v5,5.0,0.0,0.005,4,family_a_W7,0.0005705439403042574,-0.0005702133301095246,101
circle_r15_v5,5.0,0.0,0.005,4,family_a_midspan_W5,0.0003170216754280416,0.0003169871573806933,101
circle_r15_v5,5.0,0.01,0.0,0,forward,0.06853972871288182,-0.0005217740846677337,101
circle_r15_v5,5.0,0.01,0.0,0,central,0.033567883277989756,-0.0038007834918114694,101
circle_r15_v5,5.0,0.01,0.0,0,cubic_global,0.055244989308182404,0.0001743569589516367,101
circle_r15_v5,5.0,0.01,0.0,0,smoothing_spline,0.22269948227398628,0.03167501533992149,101
circle_r15_v5,5.0,0.01,0.0,0,savgol_w5p2,0.01991667952579917,-0.01274118378543064,101
circle_r15_v5,5.0,0.01,0.0,0,savgol_w7p3,0.024849904472574475,-0.00034135471235205775,101
circle_r15_v5,5.0,0.01,0.0,0,savgol_w9p3,0.01628244490593903,-7.19334392647237e-05,101
circle_r15_v5,5.0,0.01,0.0,0,savgol_w11p3,0.011442827774260773,-7.748575762049854e-05,101
circle_r15_v5,5.0,0.01,0.0,0,family_a_W3,0.0248499044725754,-0.00034135471236095905,101
circle_r15_v5,5.0,0.01,0.0,0,family_a_W5,0.011442827774260797,-7.74857576263937e-05,101
circle_r15_v5,5.0,0.01,0.0,0,family_a_W7,0.006429045306403629,-0.00034909552987615224,101
circle_r15_v5,5.0,0.01,0.0,0,family_a_midspan_W5,0.00629345760598075,0.0003425034955882439,101
circle_r15_v5,5.0,0.01,0.0,1,forward,0.066642291458204,7.564247132045306e-05,101
circle_r15_v5,5.0,0.01,0.0,1,central,0.034780635971499316,-0.0030066595712300876,101
circle_r15_v5,5.0,0.01,0.0,1,cubic_global,0.056801617112432506,0.0011844768361275776,101
circle_r15_v5,5.0,0.01,0.0,1,smoothing_spline,0.22285783327254238,0.03191311907308004,101
circle_r15_v5,5.0,0.01,0.0,1,savgol_w5p2,0.01949847244105091,-0.012423962995583383,101
circle_r15_v5,5.0,0.01,0.0,1,savgol_w7p3,0.02536315479585727,0.00048108067422779143,101
circle_r15_v5,5.0,0.01,0.0,1,savgol_w9p3,0.016146471416039445,4.392351123056342e-05,101
circle_r15_v5,5.0,0.01,0.0,1,savgol_w11p3,0.010402495575287113,-0.0003254710434265197,101
circle_r15_v5,5.0,0.01,0.0,1,family_a_W3,0.025363154795859457,0.00048108067421859734,101
circle_r15_v5,5.0,0.01,0.0,1,family_a_W5,0.010402495575286677,-0.0003254710434326198,101
circle_r15_v5,5.0,0.01,0.0,1,family_a_W7,0.006141573382847248,-0.000887628186070067,101
circle_r15_v5,5.0,0.01,0.0,1,family_a_midspan_W5,0.00586876946046127,0.00022955478945159075,101
circle_r15_v5,5.0,0.01,0.0,2,forward,0.07146955122661838,-0.0010435640693666197,101
circle_r15_v5,5.0,0.01,0.0,2,central,0.035171167795354265,-0.004337019461291656,101
circle_r15_v5,5.0,0.01,0.0,2,cubic_global,0.055674234257026375,-0.0009327868046145293,101
circle_r15_v5,5.0,0.01,0.0,2,smoothing_spline,0.2226359687654097,0.03175431504098819,101
circle_r15_v5,5.0,0.01,0.0,2,savgol_w5p2,0.020316759805512393,-0.012740755484833454,101
circle_r15_v5,5.0,0.01,0.0,2,savgol_w7p3,0.02680478756070651,-0.0001514390826454709,101
circle_r15_v5,5.0,0.01,0.0,2,savgol_w9p3,0.016852178726887854,-0.00033816560949245485,101
circle_r15_v5,5.0,0.01,0.0,2,savgol_w11p3,0.011726390688906319,-0.0004278834217749435,101
circle_r15_v5,5.0,0.01,0.0,2,family_a_W3,0.026804787560705732,-0.00015143908265470406,101
circle_r15_v5,5.0,0.01,0.0,2,family_a_W5,0.011726390688906489,-0.0004278834217809753,101
circle_r15_v5,5.0,0.01,0.0,2,family_a_W7,0.007341628775875529,-0.0009620595014757563,101
circle_r15_v5,5.0,0.01,0.0,2,family_a_midspan_W5,0.005675223201098061,9.47283839964506e-05,101
circle_r15_v5,5.0,0.01,0.0,3,forward,0.07954336261163403,-2.495272242393868e-05,101
circle_r15_v5,5.0,0.01,0.0,3,central,0.03595363678172159,-0.0034154162789160015,101
circle_r15_v5,5.0,0.01,0.0,3,cubic_global,0.059380970409950024,0.000701274149752708,101
circle_r15_v5,5.0,0.01,0.0,3,smoothing_spline,0.22273992633614723,0.03191342940505327,101
circle_r15_v5,5.0,0.01,0.0,3,savgol_w5p2,0.019947521944394322,-0.012667977738682485,101
circle_r15_v5,5.0,0.01,0.0,3,savgol_w7p3,0.025559013486924947,6.349343804931898e-05,101
circle_r15_v5,5.0,0.01,0.0,3,savgol_w9p3,0.016701288401065648,-7.421137661981456e-05,101
circle_r15_v5,5.0,0.01,0.0,3,savgol_w11p3,0.012217667208065094,-0.0003166477299752239,101
circle_r15_v5,5.0,0.01,0.0,3,family_a_W3,0.025559013486925526,6.349343804016391e-05,101
circle_r15_v5,5.0,0.01,0.0,3,family_a_W5,0.012217667208064966,-0.0003166477299817047,101
circle_r15_v5,5.0,0.01,0.0,3,family_a_W7,0.006183387860212688,-0.0008930584416645465,101
circle_r15_v5,5.0,0.01,0.0,3,family_a_midspan_W5,0.0069541167850036495,-2.395548453131353e-05,101
circle_r15_v5,5.0,0.01,0.0,4,forward,0.073586265177591,0.0006781455680157394,101
circle_r15_v5,5.0,0.01,0.0,4,central,0.030966740347774892,-0.003084839908266147,101
circle_r15_v5,5.0,0.01,0.0,4,cubic_global,0.05684735977062965,0.0011445940147549664,101
circle_r15_v5,5.0,0.01,0.0,4,smoothing_spline,0.22289525064968527,0.03190172152426606,101
circle_r15_v5,5.0,0.01,0.0,4,savgol_w5p2,0.018890686635952253,-0.012401750689567587,101
circle_r15_v5,5.0,0.01,0.0,4,savgol_w7p3,0.021422549843128025,0.00030322204234658334,101
circle_r15_v5,5.0,0.01,0.0,4,savgol_w9p3,0.014854801724007952,0.0002867997278978909,101
circle_r15_v5,5.0,0.01,0.0,4,savgol_w11p3,0.011196522755395061,-3.095364060793323e-05,101
circle_r15_v5,5.0,0.01,0.0,4,family_a_W3,0.02142254984312966,0.00030322204233687193,101
circle_r15_v5,5.0,0.01,0.0,4,family_a_W5,0.011196522755394471,-3.095364061387719e-05,101
circle_r15_v5,5.0,0.01,0.0,4,family_a_W7,0.007162371243406515,-0.0005458248297690874,101
circle_r15_v5,5.0,0.01,0.0,4,family_a_midspan_W5,0.005519243517778753,0.00013441916230785253,101
circle_r15_v5,5.0,0.01,0.005,0,forward,0.07300826722674546,-0.00020761907702482318,101
circle_r15_v5,5.0,0.01,0.005,0,central,0.03597429398963492,-0.0034398371702241003,101
circle_r15_v5,5.0,0.01,0.005,0,cubic_global,0.061821216385982466,0.00036232656920630736,101
circle_r15_v5,5.0,0.01,0.005,0,smoothing_spline,0.22219060382039793,0.03206155372849655,101
circle_r15_v5,5.0,0.01,0.005,0,savgol_w5p2,0.04543785388028234,-0.017426436724304422,101
circle_r15_v5,5.0,0.01,0.005,0,savgol_w7p3,0.0687683237417944,-0.004112083186933433,101
circle_r15_v5,5.0,0.01,0.005,0,savgol_w9p3,0.04449305259627118,-0.005038287192453841,101
circle_r15_v5,5.0,0.01,0.005,0,savgol_w11p3,0.03229291407921054,-0.005949072341955907,101
circle_r15_v5,5.0,0.01,0.005,0,family_a_W3,0.024365570063261368,0.0004052768677485771,101
circle_r15_v5,5.0,0.01,0.005,0,family_a_W5,0.011880147287797951,0.00011642696165456648,101
circle_r15_v5,5.0,0.01,0.005,0,family_a_W7,0.008009554332397344,-0.0004599468601882965,101
circle_r15_v5,5.0,0.01,0.005,0,family_a_midspan_W5,0.007090652436268957,0.0005095805876430414,101
circle_r15_v5,5.0,0.01,0.005,1,forward,0.06782726306282078,0.00016610700061610688,101
circle_r15_v5,5.0,0.01,0.005,1,central,0.036428857308092616,-0.002961809706346954,101
circle_r15_v5,5.0,0.01,0.005,1,cubic_global,0.062285811854742114,0.0019795825568875614,101
circle_r15_v5,5.0,0.01,0.005,1,smoothing_spline,0.22305098531539305,0.03211084460590849,101
circle_r15_v5,5.0,0.01,0.005,1,savgol_w5p2,0.03516055160369235,-0.005691092626443444,101
circle_r15_v5,5.0,0.01,0.005,1,savgol_w7p3,0.059233337036749184,0.006596823407009016,101
circle_r15_v5,5.0,0.01,0.005,1,savgol_w9p3,0.03696132130602098,0.006807696976354008,101
circle_r15_v5,5.0,0.01,0.005,1,savgol_w11p3,0.02443746589078613,0.0066622379473383645,101
circle_r15_v5,5.0,0.01,0.005,1,family_a_W3,0.024465217170144528,0.00021556876491761573,101
circle_r15_v5,5.0,0.01,0.005,1,family_a_W5,0.009466564315577611,6.303664617634243e-05,101
circle_r15_v5,5.0,0.01,0.005,1,family_a_W7,0.006068046063494634,-0.0003980366620850586,101
circle_r15_v5,5.0,0.01,0.005,1,family_a_midspan_W5,0.0057515215817294085,0.0004061056236002145,101
circle_r15_v5,5.0,0.01,0.005,2,forward,0.07200554990644986,0.0011378552396216395,101
circle_r15_v5,5.0,0.01,0.005,2,central,0.035037921162858254,-0.0025003003402096794,101
circle_r15_v5,5.0,0.01,0.005,2,cubic_global,0.05747675220702216,0.0020598757357902717,101
circle_r15_v5,5.0,0.01,0.005,2,smoothing_spline,0.22287466588445098,0.03264157558079325,101
circle_r15_v5,5.0,0.01,0.005,2,savgol_w5p2,0.04035022052091089,0.0021803560803855364,101
circle_r15_v5,5.0,0.01,0.005,2,savgol_w7p3,0.06820051608756884,0.014582516871639134,101
circle_r15_v5,5.0,0.01,0.005,2,savgol_w9p3,0.044719702363565594,0.01458834481210184,101
circle_r15_v5,5.0,0.01,0.005,2,savgol_w11p3,0.03356375468942404,0.014657212542866697,101
circle_r15_v5,5.0,0.01,0.005,2,family_a_W3,0.027285441180739282,0.0009420805624090865,101
circle_r15_v5,5.0,0.01,0.005,2,family_a_W5,0.013333713648984094,0.0006106902964983891,101
circle_r15_v5,5.0,0.01,0.005,2,family_a_W7,0.008151376524906035,0.00019544943016920873,101
circle_r15_v5,5.0,0.01,0.005,2,family_a_midspan_W5,0.007077244768323359,0.0011094832634463859,101
circle_r15_v5,5.0,0.01,0.005,3,forward,0.07188068258741308,-0.002088647307808309,101
circle_r15_v5,5.0,0.01,0.005,3,central,0.0338503848575234,-0.004211976408295068,101
circle_r15_v5,5.0,0.01,0.005,3,cubic_global,0.055164333107220395,8.280686364734227e-05,101
circle_r15_v5,5.0,0.01,0.005,3,smoothing_spline,0.22285745608457386,0.03154077906055586,101
circle_r15_v5,5.0,0.01,0.005,3,savgol_w5p2,0.037455116883623935,-0.007976725397329711,101
circle_r15_v5,5.0,0.01,0.005,3,savgol_w7p3,0.06244749152376493,0.004157612233230269,101
circle_r15_v5,5.0,0.01,0.005,3,savgol_w9p3,0.03892904871828187,0.004216288958799855,101
circle_r15_v5,5.0,0.01,0.005,3,savgol_w11p3,0.02702457222796593,0.005238334570275138,101
circle_r15_v5,5.0,0.01,0.005,3,family_a_W3,0.025680265847289913,-0.0008414883103394277,101
circle_r15_v5,5.0,0.01,0.005,3,family_a_W5,0.011134254901532619,-0.0007294568530223738,101
circle_r15_v5,5.0,0.01,0.005,3,family_a_W7,0.0062242337720119665,-0.0010557996370227057,101
circle_r15_v5,5.0,0.01,0.005,3,family_a_midspan_W5,0.00682647356932527,-8.639300997118102e-05,101
circle_r15_v5,5.0,0.01,0.005,4,forward,0.06993577062150977,-0.0022052801368180677,101
circle_r15_v5,5.0,0.01,0.005,4,central,0.03634695467816299,-0.00428057014619973,101
circle_r15_v5,5.0,0.01,0.005,4,cubic_global,0.05781521675643911,-0.0012150767108315749,101
circle_r15_v5,5.0,0.01,0.005,4,smoothing_spline,0.22302467031968698,0.032166873041848655,101
circle_r15_v5,5.0,0.01,0.005,4,savgol_w5p2,0.04804249827434862,-0.023795271327576518,101
circle_r15_v5,5.0,0.01,0.005,4,savgol_w7p3,0.06274124511701804,-0.010949061978421017,101
circle_r15_v5,5.0,0.01,0.005,4,savgol_w9p3,0.04745907780373146,-0.011637640816587535,101
circle_r15_v5,5.0,0.01,0.005,4,savgol_w11p3,0.03649366585210043,-0.011613976137262443,101
circle_r15_v5,5.0,0.01,0.005,4,family_a_W3,0.027952285682025627,-6.113110995841232e-05,101
circle_r15_v5,5.0,0.01,0.005,4,family_a_W5,0.014215620579403607,1.3074563354945088e-05,101
circle_r15_v5,5.0,0.01,0.005,4,family_a_W7,0.008881360800339107,-0.0003402962011704259,101
circle_r15_v5,5.0,0.01,0.005,4,family_a_midspan_W5,0.007144000821233456,0.00048403562771008585,101
circle_r15_v5,5.0,0.05,0.0,0,forward,0.34309122473927156,0.010109540825250285,101
circle_r15_v5,5.0,0.05,0.0,0,central,0.16670699615378984,-0.002158476952356322,101
circle_r15_v5,5.0,0.05,0.0,0,cubic_global,0.2757151938667759,0.006543905957012996,101
circle_r15_v5,5.0,0.05,0.0,0,smoothing_spline,0.22210568681908793,0.030433588423059148,101
circle_r15_v5,5.0,0.05,0.0,0,savgol_w5p2,0.07763504630710354,-0.012935695994018998,101
circle_r15_v5,5.0,0.05,0.0,0,savgol_w7p3,0.12433329786447885,-0.0005202472216490916,101
circle_r15_v5,5.0,0.05,0.0,0,savgol_w9p3,0.08137191521618094,0.00037477251537971573,101
circle_r15_v5,5.0,0.05,0.0,0,savgol_w11p3,0.05714160843583828,0.0005484221958523449,101
circle_r15_v5,5.0,0.05,0.0,0,family_a_W3,0.1243332978644802,-0.0005202472216581881,101
circle_r15_v5,5.0,0.05,0.0,0,family_a_W5,0.05714160843583827,0.0005484221958460008,101
circle_r15_v5,5.0,0.05,0.0,0,family_a_W7,0.03209892051397833,0.0006942360504956914,101
circle_r15_v5,5.0,0.05,0.0,0,family_a_midspan_W5,0.031454173591295036,0.0010557648628619339,101
circle_r15_v5,5.0,0.05,0.0,1,forward,0.33626129324214415,0.013764280392538445,101
circle_r15_v5,5.0,0.05,0.0,1,central,0.17305490200511112,0.002788734123053488,101
circle_r15_v5,5.0,0.05,0.0,1,cubic_global,0.28326797434242357,0.014111328184439035,101
circle_r15_v5,5.0,0.05,0.0,1,smoothing_spline,0.2228902595784575,0.03162396261484578,101
circle_r15_v5,5.0,0.05,0.0,1,savgol_w5p2,0.0760015144737361,-0.011424544172009514,101
circle_r15_v5,5.0,0.05,0.0,1,savgol_w7p3,0.12684947599845747,0.003780624327174947,101
circle_r15_v5,5.0,0.05,0.0,1,savgol_w9p3,0.08067041496887499,0.00086133780994558,101
circle_r15_v5,5.0,0.05,0.0,1,savgol_w11p3,0.051969402313880794,-0.0008257967296030344,101
circle_r15_v5,5.0,0.05,0.0,1,family_a_W3,0.12684947599845908,0.003780624327165382,101
circle_r15_v5,5.0,0.05,0.0,1,family_a_W5,0.05196940231388083,-0.000825796729608871,101
circle_r15_v5,5.0,0.05,0.0,1,family_a_W7,0.030446938437810413,-0.0020763339286716137,101
circle_r15_v5,5.0,0.05,0.0,1,family_a_midspan_W5,0.029211678259402466,0.00036576846766965223,101
circle_r15_v5,5.0,0.05,0.0,2,forward,0.35811814999128994,0.00785594803829297,101
circle_r15_v5,5.0,0.05,0.0,2,central,0.17427498692894594,-0.004767307799424241,101
circle_r15_v5,5.0,0.05,0.0,2,cubic_global,0.2768723208380476,0.0020549087815823026,101
circle_r15_v5,5.0,0.05,0.0,2,smoothing_spline,0.2217629484973306,0.03082961955861054,101
circle_r15_v5,5.0,0.05,0.0,2,savgol_w5p2,0.08011315791620616,-0.012960622736289914,101
circle_r15_v5,5.0,0.05,0.0,2,savgol_w7p3,0.13388834566312335,0.00032062997193914967,101
circle_r15_v5,5.0,0.05,0.0,2,savgol_w9p3,0.08423703863935893,-0.0009477140147597392,101
circle_r15_v5,5.0,0.05,0.0,2,savgol_w11p3,0.05863365378165234,-0.0012679724461912055,101
circle_r15_v5,5.0,0.05,0.0,2,family_a_W3,0.1338883456631228,0.00032062997193076564,101
circle_r15_v5,5.0,0.05,0.0,2,family_a_W5,0.05863365378165246,-0.0012679724461971981,101
circle_r15_v5,5.0,0.05,0.0,2,family_a_W7,0.03647985053599677,-0.0024498560755712977,101
circle_r15_v5,5.0,0.05,0.0,2,family_a_midspan_W5,0.028275821821651927,-0.00019237945429978291,101
circle_r15_v5,5.0,0.05,0.0,3,forward,0.39707547039674473,0.013124697297590644,101
circle_r15_v5,5.0,0.05,0.0,3,central,0.17896522917744068,0.00038598643916969996,101
circle_r15_v5,5.0,0.05,0.0,3,cubic_global,0.29765803681128994,0.010346243933670238,101
circle_r15_v5,5.0,0.05,0.0,3,smoothing_spline,0.2222732370642312,0.031624343896047395,101
circle_r15_v5,5.0,0.05,0.0,3,savgol_w5p2,0.07798158713733,-0.012399923013257316,101
circle_r15_v5,5.0,0.05,0.0,3,savgol_w7p3,0.1275365285569154,0.0020124639340718896,101
circle_r15_v5,5.0,0.05,0.0,3,savgol_w9p3,0.08357940429899481,0.0006070849269196992,101
circle_r15_v5,5.0,0.05,0.0,3,savgol_w11p3,0.06106389070866496,-0.0005979038938202245,101
circle_r15_v5,5.0,0.05,0.0,3,family_a_W3,0.1275365285569157,0.002012463934062413,101
circle_r15_v5,5.0,0.05,0.0,3,family_a_W5,0.06106389070866478,-0.0005979038938262954,101
circle_r15_v5,5.0,0.05,0.0,3,family_a_W7,0.03065300718247544,-0.0020495898271695153,101
circle_r15_v5,5.0,0.05,0.0,3,family_a_midspan_W5,0.03470341519053304,-0.0005885512250819885,101
circle_r15_v5,5.0,0.05,0.0,4,forward,0.3694030021858461,0.01854184090677049,101
circle_r15_v5,5.0,0.05,0.0,4,central,0.15377978411319362,0.0023967523614547253,101
circle_r15_v5,5.0,0.05,0.0,4,cubic_global,0.2831773048979107,0.013961312080440078,101
circle_r15_v5,5.0,0.05,0.0,4,smoothing_spline,0.2230557044709609,0.03156679595437352,101
circle_r15_v5,5.0,0.05,0.0,4,savgol_w5p2,0.07218894681986038,-0.011100890884345132,101
circle_r15_v5,5.0,0.05,0.0,4,savgol_w7p3,0.10725297592777978,0.0030781295241795402,101
circle_r15_v5,5.0,0.05,0.0,4,savgol_w9p3,0.07438788268881312,0.002382915789401315,101
circle_r15_v5,5.0,0.05,0.0,4,savgol_w11p3,0.05598945321888445,0.0008692927930756956,101
circle_r15_v5,5.0,0.05,0.0,4,family_a_W3,0.10725297592778085,0.0030781295241708827,101
circle_r15_v5,5.0,0.05,0.0,4,family_a_W5,0.05598945321888377,0.0008692927930698103,101
circle_r15_v5,5.0,0.05,0.0,4,family_a_W7,0.035698657712483206,-0.00027457835747723123,101
circle_r15_v5,5.0,0.05,0.0,4,family_a_midspan_W5,0.027468194780813377,0.0002529262588135903,101
circle_r15_v5,5.0,0.05,0.005,0,forward,0.36542917773301276,0.014316970741039147,101
circle_r15_v5,5.0,0.05,0.005,0,central,0.17876653253769434,0.0006965232467907803,101
circle_r15_v5,5.0,0.05,0.005,0,cubic_global,0.30837638752144114,0.00990315756191333,101
circle_r15_v5,5.0,0.05,0.005,0,smoothing_spline,0.22124027065244664,0.03281177857403622,101
circle_r15_v5,5.0,0.05,0.005,0,savgol_w5p2,0.08417659323616684,-0.015352342438259954,101
circle_r15_v5,5.0,0.05,0.005,0,savgol_w7p3,0.13967281905955833,-0.0006966783525172261,101
circle_r15_v5,5.0,0.05,0.005,0,savgol_w9p3,0.08718207039536079,-0.0027494071690947583,101
circle_r15_v5,5.0,0.05,0.005,0,savgol_w11p3,0.065562715227775,-0.00457795686156166,101
circle_r15_v5,5.0,0.05,0.005,0,family_a_W3,0.12184410526979945,0.0038091613945260175,101
circle_r15_v5,5.0,0.05,0.005,0,family_a_W5,0.059410035213754646,0.0015989738721138755,101
circle_r15_v5,5.0,0.05,0.005,0,family_a_W7,0.03992900442697386,9.739275016318693e-05,101
circle_r15_v5,5.0,0.05,0.005,0,family_a_midspan_W5,0.035326158581293746,0.0021941747400049004,101
circle_r15_v5,5.0,0.05,0.005,1,forward,0.3397244707630014,0.017068975089731073,101
circle_r15_v5,5.0,0.05,0.005,1,central,0.18108352419670626,0.0025738579601167874,101
circle_r15_v5,5.0,0.05,0.005,1,cubic_global,0.3109845861474099,0.01866065429549051,101
circle_r15_v5,5.0,0.05,0.005,1,smoothing_spline,0.2247516681222237,0.03290164990604811,101
circle_r15_v5,5.0,0.05,0.005,1,savgol_w5p2,0.07333721376185978,-0.004415593887804254,101
circle_r15_v5,5.0,0.05,0.005,1,savgol_w7p3,0.1273412908812054,0.008643236601440655,101
circle_r15_v5,5.0,0.05,0.005,1,savgol_w9p3,0.07751632407975426,0.00845944728171881,101
circle_r15_v5,5.0,0.05,0.005,1,savgol_w11p3,0.05012962090357897,0.007658359433829619,101
circle_r15_v5,5.0,0.05,0.005,1,family_a_W3,0.12238410883974428,0.0020624089422834877,101
circle_r15_v5,5.0,0.05,0.005,1,family_a_W5,0.047359497587164644,0.0010825488998132556,101
circle_r15_v5,5.0,0.05,0.005,1,family_a_W7,0.030284943711022548,0.00032805090156347565,101
circle_r15_v5,5.0,0.05,0.005,1,family_a_midspan_W5,0.02862730336085817,0.0011897065177991653,101
circle_r15_v5,5.0,0.05,0.005,2,forward,0.35967888311902657,0.02051045703662368,101
circle_r15_v5,5.0,0.05,0.005,2,central,0.174490817138283,0.004979141953659741,101
circle_r15_v5,5.0,0.05,0.005,2,cubic_global,0.287274809473065,0.018150650280302428,101
circle_r15_v5,5.0,0.05,0.005,2,smoothing_spline,0.22374690202432881,0.035447836964138585,101
circle_r15_v5,5.0,0.05,0.005,2,savgol_w5p2,0.09026168475694865,0.005935350520904662,101
circle_r15_v5,5.0,0.05,0.005,2,savgol_w7p3,0.1441582671756272,0.019480019697961693,101
circle_r15_v5,5.0,0.05,0.005,2,savgol_w9p3,0.09982969335444719,0.018400944229345656,101
circle_r15_v5,5.0,0.05,0.005,2,savgol_w11p3,0.07155247957801658,0.01808109634890421,101
circle_r15_v5,5.0,0.05,0.005,2,family_a_W3,0.13622046379311362,0.005898681740105233,101
circle_r15_v5,5.0,0.05,0.005,2,family_a_W5,0.0667005460097908,0.00408829849795498,101
circle_r15_v5,5.0,0.05,0.005,2,family_a_W7,0.04089374315262406,0.0034609942924642397,101
circle_r15_v5,5.0,0.05,0.005,2,family_a_midspan_W5,0.035268116708509906,0.005067869896786395,101
circle_r15_v5,5.0,0.05,0.005,3,forward,0.3592622455194469,0.0028484446027570213,101
circle_r15_v5,5.0,0.05,0.005,3,central,0.1677727429598749,-0.00383020518490931,101
circle_r15_v5,5.0,0.05,0.005,3,cubic_global,0.27564795624391675,0.007202764502563559,101
circle_r15_v5,5.0,0.05,0.005,3,smoothing_spline,0.222549012756513,0.029448421913570135,101
circle_r15_v5,5.0,0.05,0.005,3,savgol_w5p2,0.07576683621647642,-0.0101067119644478,101
circle_r15_v5,5.0,0.05,0.005,3,savgol_w7p3,0.1233117841583976,0.0024949472780916022,101
circle_r15_v5,5.0,0.05,0.005,3,savgol_w9p3,0.08014242145174927,0.0019442956145779783,101
circle_r15_v5,5.0,0.05,0.005,3,savgol_w11p3,0.053323532148776026,0.003331927568760818,101
circle_r15_v5,5.0,0.05,0.005,3,family_a_W3,0.12832740016182786,-0.002811707979167901,101
circle_r15_v5,5.0,0.05,0.005,3,family_a_W5,0.05562133383012528,-0.0026631891400050634,101
circle_r15_v5,5.0,0.05,0.005,3,family_a_W7,0.03082908218379664,-0.0028908849171253867,101
circle_r15_v5,5.0,0.05,0.005,3,family_a_midspan_W5,0.034216147871624046,-0.0009411143737035558,101
circle_r15_v5,5.0,0.05,0.005,4,forward,0.3498231445893716,0.0024284163403649668,101
circle_r15_v5,5.0,0.05,0.005,4,central,0.1801917513223227,-0.004348989638885084,101
circle_r15_v5,5.0,0.05,0.005,4,cubic_global,0.2883416570615818,0.0012655139632322017,101
circle_r15_v5,5.0,0.05,0.005,4,smoothing_spline,0.22314178192908693,0.032433448578166,101
circle_r15_v5,5.0,0.05,0.005,4,savgol_w5p2,0.09584104779683479,-0.02285830939369257,101
circle_r15_v5,5.0,0.05,0.005,4,savgol_w7p3,0.1457986597522507,-0.010015479633176545,101
circle_r15_v5,5.0,0.05,0.005,4,savgol_w9p3,0.10288529954775917,-0.011070084876643236,101
circle_r15_v5,5.0,0.05,0.005,4,savgol_w11p3,0.07561632360994018,-0.010590237954240123,101
circle_r15_v5,5.0,0.05,0.005,4,family_a_W3,0.13965223141957583,0.0007854378620298882,101
circle_r15_v5,5.0,0.05,0.005,4,family_a_W5,0.07108705350071794,0.0009441633753269542,101
circle_r15_v5,5.0,0.05,0.005,4,family_a_W7,0.04438304804425797,0.0006625337247066835,101
circle_r15_v5,5.0,0.05,0.005,4,family_a_midspan_W5,0.03561584229747945,0.001728035562426606,101
circle_r15_v5,5.0,0.2,0.0,0,forward,1.3650777698552066,0.18051995083288017,101
circle_r15_v5,5.0,0.2,0.0,0,central,0.6643909024089062,0.033272426701237735,101
circle_r15_v5,5.0,0.2,0.0,0,cubic_global,1.0890223227654183,0.11413372845432113,101
circle_r15_v5,5.0,0.2,0.0,0,smoothing_spline,0.22055989445847843,0.025808253691747395,101
circle_r15_v5,5.0,0.2,0.0,0,savgol_w5p2,0.30626659107396287,-0.007358560316078795,101
circle_r15_v5,5.0,0.2,0.0,0,savgol_w7p3,0.4981638904313864,0.014471409334357851,101
circle_r15_v5,5.0,0.2,0.0,0,savgol_w9p3,0.32478027100637336,0.008836467793689502,101
circle_r15_v5,5.0,0.2,0.0,0,savgol_w11p3,0.22747158759878872,0.007367662820541001,101
circle_r15_v5,5.0,0.2,0.0,0,family_a_W3,0.4981638904313877,0.014471409334347105,101
circle_r15_v5,5.0,0.2,0.0,0,family_a_W5,0.227471587598788,0.007367662820534863,101
circle_r15_v5,5.0,0.2,0.0,0,family_a_W7,0.12847877371833144,0.0068900357854812955,101
circle_r15_v5,5.0,0.2,0.0,0,family_a_midspan_W5,0.12617507889718207,0.012459091953533619,101
circle_r15_v5,5.0,0.2,0.0,1,forward,1.3783987454462865,0.19460705884759383,101
circle_r15_v5,5.0,0.2,0.0,1,central,0.6927923925845278,0.06733174183597024,101
circle_r15_v5,5.0,0.2,0.0,1,cubic_global,1.1273700819274546,0.18036984690312058,101
circle_r15_v5,5.0,0.2,0.0,1,smoothing_spline,0.2235815647146102,0.030567570326706317,101
circle_r15_v5,5.0,0.2,0.0,1,savgol_w5p2,0.3003751350622125,-0.0024340503178421112,101
circle_r15_v5,5.0,0.2,0.0,1,savgol_w7p3,0.5078735383282704,0.03453603797743679,101
circle_r15_v5,5.0,0.2,0.0,1,savgol_w9p3,0.32155818220496285,0.009417285943517113,101
circle_r15_v5,5.0,0.2,0.0,1,savgol_w11p3,0.20741271017276372,-0.00017307810749872104,101
circle_r15_v5,5.0,0.2,0.0,1,family_a_W3,0.5078735383282706,0.03453603797742691,101
circle_r15_v5,5.0,0.2,0.0,1,family_a_W5,0.2074127101727628,-0.00017307810750460644,101
circle_r15_v5,5.0,0.2,0.0,1,family_a_W7,0.12137907752394472,-0.005352667183117077,101
circle_r15_v5,5.0,0.2,0.0,1,family_a_midspan_W5,0.1152871997319546,0.007905976130645835,101
circle_r15_v5,5.0,0.2,0.0,2,forward,1.4327309068779186,0.17485170543649672,101
circle_r15_v5,5.0,0.2,0.0,2,central,0.6913554832262176,0.024343105251888406,101
circle_r15_v5,5.0,0.2,0.0,2,cubic_global,1.087661935349311,0.11303247784539155,101
circle_r15_v5,5.0,0.2,0.0,2,smoothing_spline,0.21880720969948556,0.027385462514044768,101
circle_r15_v5,5.0,0.2,0.0,2,savgol_w5p2,0.3150787060678495,-0.007789808580630387,101
circle_r15_v5,5.0,0.2,0.0,2,savgol_w7p3,0.5329393197708303,0.016549264751070266,101
circle_r15_v5,5.0,0.2,0.0,2,savgol_w9p3,0.3366332679912669,0.0036526100280884106,101
circle_r15_v5,5.0,0.2,0.0,2,savgol_w11p3,0.23483321219896505,-0.000925406800597624,101
circle_r15_v5,5.0,0.2,0.0,2,family_a_W3,0.5329393197708281,0.016549264751062213,101
circle_r15_v5,5.0,0.2,0.0,2,family_a_W5,0.2348332121989649,-0.0009254068006044464,101
circle_r15_v5,5.0,0.2,0.0,2,family_a_W7,0.14556227404318264,-0.00686699272988081,101
circle_r15_v5,5.0,0.2,0.0,2,family_a_midspan_W5,0.11176260902496812,0.007403041478087953,101
circle_r15_v5,5.0,0.2,0.0,3,forward,1.5428795079300228,0.2125403922144643,101
circle_r15_v5,5.0,0.2,0.0,3,central,0.7179522218630197,0.0521176472371668,101
circle_r15_v5,5.0,0.2,0.0,3,cubic_global,1.2002103462776414,0.14175488771770953,101
circle_r15_v5,5.0,0.2,0.0,3,smoothing_spline,0.2207033631981173,0.03055157271721947,101
circle_r15_v5,5.0,0.2,0.0,3,savgol_w5p2,0.3072552099663344,-0.002636740142015444,101
circle_r15_v5,5.0,0.2,0.0,3,savgol_w7p3,0.5072984480179021,0.03257568861496192,101
circle_r15_v5,5.0,0.2,0.0,3,savgol_w9p3,0.33547749172407726,0.013303187597009752,101
circle_r15_v5,5.0,0.2,0.0,3,savgol_w11p3,0.24418628014581809,0.0034796624189867157,101
circle_r15_v5,5.0,0.2,0.0,3,family_a_W3,0.5072984480179039,0.03257568861495216,101
circle_r15_v5,5.0,0.2,0.0,3,family_a_W5,0.24418628014581722,0.003479662418980762,101
circle_r15_v5,5.0,0.2,0.0,3,family_a_W7,0.12268222932842983,-0.0044490076925365425,101
circle_r15_v5,5.0,0.2,0.0,3,family_a_midspan_W5,0.13830204742565957,0.008684581475238767,101
circle_r15_v5,5.0,0.2,0.0,4,forward,1.4870781055517004,0.2461832310325922,101
circle_r15_v5,5.0,0.2,0.0,4,central,0.613707841038323,0.06599108787993906,101
circle_r15_v5,5.0,0.2,0.0,4,cubic_global,1.1164085472977092,0.1828337060676328,101
circle_r15_v5,5.0,0.2,0.0,4,smoothing_spline,0.22391767711335767,0.030336268115960335,101
circle_r15_v5,5.0,0.2,0.0,4,savgol_w5p2,0.2865119074333643,0.001964573254773993,101
circle_r15_v5,5.0,0.2,0.0,4,savgol_w7p3,0.4316743193213464,0.034353626694656574,101
circle_r15_v5,5.0,0.2,0.0,4,savgol_w9p3,0.2992505802902616,0.019945850669362553,101
circle_r15_v5,5.0,0.2,0.0,4,savgol_w11p3,0.22404793135430454,0.009923046914862163,101
circle_r15_v5,5.0,0.2,0.0,4,family_a_W3,0.43167431932134726,0.034353626694648184,101
circle_r15_v5,5.0,0.2,0.0,4,family_a_W5,0.22404793135430323,0.009923046914856385,101
circle_r15_v5,5.0,0.2,0.0,4,family_a_W7,0.14275937083763066,0.0032388648045119685,101
circle_r15_v5,5.0,0.2,0.0,4,family_a_midspan_W5,0.10904818878413437,0.012791294682861465,101
circle_r15_v5,5.0,0.2,0.005,0,forward,1.4400581242945165,0.24114130038607884,101
circle_r15_v5,5.0,0.2,0.005,0,central,0.7106001345832489,0.06061707981941235,101
circle_r15_v5,5.0,0.2,0.005,0,cubic_global,1.219628666457812,0.16418098216525942,101
circle_r15_v5,5.0,0.2,0.005,0,smoothing_spline,0.21910045595522168,0.03565675032486936,101
circle_r15_v5,5.0,0.2,0.005,0,savgol_w5p2,0.2911682098654731,0.0020370381966059595,101
circle_r15_v5,5.0,0.2,0.005,0,savgol_w7p3,0.49558035266443085,0.03631283707808428,101
circle_r15_v5,5.0,0.2,0.005,0,savgol_w9p3,0.30733247511000195,0.017323621735339516,101
circle_r15_v5,5.0,0.2,0.005,0,savgol_w11p3,0.2376372400634458,0.006125364913569998,101
circle_r15_v5,5.0,0.2,0.005,0,family_a_W3,0.4877310885668278,0.0407738441972129,101
circle_r15_v5,5.0,0.2,0.005,0,family_a_W5,0.23757736921105363,0.012736830863427329,101
circle_r15_v5,5.0,0.2,0.005,0,family_a_W7,0.1590545528618963,0.0038775562456905177,101
circle_r15_v5,5.0,0.2,0.005,0,family_a_midspan_W5,0.14102349987800633,0.021601696737320056,101
circle_r15_v5,5.0,0.2,0.005,1,forward,1.3822409340780173,0.252771652660524,101
circle_r15_v5,5.0,0.2,0.005,1,central,0.7198018128137358,0.0607503328496369,101
circle_r15_v5,5.0,0.2,0.005,1,cubic_global,1.2408719467222582,0.2066916665070232,101
circle_r15_v5,5.0,0.2,0.005,1,smoothing_spline,0.2312704928058842,0.03589661340354482,101
circle_r15_v5,5.0,0.2,0.005,1,savgol_w5p2,0.27403301216618503,0.004856274241011349,101
circle_r15_v5,5.0,0.2,0.005,1,savgol_w7p3,0.4874603779413633,0.029170223474346793,101
circle_r15_v5,5.0,0.2,0.005,1,savgol_w9p3,0.2909947449851171,0.019850858024782574,101
circle_r15_v5,5.0,0.2,0.005,1,savgol_w11p3,0.1888957022977997,0.013436219273357398,101
circle_r15_v5,5.0,0.2,0.005,1,family_a_W3,0.4898123348055197,0.021824999653115764,101
circle_r15_v5,5.0,0.2,0.005,1,family_a_W5,0.18968547252347076,0.006920786375185783,101
circle_r15_v5,5.0,0.2,0.005,1,family_a_W7,0.12125255027012598,0.0036141227699884697,101
circle_r15_v5,5.0,0.2,0.005,1,family_a_midspan_W5,0.11358491201877471,0.01037197023960245,101
circle_r15_v5,5.0,0.2,0.005,2,forward,1.425623623891525,0.2552494941602354,101
circle_r15_v5,5.0,0.2,0.005,2,central,0.6944540468369941,0.07168416246890078,101
circle_r15_v5,5.0,0.2,0.005,2,cubic_global,1.1453701444247186,0.19113699460181374,101
circle_r15_v5,5.0,0.2,0.005,2,smoothing_spline,0.22755251010277827,0.045984642218313006,101
circle_r15_v5,5.0,0.2,0.005,2,savgol_w5p2,0.3443958812499967,0.02696769665692127,101
circle_r15_v5,5.0,0.2,0.005,2,savgol_w7p3,0.5392618792840075,0.05388470092955264,101
circle_r15_v5,5.0,0.2,0.005,2,savgol_w9p3,0.38109569819020006,0.0414456423969855,101
circle_r15_v5,5.0,0.2,0.005,2,savgol_w11p3,0.2663427803379077,0.03671505367131509,101
circle_r15_v5,5.0,0.2,0.005,2,family_a_W3,0.5406571695906021,0.040689555634252444,101
circle_r15_v5,5.0,0.2,0.005,2,family_a_W5,0.2666801729133941,0.02297161505507083,101
circle_r15_v5,5.0,0.2,0.005,2,family_a_W7,0.1640916868303968,0.01861700506131542,101
circle_r15_v5,5.0,0.2,0.005,2,family_a_midspan_W5,0.14200323314230087,0.031213286812775444,101
circle_r15_v5,5.0,0.2,0.005,3,forward,1.4189407781629204,0.1630526781445239,101
circle_r15_v5,5.0,0.2,0.005,3,central,0.6669111285793106,0.032534463453069526,101
circle_r15_v5,5.0,0.2,0.005,3,cubic_global,1.0909735113938503,0.13309123634662737,101
circle_r15_v5,5.0,0.2,0.005,3,smoothing_spline,0.2223390931111509,0.021617371439029753,101
circle_r15_v5,5.0,0.2,0.005,3,savgol_w5p2,0.30254558691909067,-0.010497594470247716,101
circle_r15_v5,5.0,0.2,0.005,3,savgol_w7p3,0.49401402081156826,0.015016263130133906,101
circle_r15_v5,5.0,0.2,0.005,3,savgol_w9p3,0.3234475620633557,0.002038272029715097,101
circle_r15_v5,5.0,0.2,0.005,3,savgol_w11p3,0.21376687143786338,0.0012721732162651613,101
circle_r15_v5,5.0,0.2,0.005,3,family_a_W3,0.5116031554977487,0.00868571676582399,101
circle_r15_v5,5.0,0.2,0.005,3,family_a_W5,0.22221819541094792,-0.00479873310009643,101
circle_r15_v5,5.0,0.2,0.005,3,family_a_W7,0.1230280163804367,-0.008226440622749298,101
circle_r15_v5,5.0,0.2,0.005,3,family_a_midspan_W5,0.13754803806175003,0.006569702600711912,101
circle_r15_v5,5.0,0.2,0.005,4,forward,1.3954139153264813,0.15979417809132684,101
circle_r15_v5,5.0,0.2,0.005,4,central,0.7131625290652258,0.02818069321079025,101
circle_r15_v5,5.0,0.2,0.005,4,cubic_global,1.1354550858509964,0.11907608647198693,101
circle_r15_v5,5.0,0.2,0.005,4,smoothing_spline,0.22388201180061473,0.03343850733226183,101
circle_r15_v5,5.0,0.2,0.005,4,savgol_w5p2,0.3483056282629194,-0.013265778355463822,101
circle_r15_v5,5.0,0.2,0.005,4,savgol_w7p3,0.5523621269671851,0.008283698644697163,101
circle_r15_v5,5.0,0.2,0.005,4,savgol_w9p3,0.37890015536163046,-0.002027697272441725,101
circle_r15_v5,5.0,0.2,0.005,4,savgol_w11p3,0.2816413199358472,-0.0031226594430388693,101
circle_r15_v5,5.0,0.2,0.005,4,family_a_W3,0.555957650963621,0.018621863225436786,101
circle_r15_v5,5.0,0.2,0.005,4,family_a_W5,0.2842073023701331,0.008046097140682473,101
circle_r15_v5,5.0,0.2,0.005,4,family_a_W7,0.1774488109153878,0.005612378597208945,101
circle_r15_v5,5.0,0.2,0.005,4,family_a_midspan_W5,0.14180167772705096,0.01476521665834035,101
circle_r15_v5,10.0,0.0,0.0,0,forward,0.00023147826648209894,-0.00023147826648209894,201
circle_r15_v5,10.0,0.0,0.0,0,central,0.0009258744869577381,-0.0009258744869577381,201
circle_r15_v5,10.0,0.0,0.0,0,cubic_global,3.420051055301437e-08,-3.404165138849164e-08,201
circle_r15_v5,10.0,0.0,0.0,0,smoothing_spline,0.21916385383627077,0.03179205703240061,201
circle_r15_v5,10.0,0.0,0.0,0,savgol_w5p2,0.003147479493792808,-0.003147479493792808,201
circle_r15_v5,10.0,0.0,0.0,0,savgol_w7p3,1.2831323350773855e-06,-1.2831323350773853e-06,201
circle_r15_v5,10.0,0.0,0.0,0,savgol_w9p3,4.089904943722719e-06,-4.089904943722719e-06,201
circle_r15_v5,10.0,0.0,0.0,0,savgol_w11p3,9.798764889803212e-06,-9.79876488980321e-06,201
circle_r15_v5,10.0,0.0,0.0,0,family_a_W3,1.2831323604616227e-06,-1.2831323604616227e-06,201
circle_r15_v5,10.0,0.0,0.0,0,family_a_W5,9.798764916159047e-06,-9.798764916159047e-06,201
circle_r15_v5,10.0,0.0,0.0,0,family_a_W7,3.6066897156315204e-05,-3.6066897156315204e-05,201
circle_r15_v5,10.0,0.0,0.0,0,family_a_midspan_W5,2.0104182090626414e-05,2.010418209062641e-05,201
circle_r15_v5,10.0,0.0,0.0,1,forward,0.00023147826648209894,-0.00023147826648209894,201
circle_r15_v5,10.0,0.0,0.0,1,central,0.0009258744869577381,-0.0009258744869577381,201
circle_r15_v5,10.0,0.0,0.0,1,cubic_global,3.420051055301437e-08,-3.404165138849164e-08,201
circle_r15_v5,10.0,0.0,0.0,1,smoothing_spline,0.21916385383627077,0.03179205703240061,201
circle_r15_v5,10.0,0.0,0.0,1,savgol_w5p2,0.003147479493792808,-0.003147479493792808,201
circle_r15_v5,10.0,0.0,0.0,1,savgol_w7p3,1.2831323350773855e-06,-1.2831323350773853e-06,201
circle_r15_v5,10.0,0.0,0.0,1,savgol_w9p3,4.089904943722719e-06,-4.089904943722719e-06,201
circle_r15_v5,10.0,0.0,0.0,1,savgol_w11p3,9.798764889803212e-06,-9.79876488980321e-06,201
circle_r15_v5,10.0,0.0,0.0,1,family_a_W3,1.2831323604616227e-06,-1.2831323604616227e-06,201
circle_r15_v5,10.0,0.0,0.0,1,family_a_W5,9.798764916159047e-06,-9.798764916159047e-06,201
circle_r15_v5,10.0,0.0,0.0,1,family_a_W7,3.6066897156315204e-05,-3.6066897156315204e-05,201
circle_r15_v5,10.0,0.0,0.0,1,family_a_midspan_W5,2.0104182090626414e-05,2.010418209062641e-05,201
circle_r15_v5,10.0,0.0,0.0,2,forward,0.00023147826648209894,-0.00023147826648209894,201
circle_r15_v5,10.0,0.0,0.0,2,central,0.0009258744869577381,-0.0009258744869577381,201
circle_r15_v5,10.0,0.0,0.0,2,cubic_global,3.420051055301437e-08,-3.404165138849164e-08,201
circle_r15_v5,10.0,0.0,0.0,2,smoothing_spline,0.21916385383627077,0.03179205703240061,201
circle_r15_v5,10.0,0.0,0.0,2,savgol_w5p2,0.003147479493792808,-0.003147479493792808,201
circle_r15_v5,10.0,0.0,0.0,2,savgol_w7p3,1.2831323350773855e-06,-1.2831323350773853e-06,201
circle_r15_v5,10.0,0.0,0.0,2,savgol_w9p3,4.089904943722719e-06,-4.089904943722719e-06,201
circle_r15_v5,10.0,0.0,0.0,2,savgol_w11p3,9.798764889803212e-06,-9.79876488980321e-06,201
circle_r15_v5,10.0,0.0,0.0,2,family_a_W3,1.2831323604616227e-06,-1.2831323604616227e-06,201
circle_r15_v5,10.0,0.0,0.0,2,family_a_W5,9.798764916159047e-06,-9.798764916159047e-06,201
circle_r15_v5,10.0,0.0,0.0,2,family_a_W7,3.6066897156315204e-05,-3.6066897156315204e-05,201
circle_r15_v5,10.0,0.0,0.0,2,family_a_midspan_W5,2.0104182090626414e-05,2.010418209062641e-05,201
circle_r15_v5,10.0,0.0,0.0,3,forward,0.00023147826648209894,-0.00023147826648209894,201
circle_r15_v5,10.0,0.0,0.0,3,central,0.0009258744869577381,-0.0009258744869577381,201
circle_r15_v5,10.0,0.0,0.0,3,cubic_global,3.420051055301437e-08,-3.404165138849164e-08,201
circle_r15_v5,10.0,0.0,0.0,3,smoothing_spline,0.21916385383627077,0.03179205703240061,201
circle_r15_v5,10.0,0.0,0.0,3,savgol_w5p2,0.003147479493792808,-0.003147479493792808,201
circle_r15_v5,10.0,0.0,0.0,3,savgol_w7p3,1.2831323350773855e-06,-1.2831323350773853e-06,201
circle_r15_v5,10.0,0.0,0.0,3,savgol_w9p3,4.089904943722719e-06,-4.089904943722719e-06,201
circle_r15_v5,10.0,0.0,0.0,3,savgol_w11p3,9.798764889803212e-06,-9.79876488980321e-06,201
circle_r15_v5,10.0,0.0,0.0,3,family_a_W3,1.2831323604616227e-06,-1.2831323604616227e-06,201
circle_r15_v5,10.0,0.0,0.0,3,family_a_W5,9.798764916159047e-06,-9.798764916159047e-06,201
circle_r15_v5,10.0,0.0,0.0,3,family_a_W7,3.6066897156315204e-05,-3.6066897156315204e-05,201
circle_r15_v5,10.0,0.0,0.0,3,family_a_midspan_W5,2.0104182090626414e-05,2.010418209062641e-05,201
circle_r15_v5,10.0,0.0,0.0,4,forward,0.00023147826648209894,-0.00023147826648209894,201
circle_r15_v5,10.0,0.0,0.0,4,central,0.0009258744869577381,-0.0009258744869577381,201
circle_r15_v5,10.0,0.0,0.0,4,cubic_global,3.420051055301437e-08,-3.404165138849164e-08,201
circle_r15_v5,10.0,0.0,0.0,4,smoothing_spline,0.21916385383627077,0.03179205703240061,201
circle_r15_v5,10.0,0.0,0.0,4,savgol_w5p2,0.003147479493792808,-0.003147479493792808,201
circle_r15_v5,10.0,0.0,0.0,4,savgol_w7p3,1.2831323350773855e-06,-1.2831323350773853e-06,201
circle_r15_v5,10.0,0.0,0.0,4,savgol_w9p3,4.089904943722719e-06,-4.089904943722719e-06,201
circle_r15_v5,10.0,0.0,0.0,4,savgol_w11p3,9.798764889803212e-06,-9.79876488980321e-06,201
circle_r15_v5,10.0,0.0,0.0,4,family_a_W3,1.2831323604616227e-06,-1.2831323604616227e-06,201
circle_r15_v5,10.0,0.0,0.0,4,family_a_W5,9.798764916159047e-06,-9.798764916159047e-06,201
circle_r15_v5,10.0,0.0,0.0,4,family_a_W7,3.6066897156315204e-05,-3.6066897156315204e-05,201
circle_r15_v5,10.0,0.0,0.0,4,family_a_midspan_W5,2.0104182090626414e-05,2.010418209062641e-05,201
circle_r15_v5,10.0,0.0,0.005,0,forward,0.00023452937883718095,-0.00023243666562017354,201
circle_r15_v5,10.0,0.0,0.005,0,central,0.0009283787362500955,-0.0009264802838703449,201
circle_r15_v5,10.0,0.0,0.005,0,cubic_global,3.8364778708427297e-08,-3.472330979163419e-08,201
circle_r15_v5,10.0,0.0,0.005,0,smoothing_spline,0.21899878143337453,0.031664044225427256,201
circle_r15_v5,10.0,0.0,0.005,0,savgol_w5p2,0.07512968581761452,0.004448058259812437,201
circle_r15_v5,10.0,0.0,0.005,0,savgol_w7p3,0.12062124028587341,0.007157422186887388,201
circle_r15_v5,10.0,0.0,0.005,0,savgol_w9p3,0.0788817168277471,0.007693482470687508,201
circle_r15_v5,10.0,0.0,0.005,0,savgol_w11p3,0.05893610363202691,0.007745842001448271,201
circle_r15_v5,10.0,0.0,0.005,0,family_a_W3,1.2951161759688407e-06,-1.2941425081330372e-06,201
circle_r15_v5,10.0,0.0,0.005,0,family_a_W5,9.833634229378341e-06,-9.829237268515635e-06,201
circle_r15_v5,10.0,0.0,0.005,0,family_a_W7,3.614852807305746e-05,-3.613958547122317e-05,201
circle_r15_v5,10.0,0.0,0.005,0,family_a_midspan_W5,2.0103847847998298e-05,2.009524793990577e-05,201
circle_r15_v5,10.0,0.0,0.005,1,forward,0.00023467377135275415,-0.00023265368056244536,201
circle_r15_v5,10.0,0.0,0.005,1,central,0.0009296280951786863,-0.0009272058958006994,201
circle_r15_v5,10.0,0.0,0.005,1,cubic_global,3.88749720135855e-08,-3.4839870612788875e-08,201
circle_r15_v5,10.0,0.0,0.005,1,smoothing_spline,0.2191091487320287,0.03172027971638822,201
circle_r15_v5,10.0,0.0,0.005,1,savgol_w5p2,0.07091005908327348,0.00418319624516988,201
circle_r15_v5,10.0,0.0,0.005,1,savgol_w7p3,0.1262104874853265,0.00789134276510284,201
circle_r15_v5,10.0,0.0,0.005,1,savgol_w9p3,0.07417642603245579,0.006995452440250667,201
circle_r15_v5,10.0,0.0,0.005,1,savgol_w11p3,0.05055597513251172,0.006907393190432342,201
circle_r15_v5,10.0,0.0,0.005,1,family_a_W3,1.2928314373688436e-06,-1.2919019623264465e-06,201
circle_r15_v5,10.0,0.0,0.005,1,family_a_W5,9.820732423300443e-06,-9.816820077130021e-06,201
circle_r15_v5,10.0,0.0,0.005,1,family_a_W7,3.611444722887373e-05,-3.6106899217961136e-05,201
circle_r15_v5,10.0,0.0,0.005,1,family_a_midspan_W5,2.0080206125727832e-05,2.0072447788128138e-05,201
circle_r15_v5,10.0,0.0,0.005,2,forward,0.00023483049648405748,-0.00023258947676746747,201
circle_r15_v5,10.0,0.0,0.005,2,central,0.0009290549496757355,-0.0009270644810566471,201
circle_r15_v5,10.0,0.0,0.005,2,cubic_global,3.8585280306592636e-08,-3.489124497243558e-08,201
circle_r15_v5,10.0,0.0,0.005,2,smoothing_spline,0.21918333245076038,0.03176143204522127,201
circle_r15_v5,10.0,0.0,0.005,2,savgol_w5p2,0.07774746423510631,0.010240562616023088,201
circle_r15_v5,10.0,0.0,0.005,2,savgol_w7p3,0.12406893684263555,0.013645179917842282,201
circle_r15_v5,10.0,0.0,0.005,2,savgol_w9p3,0.08396559383142606,0.01320459417979053,201
circle_r15_v5,10.0,0.0,0.005,2,savgol_w11p3,0.060785736830501196,0.013173337468912388,201
circle_r15_v5,10.0,0.0,0.005,2,family_a_W3,1.295276883750434e-06,-1.2943382563217206e-06,201
circle_r15_v5,10.0,0.0,0.005,2,family_a_W5,9.829463279113084e-06,-9.82478133091515e-06,201
circle_r15_v5,10.0,0.0,0.005,2,family_a_W7,3.613859841368616e-05,-3.6129495927937604e-05,201
circle_r15_v5,10.0,0.0,0.005,2,family_a_midspan_W5,2.009311800134895e-05,2.0084279918158957e-05,201
circle_r15_v5,10.0,0.0,0.005,3,forward,0.00023509932398306347,-0.0002327689156958514,201
circle_r15_v5,10.0,0.0,0.005,3,central,0.0009285544490540656,-0.0009262318559832483,201
circle_r15_v5,10.0,0.0,0.005,3,cubic_global,3.890609587348821e-08,-3.473682191000743e-08,201
circle_r15_v5,10.0,0.0,0.005,3,smoothing_spline,0.21925845021551624,0.031744049334537464,201
circle_r15_v5,10.0,0.0,0.005,3,savgol_w5p2,0.07954704018506398,-0.003961244567066112,201
circle_r15_v5,10.0,0.0,0.005,3,savgol_w7p3,0.13154316719793357,-0.0012964139318232346,201
circle_r15_v5,10.0,0.0,0.005,3,savgol_w9p3,0.08556120468156676,-0.0011190585917493616,201
circle_r15_v5,10.0,0.0,0.005,3,savgol_w11p3,0.06098908890573584,-0.0006643625111007256,201
circle_r15_v5,10.0,0.0,0.005,3,family_a_W3,1.296539121711261e-06,-1.2954501211171658e-06,201
circle_r15_v5,10.0,0.0,0.005,3,family_a_W5,9.832758827837351e-06,-9.828179655557098e-06,201
circle_r15_v5,10.0,0.0,0.005,3,family_a_W7,3.6147691442536126e-05,-3.613823159135185e-05,201
circle_r15_v5,10.0,0.0,0.005,3,family_a_midspan_W5,2.0095787367282237e-05,2.0085744691949248e-05,201
circle_r15_v5,10.0,0.0,0.005,4,forward,0.000235336915779839,-0.00023277044806754686,201
circle_r15_v5,10.0,0.0,0.005,4,central,0.000928834553661992,-0.0009266125689356041,201
circle_r15_v5,10.0,0.0,0.005,4,cubic_global,3.975570798223738e-08,-3.491468025193527e-08,201
circle_r15_v5,10.0,0.0,0.005,4,smoothing_spline,0.21908801907762165,0.031687197290726825,201
circle_r15_v5,10.0,0.0,0.005,4,savgol_w5p2,0.07746877738612493,-0.0009817676537643089,201
circle_r15_v5,10.0,0.0,0.005,4,savgol_w7p3,0.12041085933827403,0.002092894355378744,201
circle_r15_v5,10.0,0.0,0.005,4,savgol_w9p3,0.08291552523945733,0.0021489287342820146,201
circle_r15_v5,10.0,0.0,0.005,4,savgol_w11p3,0.06213703688105351,0.0019302468757493151,201
circle_r15_v5,10.0,0.0,0.005,4,family_a_W3,1.2946863282624786e-06,-1.2935151941925262e-06,201
circle_r15_v5,10.0,0.0,0.005,4,family_a_W5,9.831627570980486e-06,-9.826838619187364e-06,201
circle_r15_v5,10.0,0.0,0.005,4,family_a_W7,3.613651260149457e-05,-3.612594938100425e-05,201
circle_r15_v5,10.0,0.0,0.005,4,family_a_midspan_W5,2.0083828132431276e-05,2.007524794331996e-05,201
circle_r15_v5,10.0,0.01,0.0,0,forward,0.13320740739749587,0.0003718641765258794,201
circle_r15_v5,10.0,0.01,0.0,0,central,0.06799506948247619,-0.001583068299266367,201
circle_r15_v5,10.0,0.01,0.0,0,cubic_global,0.10983346404284691,0.000178905590147452,201
circle_r15_v5,10.0,0.01,0.0,0,smoothing_spline,0.21897555152191886,0.03153969001895541,201
circle_r15_v5,10.0,0.01,0.0,0,savgol_w5p2,0.02920109294878786,-0.003938911581419695,201
circle_r15_v5,10.0,0.01,0.0,0,savgol_w7p3,0.04848375729264249,-0.0008211642867987567,201
circle_r15_v5,10.0,0.01,0.0,0,savgol_w9p3,0.03130645310435798,-0.000838692181192346,201
circle_r15_v5,10.0,0.01,0.0,0,savgol_w11p3,0.023397205975414906,-0.0007563009683570442,201
circle_r15_v5,10.0,0.01,0.0,0,family_a_W3,0.048483757292641066,-0.0008211642868228308,201
circle_r15_v5,10.0,0.01,0.0,0,family_a_W5,0.02339720597541428,-0.0007563009683837385,201
circle_r15_v5,10.0,0.01,0.0,0,family_a_W7,0.014427745200027152,-0.0006036984094745846,201
circle_r15_v5,10.0,0.01,0.0,0,family_a_midspan_W5,0.013436844178756797,-0.00026737168138161104,201
circle_r15_v5,10.0,0.01,0.0,1,forward,0.13244531078883376,0.0017116800706259005,201
circle_r15_v5,10.0,0.01,0.0,1,central,0.0673127185210488,-0.0004177227088810975,201
circle_r15_v5,10.0,0.01,0.0,1,cubic_global,0.11562561105619111,0.0013874057622070472,201
circle_r15_v5,10.0,0.01,0.0,1,smoothing_spline,0.219404152675775,0.03166052089729904,201
circle_r15_v5,10.0,0.01,0.0,1,savgol_w5p2,0.025042970214088574,-0.0030006291612760805,201
circle_r15_v5,10.0,0.01,0.0,1,savgol_w7p3,0.04262194253755863,0.0003045119146335484,201
circle_r15_v5,10.0,0.01,0.0,1,savgol_w9p3,0.026734343427987948,0.00029920112033132105,201
circle_r15_v5,10.0,0.01,0.0,1,savgol_w11p3,0.018960729923201667,1.3599107309909689e-06,201
circle_r15_v5,10.0,0.01,0.0,1,family_a_W3,0.04262194253755825,0.0003045119146089984,201
circle_r15_v5,10.0,0.01,0.0,1,family_a_W5,0.01896072992320168,1.3599107039628654e-06,201
circle_r15_v5,10.0,0.01,0.0,1,family_a_W7,0.012469069725659894,-5.5069721445995e-05,201
circle_r15_v5,10.0,0.01,0.0,1,family_a_midspan_W5,0.011644576679115247,6.14769999869154e-05,201
circle_r15_v5,10.0,0.01,0.0,2,forward,0.14576709293765053,0.002418079172243199,201
circle_r15_v5,10.0,0.01,0.0,2,central,0.07001180953610209,-0.00010645905974287897,201
circle_r15_v5,10.0,0.01,0.0,2,cubic_global,0.11383414838524487,0.0017289380236914344,201
circle_r15_v5,10.0,0.01,0.0,2,smoothing_spline,0.2191235853093093,0.03156617696973778,201
circle_r15_v5,10.0,0.01,0.0,2,savgol_w5p2,0.03322235455842483,-0.002878393280797821,201
circle_r15_v5,10.0,0.01,0.0,2,savgol_w7p3,0.053310021624884206,0.0006086330012169626,201
circle_r15_v5,10.0,0.01,0.0,2,savgol_w9p3,0.03535399388690825,0.00023505567129762704,201
circle_r15_v5,10.0,0.01,0.0,2,savgol_w11p3,0.026952795645796345,4.671416936069447e-05,201
circle_r15_v5,10.0,0.01,0.0,2,family_a_W3,0.05331002162488063,0.0006086330011924813,201
circle_r15_v5,10.0,0.01,0.0,2,family_a_W5,0.026952795645794843,4.671416933339648e-05,201
circle_r15_v5,10.0,0.01,0.0,2,family_a_W7,0.01775982215310365,-4.930734761468716e-05,201
circle_r15_v5,10.0,0.01,0.0,2,family_a_midspan_W5,0.013279931905692282,5.6080801124461215e-05,201
circle_r15_v5,10.0,0.01,0.0,3,forward,0.1425401945557413,0.0026286835334147027,201
circle_r15_v5,10.0,0.01,0.0,3,central,0.06877873899054536,0.0007077936343786348,201
circle_r15_v5,10.0,0.01,0.0,3,cubic_global,0.11856158753696788,0.0028073560298950565,201
circle_r15_v5,10.0,0.01,0.0,3,smoothing_spline,0.21938613889563355,0.032199247797362635,201
circle_r15_v5,10.0,0.01,0.0,3,savgol_w5p2,0.0297653053687955,-0.0023680866729799267,201
circle_r15_v5,10.0,0.01,0.0,3,savgol_w7p3,0.04869413341683082,0.0012396064729676248,201
circle_r15_v5,10.0,0.01,0.0,3,savgol_w9p3,0.031153808591220675,0.0008317805762417089,201
circle_r15_v5,10.0,0.01,0.0,3,savgol_w11p3,0.022492203512555833,0.0005142281727246448,201
circle_r15_v5,10.0,0.01,0.0,3,family_a_W3,0.048694133416829335,0.0012396064729437617,201
circle_r15_v5,10.0,0.01,0.0,3,family_a_W5,0.022492203512555573,0.0005142281726973272,201
circle_r15_v5,10.0,0.01,0.0,3,family_a_W7,0.012502246832694684,0.00023473705504750944,201
circle_r15_v5,10.0,0.01,0.0,3,family_a_midspan_W5,0.013387378994156452,0.0004101917024736172,201
circle_r15_v5,10.0,0.01,0.0,4,forward,0.15719553114802937,0.0024586751680707028,201
circle_r15_v5,10.0,0.01,0.0,4,central,0.07091182697655753,-4.540313946799765e-05,201
circle_r15_v5,10.0,0.01,0.0,4,cubic_global,0.12732315620814247,0.0015556100726908761,201
circle_r15_v5,10.0,0.01,0.0,4,smoothing_spline,0.21887520624937667,0.031625121636958006,201
circle_r15_v5,10.0,0.01,0.0,4,savgol_w5p2,0.03248099143506232,-0.002555108522212355,201
circle_r15_v5,10.0,0.01,0.0,4,savgol_w7p3,0.049046863623614746,0.0009086134882033318,201
circle_r15_v5,10.0,0.01,0.0,4,savgol_w9p3,0.03415689917304719,0.0006074655539302989,201
circle_r15_v5,10.0,0.01,0.0,4,savgol_w11p3,0.025933282420656546,0.00047974050745080743,201
circle_r15_v5,10.0,0.01,0.0,4,family_a_W3,0.04904686362361376,0.0009086134881792136,201
circle_r15_v5,10.0,0.01,0.0,4,family_a_W5,0.02593328242065534,0.000479740507423956,201
circle_r15_v5,10.0,0.01,0.0,4,family_a_W7,0.015522106844767838,0.0001567315662714173,201
circle_r15_v5,10.0,0.01,0.0,4,family_a_midspan_W5,0.011799177910709993,5.967844360933198e-05,201
circle_r15_v5,10.0,0.01,0.005,0,forward,0.15565036354250789,0.0008435274972564774,201
circle_r15_v5,10.0,0.01,0.005,0,central,0.0798504829104342,-0.0006839689178567259,201
circle_r15_v5,10.0,0.01,0.005,0,cubic_global,0.13650925148836698,-0.0008130257630203892,201
circle_r15_v5,10.0,0.01,0.005,0,smoothing_spline,0.21878839584299745,0.0315293841477377,201
circle_r15_v5,10.0,0.01,0.005,0,savgol_w5p2,0.08025278631102231,0.004834113850108576,201
circle_r15_v5,10.0,0.01,0.005,0,savgol_w7p3,0.1324610675374417,0.007650222009822644,201
circle_r15_v5,10.0,0.01,0.005,0,savgol_w9p3,0.08434642355382042,0.008103514273235657,201
circle_r15_v5,10.0,0.01,0.005,0,savgol_w11p3,0.06237796357316993,0.008161898650286062,201
circle_r15_v5,10.0,0.01,0.005,0,family_a_W3,0.05549593642344765,0.0003254595149143337,201
circle_r15_v5,10.0,0.01,0.005,0,family_a_W5,0.025478716031761113,0.00039862928290500417,201
circle_r15_v5,10.0,0.01,0.005,0,family_a_W7,0.01264781503907252,0.00020193756792866643,201
circle_r15_v5,10.0,0.01,0.005,0,family_a_midspan_W5,0.014407926267660551,0.00019789519238359995,201
circle_r15_v5,10.0,0.01,0.005,1,forward,0.1483028917407069,0.0005195224115897626,201
circle_r15_v5,10.0,0.01,0.005,1,central,0.07164400935376912,-0.0008697226780288376,201
circle_r15_v5,10.0,0.01,0.005,1,cubic_global,0.12657978381686186,-0.00038831310125808036,201
circle_r15_v5,10.0,0.01,0.005,1,smoothing_spline,0.2189187100034656,0.03173581721980561,201
circle_r15_v5,10.0,0.01,0.005,1,savgol_w5p2,0.07659488497812808,0.004321630143526446,201
circle_r15_v5,10.0,0.01,0.005,1,savgol_w7p3,0.13557602364896812,0.008142439719538283,201
circle_r15_v5,10.0,0.01,0.005,1,savgol_w9p3,0.08063722767774635,0.007171687184250612,201
circle_r15_v5,10.0,0.01,0.005,1,savgol_w11p3,0.05634225359160188,0.007008631034969468,201
circle_r15_v5,10.0,0.01,0.005,1,family_a_W3,0.04638834206565067,0.0003565996614409387,201
circle_r15_v5,10.0,0.01,0.005,1,family_a_W5,0.02359262226673814,8.5485172193604e-05,201
circle_r15_v5,10.0,0.01,0.005,1,family_a_W7,0.014509742173722619,3.3506204297361926e-05,201
circle_r15_v5,10.0,0.01,0.005,1,family_a_midspan_W5,0.012245117662133823,3.19350998695713e-05,201
circle_r15_v5,10.0,0.01,0.005,2,forward,0.1303466038843686,0.0007691425517216804,201
circle_r15_v5,10.0,0.01,0.005,2,central,0.06592022351938397,-0.0011173979517991003,201
circle_r15_v5,10.0,0.01,0.005,2,cubic_global,0.10970923507306993,-0.0007421483700299951,201
circle_r15_v5,10.0,0.01,0.005,2,smoothing_spline,0.21934596633642553,0.031954572038671684,201
circle_r15_v5,10.0,0.01,0.005,2,savgol_w5p2,0.07765770954990586,0.010157734034610537,201
circle_r15_v5,10.0,0.01,0.005,2,savgol_w7p3,0.1249766970536144,0.013393129921764776,201
circle_r15_v5,10.0,0.01,0.005,2,savgol_w9p3,0.08312381648962319,0.013129637714417388,201
circle_r15_v5,10.0,0.01,0.005,2,savgol_w11p3,0.06104517637456765,0.013122066850395254,201
circle_r15_v5,10.0,0.01,0.005,2,family_a_W3,0.05001807352878154,-0.00029717735407196167,201
circle_r15_v5,10.0,0.01,0.005,2,family_a_W5,0.026720816768127275,-4.9050664212090324e-05,201
circle_r15_v5,10.0,0.01,0.005,2,family_a_W7,0.01587062544814354,0.0001279104892734299,201
circle_r15_v5,10.0,0.01,0.005,2,family_a_midspan_W5,0.013044243769099555,0.0005060089754261945,201
circle_r15_v5,10.0,0.01,0.005,3,forward,0.14083824989812613,0.001514131328316366,201
circle_r15_v5,10.0,0.01,0.005,3,central,0.07259958256474751,-0.0002973445135761597,201
circle_r15_v5,10.0,0.01,0.005,3,cubic_global,0.12134952466802232,0.00023811738442345066,201
circle_r15_v5,10.0,0.01,0.005,3,smoothing_spline,0.21908717035414094,0.031365772494196774,201
circle_r15_v5,10.0,0.01,0.005,3,savgol_w5p2,0.08351562687802937,-0.003815032268447109,201
circle_r15_v5,10.0,0.01,0.005,3,savgol_w7p3,0.13850757605713254,-0.0007970747139690255,201
circle_r15_v5,10.0,0.01,0.005,3,savgol_w9p3,0.08826305304176822,-0.0009820093903454654,201
circle_r15_v5,10.0,0.01,0.005,3,savgol_w11p3,0.06404888179951854,-0.000707769315452084,201
circle_r15_v5,10.0,0.01,0.005,3,family_a_W3,0.05275146709911574,0.0007357277480230888,201
circle_r15_v5,10.0,0.01,0.005,3,family_a_W5,0.0237012320361019,-6.0427486270760714e-05,201
circle_r15_v5,10.0,0.01,0.005,3,family_a_W7,0.01535717674747103,-0.00023227616086629293,201
circle_r15_v5,10.0,0.01,0.005,3,family_a_midspan_W5,0.013725594686754874,-0.00014152624892971923,201
circle_r15_v5,10.0,0.01,0.005,4,forward,0.135776939106733,0.0017873918532019762,201
circle_r15_v5,10.0,0.01,0.005,4,central,0.06742556774547834,-0.0011449267856046992,201
circle_r15_v5,10.0,0.01,0.005,4,cubic_global,0.11621277853436975,-7.750569107851375e-05,201
circle_r15_v5,10.0,0.01,0.005,4,smoothing_spline,0.2189976264308095,0.03138668192998687,201
circle_r15_v5,10.0,0.01,0.005,4,savgol_w5p2,0.07508539820889627,-0.0019439326770575329,201
circle_r15_v5,10.0,0.01,0.005,4,savgol_w7p3,0.11810251088249585,0.0011554870633370179,201
circle_r15_v5,10.0,0.01,0.005,4,savgol_w9p3,0.07979194357928396,0.0012094766748987054,201
circle_r15_v5,10.0,0.01,0.005,4,savgol_w11p3,0.06103137631526404,0.0009171178364585959,201
circle_r15_v5,10.0,0.01,0.005,4,family_a_W3,0.050695177305666986,-0.0008434042762640059,201
circle_r15_v5,10.0,0.01,0.005,4,family_a_W5,0.023996116473765688,-0.0010867858443760954,201
circle_r15_v5,10.0,0.01,0.005,4,family_a_W7,0.013674341661179859,-0.0009812737775048968,201
circle_r15_v5,10.0,0.01,0.005,4,family_a_midspan_W5,0.012306849884100465,-0.00041600839974475134,201
circle_r15_v5,10.0,0.05,0.0,0,forward,0.6654115512682696,0.04821203533589832,201
circle_r15_v5,10.0,0.05,0.0,0,central,0.33988816792562476,0.006935749023050905,201
circle_r15_v5,10.0,0.05,0.0,0,cubic_global,0.5482719908733503,0.03266904003273889,201
circle_r15_v5,10.0,0.05,0.0,0,smoothing_spline,0.21823287515412162,0.03053073872749022,201
circle_r15_v5,10.0,0.05,0.0,0,savgol_w5p2,0.14479406230648592,-0.004838457230731649,201
circle_r15_v5,10.0,0.05,0.0,0,savgol_w7p3,0.2427769336879957,0.0019224361617558334,201
circle_r15_v5,10.0,0.05,0.0,0,savgol_w9p3,0.1565471177424647,-0.0016407340424414822,201
circle_r15_v5,10.0,0.05,0.0,0,savgol_w11p3,0.11688172477843682,-0.0025725850574120617,201
circle_r15_v5,10.0,0.05,0.0,0,family_a_W3,0.24277693368799286,0.0019224361617293992,201
circle_r15_v5,10.0,0.05,0.0,0,family_a_W5,0.11688172477843634,-0.0025725850574389083,201
circle_r15_v5,10.0,0.05,0.0,0,family_a_W7,0.07202312493918783,-0.002427332855515836,201
circle_r15_v5,10.0,0.05,0.0,0,family_a_midspan_W5,0.06676486435810368,0.0014465374031103358,201
circle_r15_v5,10.0,0.05,0.0,1,forward,0.6584028457199677,0.04825639639542591,201
circle_r15_v5,10.0,0.05,0.0,1,central,0.3362815859571757,0.011083750942766375,201
circle_r15_v5,10.0,0.05,0.0,1,cubic_global,0.5765326114748206,0.03420789601663964,201
circle_r15_v5,10.0,0.05,0.0,1,smoothing_spline,0.22038611407446515,0.03113540211670805,201
circle_r15_v5,10.0,0.05,0.0,1,savgol_w5p2,0.12442894940682282,-0.0009439603328332155,201
circle_r15_v5,10.0,0.05,0.0,1,savgol_w7p3,0.21357987716869706,0.0061997693981173515,201
circle_r15_v5,10.0,0.05,0.0,1,savgol_w9p3,0.13359690532204885,0.0030800272956186714,201
circle_r15_v5,10.0,0.05,0.0,1,savgol_w11p3,0.09473538620113296,0.0007373578097626243,201
circle_r15_v5,10.0,0.05,0.0,1,family_a_W3,0.21357987716869528,0.006199769398094554,201
circle_r15_v5,10.0,0.05,0.0,1,family_a_W5,0.09473538620113224,0.0007373578097357433,201
circle_r15_v5,10.0,0.05,0.0,1,family_a_W7,0.06231892523987397,0.00012350986721727239,201
circle_r15_v5,10.0,0.05,0.0,1,family_a_midspan_W5,0.05831012190117117,0.0020793600445855485,201
circle_r15_v5,10.0,0.05,0.0,2,forward,0.7291206245269745,0.049835299558657876,201
circle_r15_v5,10.0,0.05,0.0,2,central,0.3491113559214297,0.01289040684532732,201
circle_r15_v5,10.0,0.05,0.0,2,cubic_global,0.5658288001935166,0.03564405957841444,201
circle_r15_v5,10.0,0.05,0.0,2,smoothing_spline,0.21897987921144796,0.030663269970960323,201
circle_r15_v5,10.0,0.05,0.0,2,savgol_w5p2,0.165145214708496,0.00029276288673197497,201
circle_r15_v5,10.0,0.05,0.0,2,savgol_w7p3,0.266083677003206,0.008120655660767936,201
circle_r15_v5,10.0,0.05,0.0,2,savgol_w9p3,0.17641603268324726,0.0037897784436567803,201
circle_r15_v5,10.0,0.05,0.0,2,savgol_w11p3,0.1348836812013523,0.0015527112546358279,201
circle_r15_v5,10.0,0.05,0.0,2,family_a_W3,0.2660836770032007,0.008120655660744146,201
circle_r15_v5,10.0,0.05,0.0,2,family_a_W5,0.1348836812013505,0.0015527112546093395,201
circle_r15_v5,10.0,0.05,0.0,2,family_a_W7,0.08883014075477233,0.000356554395350777,201
circle_r15_v5,10.0,0.05,0.0,2,family_a_midspan_W5,0.06625500920106267,0.0031350220052061223,201
circle_r15_v5,10.0,0.05,0.0,3,forward,0.7093587443500926,0.05572375692258906,201
circle_r15_v5,10.0,0.05,0.0,3,central,0.3440208235663177,0.017996885274564774,201
circle_r15_v5,10.0,0.05,0.0,3,cubic_global,0.5935451069695414,0.04282421734166313,201
circle_r15_v5,10.0,0.05,0.0,3,smoothing_spline,0.22030625327596823,0.03382930362709015,201
circle_r15_v5,10.0,0.05,0.0,3,savgol_w5p2,0.1480726640612344,0.002923898906398043,201
circle_r15_v5,10.0,0.05,0.0,3,savgol_w7p3,0.2430524291962017,0.012060250059368574,201
circle_r15_v5,10.0,0.05,0.0,3,savgol_w9p3,0.15551968427525018,0.0066772064097356375,201
circle_r15_v5,10.0,0.05,0.0,3,savgol_w11p3,0.11236742949711666,0.003911593615294271,201
circle_r15_v5,10.0,0.05,0.0,3,family_a_W3,0.2430524291961992,0.012060250059344161,201
circle_r15_v5,10.0,0.05,0.0,3,family_a_W5,0.11236742949711558,0.003911593615267895,201
circle_r15_v5,10.0,0.05,0.0,3,family_a_W7,0.06250470864607996,0.001778090248176968,201
circle_r15_v5,10.0,0.05,0.0,3,family_a_midspan_W5,0.06679385939348709,0.005038087315982323,201
circle_r15_v5,10.0,0.05,0.0,4,forward,0.790989326138295,0.049981852797097846,201
circle_r15_v5,10.0,0.05,0.0,4,central,0.3536340637764314,0.012010341349373947,201
circle_r15_v5,10.0,0.05,0.0,4,cubic_global,0.6310192719837758,0.0328757777075906,201
circle_r15_v5,10.0,0.05,0.0,4,smoothing_spline,0.21774624130247974,0.03095770327930918,201
circle_r15_v5,10.0,0.05,0.0,4,savgol_w5p2,0.16153830733938207,0.001694581047668998,201
circle_r15_v5,10.0,0.05,0.0,4,savgol_w7p3,0.24445248175073056,0.009328851392084551,201
circle_r15_v5,10.0,0.05,0.0,4,savgol_w9p3,0.17068074685080467,0.005190988880185548,201
circle_r15_v5,10.0,0.05,0.0,4,savgol_w11p3,0.12980250718803416,0.0035159877575980762,201
circle_r15_v5,10.0,0.05,0.0,4,family_a_W3,0.24445248175072717,0.009328851392060708,201
circle_r15_v5,10.0,0.05,0.0,4,family_a_W5,0.1298025071880322,0.0035159877575707686,201
circle_r15_v5,10.0,0.05,0.0,4,family_a_W7,0.07767394929014396,0.0013472366713209321,201
circle_r15_v5,10.0,0.05,0.0,4,family_a_midspan_W5,0.058953858430686255,0.0027085289981296154,201
circle_r15_v5,10.0,0.05,0.005,0,forward,0.7667884437203117,0.043965860828644364,201
circle_r15_v5,10.0,0.05,0.005,0,central,0.3976782946207226,0.010073332420712705,201
circle_r15_v5,10.0,0.05,0.005,0,cubic_global,0.6778526206028149,0.02189619451741104,201
circle_r15_v5,10.0,0.05,0.005,0,smoothing_spline,0.21799853699109442,0.030991720581008037,201
circle_r15_v5,10.0,0.05,0.005,0,savgol_w5p2,0.1776654199075807,0.00838702497151195,201
circle_r15_v5,10.0,0.05,0.005,0,savgol_w7p3,0.29929067345253996,0.014970297486284187,201
circle_r15_v5,10.0,0.05,0.005,0,savgol_w9p3,0.19177876702871308,0.012148276594883411,201
circle_r15_v5,10.0,0.05,0.005,0,savgol_w11p3,0.13599489930669884,0.010985019418013503,201
circle_r15_v5,10.0,0.05,0.005,0,family_a_W3,0.2774738606560053,0.006967755482404986,201
circle_r15_v5,10.0,0.05,0.005,0,family_a_W5,0.12730661053462367,0.0031896041899078815,201
circle_r15_v5,10.0,0.05,0.005,0,family_a_W7,0.06314793287490066,0.0015933253461401413,201
circle_r15_v5,10.0,0.05,0.005,0,family_a_midspan_W5,0.07215372226295491,0.0035753581612062747,201
circle_r15_v5,10.0,0.05,0.005,1,forward,0.7355249703082352,0.034545881531278674,201
circle_r15_v5,10.0,0.05,0.005,1,central,0.35694213663560226,0.007340892398470991,201
circle_r15_v5,10.0,0.05,0.005,1,cubic_global,0.6283809742851512,0.0213041243322489,201
circle_r15_v5,10.0,0.05,0.005,1,smoothing_spline,0.21818317617342686,0.03179913241790518,201
circle_r15_v5,10.0,0.05,0.005,1,savgol_w5p2,0.16227209615273197,0.0062794102418825305,201
circle_r15_v5,10.0,0.05,0.005,1,savgol_w7p3,0.2678054360880057,0.01279602364868627,201
circle_r15_v5,10.0,0.05,0.005,1,savgol_w9p3,0.17735142278500232,0.009583414985123669,201
circle_r15_v5,10.0,0.05,0.005,1,savgol_w11p3,0.12965265740991969,0.008288221090242198,201
circle_r15_v5,10.0,0.05,0.005,1,family_a_W3,0.23219487980914894,0.00548340893800758,201
circle_r15_v5,10.0,0.05,0.005,1,family_a_W5,0.11789306784433196,0.0013453014975559152,201
circle_r15_v5,10.0,0.05,0.005,1,family_a_W7,0.07251069201924905,0.0006796188861054002,201
circle_r15_v5,10.0,0.05,0.005,1,family_a_midspan_W5,0.06129946857107473,0.002102374374081033,201
circle_r15_v5,10.0,0.05,0.005,2,forward,0.646579063666247,0.04777557418723561,201
circle_r15_v5,10.0,0.05,0.005,2,central,0.32919210870396926,0.008095741227841808,201
circle_r15_v5,10.0,0.05,0.005,2,cubic_global,0.5490536213254765,0.026045872805045295,201
circle_r15_v5,10.0,0.05,0.005,2,smoothing_spline,0.22000985627081418,0.03272781075397689,201
circle_r15_v5,10.0,0.05,0.005,2,savgol_w5p2,0.16480613183118878,0.011865976876912602,201
circle_r15_v5,10.0,0.05,0.005,2,savgol_w7p3,0.25793227468474333,0.017810752259106073,201
circle_r15_v5,10.0,0.05,0.005,2,savgol_w9p3,0.18089303022635192,0.015011547856403226,201
circle_r15_v5,10.0,0.05,0.005,2,savgol_w11p3,0.13448698911759613,0.014189846467725302,201
circle_r15_v5,10.0,0.05,0.005,2,family_a_W3,0.24926650915884474,0.0039057698060418512,201
circle_r15_v5,10.0,0.05,0.005,2,family_a_W5,0.1334518159840072,0.0010599234663795725,201
circle_r15_v5,10.0,0.05,0.005,2,family_a_W7,0.07923811990463456,0.001458699451030066,201
circle_r15_v5,10.0,0.05,0.005,2,family_a_midspan_W5,0.06537333365448654,0.005120305871802894,201
circle_r15_v5,10.0,0.05,0.005,3,forward,0.703086158027211,0.046920158366424304,201
circle_r15_v5,10.0,0.05,0.005,3,central,0.36191480913697766,0.011754818618221929,201
circle_r15_v5,10.0,0.05,0.005,3,cubic_global,0.6027908188566415,0.029831869302993586,201
circle_r15_v5,10.0,0.05,0.005,3,smoothing_spline,0.21847750976460892,0.029854323943472316,201
circle_r15_v5,10.0,0.05,0.005,3,savgol_w5p2,0.17325023844672963,-0.0014268178992220425,201
circle_r15_v5,10.0,0.05,0.005,3,savgol_w7p3,0.284582000258237,0.006335413489119761,201
circle_r15_v5,10.0,0.05,0.005,3,savgol_w9p3,0.18274055286661778,0.001444894162021942,201
circle_r15_v5,10.0,0.05,0.005,3,savgol_w11p3,0.1293118023873074,9.573861757412127e-05,201
circle_r15_v5,10.0,0.05,0.005,3,family_a_W3,0.26276317042507547,0.00876611506485447,201
circle_r15_v5,10.0,0.05,0.005,3,family_a_W5,0.11863844749372153,0.0007162881982207911,201
circle_r15_v5,10.0,0.05,0.005,3,family_a_W7,0.07681432971635598,-0.0006643456745365287,201
circle_r15_v5,10.0,0.05,0.005,3,family_a_midspan_W5,0.06828935288004397,0.0016500170612679115,201
circle_r15_v5,10.0,0.05,0.005,4,forward,0.6798623598804695,0.05655809120965522,201
circle_r15_v5,10.0,0.05,0.005,4,central,0.3374715216627608,0.0075597917445197555,201
circle_r15_v5,10.0,0.05,0.005,4,cubic_global,0.5816792473443435,0.031052786110844957,201
circle_r15_v5,10.0,0.05,0.005,4,smoothing_spline,0.21868635799434957,0.030186347944588795,201
circle_r15_v5,10.0,0.05,0.005,4,savgol_w5p2,0.15498386605717987,-0.003955268014322202,201
circle_r15_v5,10.0,0.05,0.005,4,savgol_w7p3,0.2528937021871147,0.0020506903662243143,201
circle_r15_v5,10.0,0.05,0.005,4,savgol_w9p3,0.1624273947976806,-0.000644589168670037,201
circle_r15_v5,10.0,0.05,0.005,4,savgol_w11p3,0.12123059920132298,-0.0020368943190021494,201
circle_r15_v5,10.0,0.05,0.005,4,family_a_W3,0.25329025443486114,0.0004014556998139207,201
circle_r15_v5,10.0,0.05,0.005,4,family_a_W5,0.11982994506092182,-0.004303168850761651,201
circle_r15_v5,10.0,0.05,0.005,4,family_a_W7,0.06835958092644097,-0.004304858927114443,201
circle_r15_v5,10.0,0.05,0.005,4,family_a_midspan_W5,0.061671932151573884,0.00018658204141229828,201
circle_r15_v5,10.0,0.2,0.0,0,forward,2.5378604211556843,0.9390575621194065,201
circle_r15_v5,10.0,0.2,0.0,0,central,1.3578263782750672,0.19819071272836067,201
circle_r15_v5,10.0,0.2,0.0,0,cubic_global,2.1840767538013846,0.6109414850147401,201
circle_r15_v5,10.0,0.2,0.0,0,smoothing_spline,0.2156003804139369,0.02675453894960647,201
circle_r15_v5,10.0,0.2,0.0,0,savgol_w5p2,0.5791004345671653,0.024040916709611518,201
circle_r15_v5,10.0,0.2,0.0,0,savgol_w7p3,0.9764024395047115,0.09706145236216861,201
circle_r15_v5,10.0,0.2,0.0,0,savgol_w9p3,0.6275258993911792,0.03132856195070281,201
circle_r15_v5,10.0,0.2,0.0,0,savgol_w11p3,0.46573237081263225,0.007445085421972802,201
circle_r15_v5,10.0,0.2,0.0,0,family_a_W3,0.9764024395047016,0.09706145236213944,201
circle_r15_v5,10.0,0.2,0.0,0,family_a_W5,0.4657323708126285,0.007445085421946198,201
circle_r15_v5,10.0,0.2,0.0,0,family_a_W7,0.2864067817755251,-0.002805904469413529,201
circle_r15_v5,10.0,0.2,0.0,0,family_a_midspan_W5,0.26534880633580143,0.04957766025473615,201
circle_r15_v5,10.0,0.2,0.0,1,forward,2.568369271703619,0.8077254800164567,201
circle_r15_v5,10.0,0.2,0.0,1,central,1.3303508947814617,0.19304672532795147,201
circle_r15_v5,10.0,0.2,0.0,1,cubic_global,2.211197309332783,0.5882244021841166,201
circle_r15_v5,10.0,0.2,0.0,1,smoothing_spline,0.2243566912331524,0.02918086983919024,201
circle_r15_v5,10.0,0.2,0.0,1,savgol_w5p2,0.4987789984815135,0.027597271345234355,201
circle_r15_v5,10.0,0.2,0.0,1,savgol_w7p3,0.8578608030914521,0.09433793726202225,201
circle_r15_v5,10.0,0.2,0.0,1,savgol_w9p3,0.532256789961789,0.03606859558256839,201
circle_r15_v5,10.0,0.2,0.0,1,savgol_w11p3,0.3777659922849401,0.013434349399870987,201
circle_r15_v5,10.0,0.2,0.0,1,family_a_W3,0.857860803091445,0.09433793726200454,201
circle_r15_v5,10.0,0.2,0.0,1,family_a_W5,0.3777659922849363,0.013434349399843944,201
circle_r15_v5,10.0,0.2,0.0,1,family_a_W7,0.24878538402669204,0.004444543424926477,201
circle_r15_v5,10.0,0.2,0.0,1,family_a_midspan_W5,0.23663867897362642,0.0359333039839083,201
circle_r15_v5,10.0,0.2,0.0,2,forward,2.780183057478212,0.8300907559503089,201
circle_r15_v5,10.0,0.2,0.0,2,central,1.3821167790834545,0.20391472369564997,201
circle_r15_v5,10.0,0.2,0.0,2,cubic_global,2.1491887823731246,0.5967852367156263,201
circle_r15_v5,10.0,0.2,0.0,2,smoothing_spline,0.2186892679572403,0.02728610245213871,201
circle_r15_v5,10.0,0.2,0.0,2,savgol_w5p2,0.6551661133951288,0.042708517292335824,201
circle_r15_v5,10.0,0.2,0.0,2,savgol_w7p3,1.0531644429393419,0.11086261551843077,201
circle_r15_v5,10.0,0.2,0.0,2,savgol_w9p3,0.6998278270391298,0.054926276734350334,201
circle_r15_v5,10.0,0.2,0.0,2,savgol_w11p3,0.5412143101902503,0.025267584344122775,201
circle_r15_v5,10.0,0.2,0.0,2,family_a_W3,1.0531644429393308,0.11086261551840886,201
circle_r15_v5,10.0,0.2,0.0,2,family_a_W5,0.5412143101902458,0.025267584344095605,201
circle_r15_v5,10.0,0.2,0.0,2,family_a_W7,0.35570220125871105,0.008391297062078891,201
circle_r15_v5,10.0,0.2,0.0,2,family_a_midspan_W5,0.266243973985377,0.05775069197963691,201
circle_r15_v5,10.0,0.2,0.0,3,forward,2.6525246633501025,0.9484953223573845,201
circle_r15_v5,10.0,0.2,0.0,3,central,1.375692180411149,0.2362202000069276,201
circle_r15_v5,10.0,0.2,0.0,3,cubic_global,2.3169152788257867,0.6302324792692852,201
circle_r15_v5,10.0,0.2,0.0,3,smoothing_spline,0.22418923995478976,0.03996040534493568,201
circle_r15_v5,10.0,0.2,0.0,3,savgol_w5p2,0.5884455636750515,0.05419757395524792,201
circle_r15_v5,10.0,0.2,0.0,3,savgol_w7p3,0.9643485256228286,0.13756244785800792,201
circle_r15_v5,10.0,0.2,0.0,3,savgol_w9p3,0.6178461091918283,0.06475178136744682,201
circle_r15_v5,10.0,0.2,0.0,3,savgol_w11p3,0.4481792485747856,0.03530416316053229,201
circle_r15_v5,10.0,0.2,0.0,3,family_a_W3,0.9643485256228247,0.13756244785798635,201
circle_r15_v5,10.0,0.2,0.0,3,family_a_W5,0.4481792485747814,0.03530416316050537,201
circle_r15_v5,10.0,0.2,0.0,3,family_a_W7,0.25006846928536064,0.014119902957073549,201
circle_r15_v5,10.0,0.2,0.0,3,family_a_midspan_W5,0.2701665964186739,0.06694742713973809,201
circle_r15_v5,10.0,0.2,0.0,4,forward,2.9338938997951387,0.8947208223691582,201
circle_r15_v5,10.0,0.2,0.0,4,central,1.3938510574918554,0.18444442756393828,201
circle_r15_v5,10.0,0.2,0.0,4,cubic_global,2.4004601012057663,0.5667144261375502,201
circle_r15_v5,10.0,0.2,0.0,4,smoothing_spline,0.21388702711459562,0.02845949417897393,201
circle_r15_v5,10.0,0.2,0.0,4,savgol_w5p2,0.6407236795174993,0.045094808318640725,201
circle_r15_v5,10.0,0.2,0.0,4,savgol_w7p3,0.9671312423229282,0.11099111116283525,201
circle_r15_v5,10.0,0.2,0.0,4,savgol_w9p3,0.6799957956115037,0.05319675923552433,201
circle_r15_v5,10.0,0.2,0.0,4,savgol_w11p3,0.5202490348772192,0.030167293584116437,201
circle_r15_v5,10.0,0.2,0.0,4,family_a_W3,0.9671312423229196,0.11099111116281311,201
circle_r15_v5,10.0,0.2,0.0,4,family_a_W5,0.5202490348772131,0.030167293584089955,201
circle_r15_v5,10.0,0.2,0.0,4,family_a_W7,0.31146148698428916,0.011742139824121261,201
circle_r15_v5,10.0,0.2,0.0,4,family_a_midspan_W5,0.23859750045692094,0.049083761719123375,201
circle_r15_v5,10.0,0.2,0.005,0,forward,2.7888074449900855,0.9165233360812794,201
circle_r15_v5,10.0,0.2,0.005,0,central,1.5265247644151259,0.20951923803719336,201
circle_r15_v5,10.0,0.2,0.005,0,cubic_global,2.372645431472737,0.6473171294058796,201
circle_r15_v5,10.0,0.2,0.005,0,smoothing_spline,0.21578561449159597,0.028989387281987813,201
circle_r15_v5,10.0,0.2,0.005,0,savgol_w5p2,0.6614696025159675,0.05042321013230077,201
circle_r15_v5,10.0,0.2,0.005,0,savgol_w7p3,1.0954538746492963,0.12017001918413309,201
circle_r15_v5,10.0,0.2,0.005,0,savgol_w9p3,0.7207173117310699,0.061628982890054765,201
circle_r15_v5,10.0,0.2,0.005,0,savgol_w11p3,0.5059854767274713,0.03823976702660915,201
circle_r15_v5,10.0,0.2,0.005,0,family_a_W3,1.103120904359175,0.10940237163391907,201
circle_r15_v5,10.0,0.2,0.005,0,family_a_W5,0.5072682436659752,0.03033742189734317,201
circle_r15_v5,10.0,0.2,0.005,0,family_a_W7,0.2510530134578078,0.013141956022478063,201
circle_r15_v5,10.0,0.2,0.005,0,family_a_midspan_W5,0.2887072212688948,0.05672555915193477,201
circle_r15_v5,10.0,0.2,0.005,1,forward,2.629924104082226,0.775437700978121,201
circle_r15_v5,10.0,0.2,0.005,1,central,1.3856302678921424,0.16344135076970048,201
circle_r15_v5,10.0,0.2,0.005,1,cubic_global,2.3555009244558627,0.5091321187925579,201
circle_r15_v5,10.0,0.2,0.005,1,smoothing_spline,0.21580477171824122,0.03205316194210088,201
circle_r15_v5,10.0,0.2,0.005,1,savgol_w5p2,0.5886667325079296,0.03366723556574103,201
circle_r15_v5,10.0,0.2,0.005,1,savgol_w7p3,0.9445958570696485,0.08222876303683055,201
circle_r15_v5,10.0,0.2,0.005,1,savgol_w9p3,0.64969345094648,0.0430951703472722,201
circle_r15_v5,10.0,0.2,0.005,1,savgol_w11p3,0.47476863625125376,0.025708697334072474,201
circle_r15_v5,10.0,0.2,0.005,1,family_a_W3,0.9290049948104323,0.07735951987461336,201
circle_r15_v5,10.0,0.2,0.005,1,family_a_W5,0.4698029847231891,0.018751382555169692,201
circle_r15_v5,10.0,0.2,0.005,1,family_a_W7,0.28943425547799956,0.008375315101986514,201
circle_r15_v5,10.0,0.2,0.005,1,family_a_midspan_W5,0.248556812223759,0.03912899492325958,201
circle_r15_v5,10.0,0.2,0.005,2,forward,2.490402786776184,0.8834780722973797,201
circle_r15_v5,10.0,0.2,0.005,2,central,1.3065687266975874,0.18738106585723993,201
circle_r15_v5,10.0,0.2,0.005,2,cubic_global,2.1779128106741346,0.5587031994770881,201
circle_r15_v5,10.0,0.2,0.005,2,smoothing_spline,0.22268678340318912,0.03563712994708123,201
circle_r15_v5,10.0,0.2,0.005,2,savgol_w5p2,0.631780611675033,0.048251128936829105,201
circle_r15_v5,10.0,0.2,0.005,2,savgol_w7p3,0.9724915040498068,0.11412290753900194,201
circle_r15_v5,10.0,0.2,0.005,2,savgol_w9p3,0.7017936224336758,0.054443860912108566,201
circle_r15_v5,10.0,0.2,0.005,2,savgol_w11p3,0.5215793812074516,0.03660473658674441,201
circle_r15_v5,10.0,0.2,0.005,2,family_a_W3,0.9840322116585202,0.09888285956222204,201
circle_r15_v5,10.0,0.2,0.005,2,family_a_W5,0.5309236454657597,0.023552162254717807,201
circle_r15_v5,10.0,0.2,0.005,2,family_a_W7,0.31524076189508465,0.016165370940940962,201
circle_r15_v5,10.0,0.2,0.005,2,family_a_midspan_W5,0.26574429369306846,0.062183593863324824,201
circle_r15_v5,10.0,0.2,0.005,3,forward,2.6630313992638093,0.8459437047460455,201
circle_r15_v5,10.0,0.2,0.005,3,central,1.4066380351365613,0.20432521472400236,201
circle_r15_v5,10.0,0.2,0.005,3,cubic_global,2.20221875843964,0.6439030488612062,201
circle_r15_v5,10.0,0.2,0.005,3,smoothing_spline,0.21727754003312805,0.024210095253049166,201
circle_r15_v5,10.0,0.2,0.005,3,savgol_w5p2,0.6328532866327867,0.03396295785320312,201
circle_r15_v5,10.0,0.2,0.005,3,savgol_w7p3,1.0251216451503924,0.10979349812496712,201
circle_r15_v5,10.0,0.2,0.005,3,savgol_w9p3,0.6830191248786687,0.03741500305089499,201
circle_r15_v5,10.0,0.2,0.005,3,savgol_w11p3,0.4726181082203146,0.016902380543313916,201
circle_r15_v5,10.0,0.2,0.005,3,family_a_W3,1.0334034538440462,0.1148246341236962,201
circle_r15_v5,10.0,0.2,0.005,3,family_a_W5,0.4760869159688818,0.01744499771640597,201
circle_r15_v5,10.0,0.2,0.005,3,family_a_W7,0.30748603882333625,0.0027255228810565855,201
circle_r15_v5,10.0,0.2,0.005,3,family_a_midspan_W5,0.26936640376824905,0.04455057160179599,201
circle_r15_v5,10.0,0.2,0.005,4,forward,2.6805902260311143,0.9486643931271517,201
circle_r15_v5,10.0,0.2,0.005,4,central,1.3528174808156652,0.17597083875845193,201
circle_r15_v5,10.0,0.2,0.005,4,cubic_global,2.3075436761998875,0.6049139357361372,201
circle_r15_v5,10.0,0.2,0.005,4,smoothing_spline,0.21824110395967508,0.02570965757381875,201
circle_r15_v5,10.0,0.2,0.005,4,savgol_w5p2,0.6083639444733118,0.01523584864725454,201
circle_r15_v5,10.0,0.2,0.005,4,savgol_w7p3,0.9869568591008819,0.0737346027330688,201
circle_r15_v5,10.0,0.2,0.005,4,savgol_w9p3,0.6370361162581671,0.020513296699154165,201
circle_r15_v5,10.0,0.2,0.005,4,savgol_w11p3,0.46650782491890885,0.0027718655947771742,201
circle_r15_v5,10.0,0.2,0.005,4,family_a_W3,1.002860642505729,0.07285760499978935,201
circle_r15_v5,10.0,0.2,0.005,4,family_a_W5,0.476645488528769,-0.0005665834105028695,201
circle_r15_v5,10.0,0.2,0.005,4,family_a_W7,0.2734626601095607,-0.010257786391652708,201
circle_r15_v5,10.0,0.2,0.005,4,family_a_midspan_W5,0.2511625700678522,0.03643264813561103,201
circle_r15_v5,50.0,0.0,0.0,0,forward,9.259254115183232e-06,-9.25925411518323e-06,1001
circle_r15_v5,50.0,0.0,0.0,0,central,3.703695473271424e-05,-3.703695473271424e-05,1001
circle_r15_v5,50.0,0.0,0.0,0,cubic_global,5.4870241129849905e-11,-5.4869948515719843e-11,1001
circle_r15_v5,50.0,0.0,0.0,0,smoothing_spline,0.216091794456137,0.03162460056396471,1001
circle_r15_v5,50.0,0.0,0.0,0,savgol_w5p2,0.00012592485586423357,-0.00012592485586423357,1001
circle_r15_v5,50.0,0.0,0.0,0,savgol_w7p3,2.053559108297958e-09,-2.053559105474347e-09,1001
circle_r15_v5,50.0,0.0,0.0,0,savgol_w9p3,6.547526262571418e-09,-6.547526262196832e-09,1001
circle_r15_v5,50.0,0.0,0.0,0,savgol_w11p3,1.569203281369958e-08,-1.5692032813613526e-08,1001
circle_r15_v5,50.0,0.0,0.0,0,family_a_W3,2.0536708892332785e-09,-2.0536708878051797e-09,1001
circle_r15_v5,50.0,0.0,0.0,0,family_a_W5,1.569214715404494e-08,-1.56921471540165e-08,1001
circle_r15_v5,50.0,0.0,0.0,0,family_a_W7,5.780755836230687e-08,-5.780755836230323e-08,1001
circle_r15_v5,50.0,0.0,0.0,0,family_a_midspan_W5,3.231219594764315e-08,3.231219594763707e-08,1001
circle_r15_v5,50.0,0.0,0.0,1,forward,9.259254115183232e-06,-9.25925411518323e-06,1001
circle_r15_v5,50.0,0.0,0.0,1,central,3.703695473271424e-05,-3.703695473271424e-05,1001
circle_r15_v5,50.0,0.0,0.0,1,cubic_global,5.4870241129849905e-11,-5.4869948515719843e-11,1001
circle_r15_v5,50.0,0.0,0.0,1,smoothing_spline,0.216091794456137,0.03162460056396471,1001
circle_r15_v5,50.0,0.0,0.0,1,savgol_w5p2,0.00012592485586423357,-0.00012592485586423357,1001
circle_r15_v5,50.0,0.0,0.0,1,savgol_w7p3,2.053559108297958e-09,-2.053559105474347e-09,1001
circle_r15_v5,50.0,0.0,0.0,1,savgol_w9p3,6.547526262571418e-09,-6.547526262196832e-09,1001
circle_r15_v5,50.0,0.0,0.0,1,savgol_w11p3,1.569203281369958e-08,-1.5692032813613526e-08,1001
circle_r15_v5,50.0,0.0,0.0,1,family_a_W3,2.0536708892332785e-09,-2.0536708878051797e-09,1001
circle_r15_v5,50.0,0.0,0.0,1,family_a_W5,1.569214715404494e-08,-1.56921471540165e-08,1001
circle_r15_v5,50.0,0.0,0.0,1,family_a_W7,5.780755836230687e-08,-5.780755836230323e-08,1001
circle_r15_v5,50.0,0.0,0.0,1,family_a_midspan_W5,3.231219594764315e-08,3.231219594763707e-08,1001
circle_r15_v5,50.0,0.0,0.0,2,forward,9.259254115183232e-06,-9.25925411518323e-06,1001
circle_r15_v5,50.0,0.0,0.0,2,central,3.703695473271424e-05,-3.703695473271424e-05,1001
circle_r15_v5,50.0,0.0,0.0,2,cubic_global,5.4870241129849905e-11,-5.4869948515719843e-11,1001
circle_r15_v5,50.0,0.0,0.0,2,smoothing_spline,0.216091794456137,0.03162460056396471,1001
circle_r15_v5,50.0,0.0,0.0,2,savgol_w5p2,0.00012592485586423357,-0.00012592485586423357,1001
circle_r15_v5,50.0,0.0,0.0,2,savgol_w7p3,2.053559108297958e-09,-2.053559105474347e-09,1001
circle_r15_v5,50.0,0.0,0.0,2,savgol_w9p3,6.547526262571418e-09,-6.547526262196832e-09,1001
circle_r15_v5,50.0,0.0,0.0,2,savgol_w11p3,1.569203281369958e-08,-1.5692032813613526e-08,1001
circle_r15_v5,50.0,0.0,0.0,2,family_a_W3,2.0536708892332785e-09,-2.0536708878051797e-09,1001
circle_r15_v5,50.0,0.0,0.0,2,family_a_W5,1.569214715404494e-08,-1.56921471540165e-08,1001
circle_r15_v5,50.0,0.0,0.0,2,family_a_W7,5.780755836230687e-08,-5.780755836230323e-08,1001
circle_r15_v5,50.0,0.0,0.0,2,family_a_midspan_W5,3.231219594764315e-08,3.231219594763707e-08,1001
circle_r15_v5,50.0,0.0,0.0,3,forward,9.259254115183232e-06,-9.25925411518323e-06,1001
circle_r15_v5,50.0,0.0,0.0,3,central,3.703695473271424e-05,-3.703695473271424e-05,1001
circle_r15_v5,50.0,0.0,0.0,3,cubic_global,5.4870241129849905e-11,-5.4869948515719843e-11,1001
circle_r15_v5,50.0,0.0,0.0,3,smoothing_spline,0.216091794456137,0.03162460056396471,1001
circle_r15_v5,50.0,0.0,0.0,3,savgol_w5p2,0.00012592485586423357,-0.00012592485586423357,1001
circle_r15_v5,50.0,0.0,0.0,3,savgol_w7p3,2.053559108297958e-09,-2.053559105474347e-09,1001
circle_r15_v5,50.0,0.0,0.0,3,savgol_w9p3,6.547526262571418e-09,-6.547526262196832e-09,1001
circle_r15_v5,50.0,0.0,0.0,3,savgol_w11p3,1.569203281369958e-08,-1.5692032813613526e-08,1001
circle_r15_v5,50.0,0.0,0.0,3,family_a_W3,2.0536708892332785e-09,-2.0536708878051797e-09,1001
circle_r15_v5,50.0,0.0,0.0,3,family_a_W5,1.569214715404494e-08,-1.56921471540165e-08,1001
circle_r15_v5,50.0,0.0,0.0,3,family_a_W7,5.780755836230687e-08,-5.780755836230323e-08,1001
circle_r15_v5,50.0,0.0,0.0,3,family_a_midspan_W5,3.231219594764315e-08,3.231219594763707e-08,1001
circle_r15_v5,50.0,0.0,0.0,4,forward,9.259254115183232e-06,-9.25925411518323e-06,1001
circle_r15_v5,50.0,0.0,0.0,4,central,3.703695473271424e-05,-3.703695473271424e-05,1001
circle_r15_v5,50.0,0.0,0.0,4,cubic_global,5.4870241129849905e-11,-5.4869948515719843e-11,1001
circle_r15_v5,50.0,0.0,0.0,4,smoothing_spline,0.216091794456137,0.03162460056396471,1001
circle_r15_v5,50.0,0.0,0.0,4,savgol_w5p2,0.00012592485586423357,-0.00012592485586423357,1001
circle_r15_v5,50.0,0.0,0.0,4,savgol_w7p3,2.053559108297958e-09,-2.053559105474347e-09,1001
circle_r15_v5,50.0,0.0,0.0,4,savgol_w9p3,6.547526262571418e-09,-6.547526262196832e-09,1001
circle_r15_v5,50.0,0.0,0.0,4,savgol_w11p3,1.569203281369958e-08,-1.5692032813613526e-08,1001
circle_r15_v5,50.0,0.0,0.0,4,family_a_W3,2.0536708892332785e-09,-2.0536708878051797e-09,1001
circle_r15_v5,50.0,0.0,0.0,4,family_a_W5,1.569214715404494e-08,-1.56921471540165e-08,1001
circle_r15_v5,50.0,0.0,0.0,4,family_a_W7,5.780755836230687e-08,-5.780755836230323e-08,1001
circle_r15_v5,50.0,0.0,0.0,4,family_a_midspan_W5,3.231219594764315e-08,3.231219594763707e-08,1001
circle_r15_v5,50.0,0.0,0.005,0,forward,1.2334956071913994e-05,-1.0370703280166703e-05,1001
circle_r15_v5,50.0,0.0,0.005,0,central,4.029062987717074e-05,-3.813758582488502e-05,1001
circle_r15_v5,50.0,0.0,0.005,0,cubic_global,1.5887052429766579e-10,-8.2467152357151e-11,1001
circle_r15_v5,50.0,0.0,0.005,0,smoothing_spline,0.21605945633938875,0.03163586296366724,1001
circle_r15_v5,50.0,0.0,0.005,0,savgol_w5p2,0.3842593614921804,-0.0429195728943098,1001
circle_r15_v5,50.0,0.0,0.005,0,savgol_w7p3,0.6174542483696523,-0.042454951354288284,1001
circle_r15_v5,50.0,0.0,0.005,0,savgol_w9p3,0.4164461116375756,-0.042930622900135655,1001
circle_r15_v5,50.0,0.0,0.005,0,savgol_w11p3,0.30361844827274725,-0.043488397824974094,1001
circle_r15_v5,50.0,0.0,0.005,0,family_a_W3,2.558050320353102e-09,-2.447117278083602e-09,1001
circle_r15_v5,50.0,0.0,0.005,0,family_a_W5,1.708962416542318e-08,-1.6835437011918612e-08,1001
circle_r15_v5,50.0,0.0,0.005,0,family_a_W7,6.035423305220179e-08,-5.993228259508944e-08,1001
circle_r15_v5,50.0,0.0,0.005,0,family_a_midspan_W5,3.184369448296487e-08,3.1462186838786195e-08,1001
circle_r15_v5,50.0,0.0,0.005,1,forward,1.2433671457098645e-05,-1.0422467500333616e-05,1001
circle_r15_v5,50.0,0.0,0.005,1,central,4.0385849927339094e-05,-3.8162753207072916e-05,1001
circle_r15_v5,50.0,0.0,0.005,1,cubic_global,1.5800660510333908e-10,-8.326315146050689e-11,1001
circle_r15_v5,50.0,0.0,0.005,1,smoothing_spline,0.2160538092879954,0.031611262029192094,1001
circle_r15_v5,50.0,0.0,0.005,1,savgol_w5p2,0.3880477178561056,0.017933254668238717,1001
circle_r15_v5,50.0,0.0,0.005,1,savgol_w7p3,0.6305708276434308,0.01740836825705611,1001
circle_r15_v5,50.0,0.0,0.005,1,savgol_w9p3,0.41629581676276783,0.017782444473842706,1001
circle_r15_v5,50.0,0.0,0.005,1,savgol_w11p3,0.2999994119930569,0.01828231578473768,1001
circle_r15_v5,50.0,0.0,0.005,1,family_a_W3,2.5640922719067117e-09,-2.4540258344348394e-09,1001
circle_r15_v5,50.0,0.0,0.005,1,family_a_W5,1.701352741675441e-08,-1.678904039297572e-08,1001
circle_r15_v5,50.0,0.0,0.005,1,family_a_W7,6.063717470433709e-08,-6.018654311597726e-08,1001
circle_r15_v5,50.0,0.0,0.005,1,family_a_midspan_W5,3.1904501264378594e-08,3.148782117620624e-08,1001
circle_r15_v5,50.0,0.0,0.005,2,forward,1.242940236171331e-05,-1.0421666782282126e-05,1001
circle_r15_v5,50.0,0.0,0.005,2,central,4.038555042696677e-05,-3.819130176772935e-05,1001
circle_r15_v5,50.0,0.0,0.005,2,cubic_global,1.578755302177775e-10,-8.289991507416826e-11,1001
circle_r15_v5,50.0,0.0,0.005,2,smoothing_spline,0.2160617323287631,0.03161340926504969,1001
circle_r15_v5,50.0,0.0,0.005,2,savgol_w5p2,0.40358585326058033,0.00020717423925673516,1001
circle_r15_v5,50.0,0.0,0.005,2,savgol_w7p3,0.6424966711937179,8.926298615803918e-05,1001
circle_r15_v5,50.0,0.0,0.005,2,savgol_w9p3,0.43531965061600725,0.0006574178314441632,1001
circle_r15_v5,50.0,0.0,0.005,2,savgol_w11p3,0.32055414649059344,0.00020973405551284917,1001
circle_r15_v5,50.0,0.0,0.005,2,family_a_W3,2.6032626786721012e-09,-2.4833415540979635e-09,1001
circle_r15_v5,50.0,0.0,0.005,2,family_a_W5,1.7141956600033254e-08,-1.6872321948754868e-08,1001
circle_r15_v5,50.0,0.0,0.005,2,family_a_W7,6.075278106614936e-08,-6.033296004709088e-08,1001
circle_r15_v5,50.0,0.0,0.005,2,family_a_midspan_W5,3.19004271782634e-08,3.1485130145431536e-08,1001
circle_r15_v5,50.0,0.0,0.005,3,forward,1.2306327810421817e-05,-1.039012714953621e-05,1001
circle_r15_v5,50.0,0.0,0.005,3,central,4.0328758470741485e-05,-3.8169891809779284e-05,1001
circle_r15_v5,50.0,0.0,0.005,3,cubic_global,1.562704510938929e-10,-8.294105222581365e-11,1001
circle_r15_v5,50.0,0.0,0.005,3,smoothing_spline,0.21612679079612457,0.03162124903260966,1001
circle_r15_v5,50.0,0.0,0.005,3,savgol_w5p2,0.3976736647827251,0.022639564976547812,1001
circle_r15_v5,50.0,0.0,0.005,3,savgol_w7p3,0.6491595045559025,0.02283802282505295,1001
circle_r15_v5,50.0,0.0,0.005,3,savgol_w9p3,0.42376315424668126,0.02284227581402159,1001
circle_r15_v5,50.0,0.0,0.005,3,savgol_w11p3,0.3076481216616566,0.02262151275506588,1001
circle_r15_v5,50.0,0.0,0.005,3,family_a_W3,2.5786305606003497e-09,-2.4704593038924365e-09,1001
circle_r15_v5,50.0,0.0,0.005,3,family_a_W5,1.700920413657737e-08,-1.6786901930427723e-08,1001
circle_r15_v5,50.0,0.0,0.005,3,family_a_W7,6.057246356488781e-08,-6.018077339362786e-08,1001
circle_r15_v5,50.0,0.0,0.005,3,family_a_midspan_W5,3.189622876090655e-08,3.150076426121179e-08,1001
circle_r15_v5,50.0,0.0,0.005,4,forward,1.2537963931076249e-05,-1.0469997423363167e-05,1001
circle_r15_v5,50.0,0.0,0.005,4,central,4.0307242389396334e-05,-3.815483903075357e-05,1001
circle_r15_v5,50.0,0.0,0.005,4,cubic_global,1.6007326137809266e-10,-8.302422653675949e-11,1001
circle_r15_v5,50.0,0.0,0.005,4,smoothing_spline,0.21613939210573255,0.03162357627512975,1001
circle_r15_v5,50.0,0.0,0.005,4,savgol_w5p2,0.391556692587785,-0.05466522777232776,1001
circle_r15_v5,50.0,0.0,0.005,4,savgol_w7p3,0.6180699901166865,-0.05465513975053206,1001
circle_r15_v5,50.0,0.0,0.005,4,savgol_w9p3,0.4148382893721903,-0.05457170745347929,1001
circle_r15_v5,50.0,0.0,0.005,4,savgol_w11p3,0.3070043416155228,-0.054402876772717025,1001
circle_r15_v5,50.0,0.0,0.005,4,family_a_W3,2.5797117519265695e-09,-2.4577871123191317e-09,1001
circle_r15_v5,50.0,0.0,0.005,4,family_a_W5,1.7067685792385617e-08,-1.6821864575119797e-08,1001
circle_r15_v5,50.0,0.0,0.005,4,family_a_W7,6.080036244078107e-08,-6.035785331446185e-08,1001
circle_r15_v5,50.0,0.0,0.005,4,family_a_midspan_W5,3.178921305718732e-08,3.1401496633427706e-08,1001
circle_r15_v5,50.0,0.01,0.0,0,forward,0.7081373658235693,0.05124959876946059,1001
circle_r15_v5,50.0,0.01,0.0,0,central,0.3498007721026038,0.01311293502513496,1001
circle_r15_v5,50.0,0.01,0.0,0,cubic_global,0.5889193875131177,0.03675007327201505,1001
circle_r15_v5,50.0,0.01,0.0,0,smoothing_spline,0.21604351873107036,0.031685298898345454,1001
circle_r15_v5,50.0,0.01,0.0,0,savgol_w5p2,0.15127312803776002,0.0026130256479193325,1001
circle_r15_v5,50.0,0.01,0.0,0,savgol_w7p3,0.24676609553374146,0.006829161406527885,1001
circle_r15_v5,50.0,0.01,0.0,0,savgol_w9p3,0.16206500389308665,0.0031853835084824614,1001
circle_r15_v5,50.0,0.01,0.0,0,savgol_w11p3,0.11676602929409012,0.0019019107932139556,1001
circle_r15_v5,50.0,0.01,0.0,0,family_a_W3,0.24676609553373235,0.006829161406412756,1001
circle_r15_v5,50.0,0.01,0.0,0,family_a_W5,0.11676602929408665,0.0019019107931003408,1001
circle_r15_v5,50.0,0.01,0.0,0,family_a_W7,0.07099309779597403,0.0005942589176888228,1001
circle_r15_v5,50.0,0.01,0.0,0,family_a_midspan_W5,0.06383449057457491,0.00356309122078907,1001
circle_r15_v5,50.0,0.01,0.0,1,forward,0.7213869627431028,0.050308282694281926,1001
circle_r15_v5,50.0,0.01,0.0,1,central,0.35973129853092783,0.01342872582977999,1001
circle_r15_v5,50.0,0.01,0.0,1,cubic_global,0.6043352793431093,0.03638301809216081,1001
circle_r15_v5,50.0,0.01,0.0,1,smoothing_spline,0.21617478252413133,0.031644194435767756,1001
circle_r15_v5,50.0,0.01,0.0,1,savgol_w5p2,0.15741348387216988,0.0029175067986940686,1001
circle_r15_v5,50.0,0.01,0.0,1,savgol_w7p3,0.2567173708789767,0.007057268880804187,1001
circle_r15_v5,50.0,0.01,0.0,1,savgol_w9p3,0.16847423084516017,0.0035589332204730914,1001
circle_r15_v5,50.0,0.01,0.0,1,savgol_w11p3,0.12092862751844664,0.0018735308347539279,1001
circle_r15_v5,50.0,0.01,0.0,1,family_a_W3,0.2567173708789746,0.007057268880690657,1001
circle_r15_v5,50.0,0.01,0.0,1,family_a_W5,0.12092862751844506,0.0018735308346398594,1001
circle_r15_v5,50.0,0.01,0.0,1,family_a_W7,0.0742572428433996,0.001092011039191226,1001
circle_r15_v5,50.0,0.01,0.0,1,family_a_midspan_W5,0.06670462373007223,0.0041352686259496126,1001
circle_r15_v5,50.0,0.01,0.0,2,forward,0.7173114125424425,0.047642744828337004,1001
circle_r15_v5,50.0,0.01,0.0,2,central,0.3618145212458174,0.011920103924815007,1001
circle_r15_v5,50.0,0.01,0.0,2,cubic_global,0.6123308334823625,0.032763526873240474,1001
circle_r15_v5,50.0,0.01,0.0,2,smoothing_spline,0.2161438088594545,0.03169488549897858,1001
circle_r15_v5,50.0,0.01,0.0,2,savgol_w5p2,0.15893962333728112,0.002431536709614189,1001
circle_r15_v5,50.0,0.01,0.0,2,savgol_w7p3,0.2538675884753835,0.006640885889100472,1001
circle_r15_v5,50.0,0.01,0.0,2,savgol_w9p3,0.17246129584375772,0.0031129488138322363,1001
circle_r15_v5,50.0,0.01,0.0,2,savgol_w11p3,0.1261354888336799,0.001520158261470241,1001
circle_r15_v5,50.0,0.01,0.0,2,family_a_W3,0.2538675884753731,0.006640885888986905,1001
circle_r15_v5,50.0,0.01,0.0,2,family_a_W5,0.12613548883367234,0.001520158261354908,1001
circle_r15_v5,50.0,0.01,0.0,2,family_a_W7,0.07516144684959576,0.00034272471179245894,1001
circle_r15_v5,50.0,0.01,0.0,2,family_a_midspan_W5,0.06403940812246248,0.003219933985278915,1001
circle_r15_v5,50.0,0.01,0.0,3,forward,0.6792268775791926,0.04641711513687705,1001
circle_r15_v5,50.0,0.01,0.0,3,central,0.3432865131412708,0.011863353663566846,1001
circle_r15_v5,50.0,0.01,0.0,3,cubic_global,0.5714739366301147,0.03247564996251258,1001
circle_r15_v5,50.0,0.01,0.0,3,smoothing_spline,0.2160329894789867,0.03149139568577067,1001
circle_r15_v5,50.0,0.01,0.0,3,savgol_w5p2,0.15326542200817359,0.002405691331375209,1001
circle_r15_v5,50.0,0.01,0.0,3,savgol_w7p3,0.24871351392120258,0.006458179714110805,1001
circle_r15_v5,50.0,0.01,0.0,3,savgol_w9p3,0.16501100969018667,0.002867985040149738,1001
circle_r15_v5,50.0,0.01,0.0,3,savgol_w11p3,0.11915213973662114,0.0017812854244093662,1001
circle_r15_v5,50.0,0.01,0.0,3,family_a_W3,0.24871351392119745,0.006458179713995943,1001
circle_r15_v5,50.0,0.01,0.0,3,family_a_W5,0.11915213973662049,0.0017812854242963505,1001
circle_r15_v5,50.0,0.01,0.0,3,family_a_W7,0.07227167216671807,0.000992490358083436,1001
circle_r15_v5,50.0,0.01,0.0,3,family_a_midspan_W5,0.06586550227942331,0.0037260233436418313,1001
circle_r15_v5,50.0,0.01,0.0,4,forward,0.7184090846530206,0.04471507280244522,1001
circle_r15_v5,50.0,0.01,0.0,4,central,0.3453005766651897,0.010786772904608584,1001
circle_r15_v5,50.0,0.01,0.0,4,cubic_global,0.5945181010567802,0.03182449269187806,1001
circle_r15_v5,50.0,0.01,0.0,4,smoothing_spline,0.2159998565492951,0.031623921870402805,1001
circle_r15_v5,50.0,0.01,0.0,4,savgol_w5p2,0.15328216983823287,0.0017258136391342935,1001
circle_r15_v5,50.0,0.01,0.0,4,savgol_w7p3,0.24238563186548615,0.005364160613283983,1001
circle_r15_v5,50.0,0.01,0.0,4,savgol_w9p3,0.1637479987286086,0.0021563820316770448,1001
circle_r15_v5,50.0,0.01,0.0,4,savgol_w11p3,0.12044875423936789,0.0010901100592257866,1001
circle_r15_v5,50.0,0.01,0.0,4,family_a_W3,0.24238563186548057,0.0053641606131706945,1001
circle_r15_v5,50.0,0.01,0.0,4,family_a_W5,0.12044875423936288,0.0010901100591108942,1001
circle_r15_v5,50.0,0.01,0.0,4,family_a_W7,0.07747958473940565,0.0005574010294820211,1001
circle_r15_v5,50.0,0.01,0.0,4,family_a_midspan_W5,0.06333647983878343,0.003474279598162044,1001
circle_r15_v5,50.0,0.01,0.005,0,forward,1.134788942338761,0.11297672592932627,1001
circle_r15_v5,50.0,0.01,0.005,0,central,0.37745134593819674,0.010713741898641863,1001
circle_r15_v5,50.0,0.01,0.005,0,cubic_global,1.437534057777555,0.16701533507252997,1001
circle_r15_v5,50.0,0.01,0.005,0,smoothing_spline,0.21599920500613526,0.0315463131502221,1001
circle_r15_v5,50.0,0.01,0.005,0,savgol_w5p2,0.42189239202082235,-0.04038169879312489,1001
circle_r15_v5,50.0,0.01,0.005,0,savgol_w7p3,0.6805291015261377,-0.0359758677193753,1001
circle_r15_v5,50.0,0.01,0.005,0,savgol_w9p3,0.4564003351631477,-0.040042562957946934,1001
circle_r15_v5,50.0,0.01,0.005,0,savgol_w11p3,0.3323569675882504,-0.04194591406688168,1001
circle_r15_v5,50.0,0.01,0.005,0,family_a_W3,0.2725234550128926,0.006258410055929421,1001
circle_r15_v5,50.0,0.01,0.005,0,family_a_W5,0.12973666576255785,0.002044458130048413,1001
circle_r15_v5,50.0,0.01,0.005,0,family_a_W7,0.07776377548502779,0.0007380505316338545,1001
circle_r15_v5,50.0,0.01,0.005,0,family_a_midspan_W5,0.06569147881887666,0.003457399490701041,1001
circle_r15_v5,50.0,0.01,0.005,1,forward,2.3529310938736705,0.25968708694685216,1001
circle_r15_v5,50.0,0.01,0.005,1,central,0.37909131427067105,0.02249292058440576,1001
circle_r15_v5,50.0,0.01,0.005,1,cubic_global,3.1782494939850703,0.45685316584326296,1001
circle_r15_v5,50.0,0.01,0.005,1,smoothing_spline,0.21603629813695818,0.03168761718225737,1001
circle_r15_v5,50.0,0.01,0.005,1,savgol_w5p2,0.40934077840952793,0.020185080278475695,1001
circle_r15_v5,50.0,0.01,0.005,1,savgol_w7p3,0.6591339237779753,0.02375525159606775,1001
circle_r15_v5,50.0,0.01,0.005,1,savgol_w9p3,0.44002208903013146,0.020365420746684328,1001
circle_r15_v5,50.0,0.01,0.005,1,savgol_w11p3,0.31925600754828076,0.019541386690880017,1001
circle_r15_v5,50.0,0.01,0.005,1,family_a_W3,0.27032566807524266,0.006165113501722703,1001
circle_r15_v5,50.0,0.01,0.005,1,family_a_W5,0.12904677347409646,0.001548657733141729,1001
circle_r15_v5,50.0,0.01,0.005,1,family_a_W7,0.07768320960629832,0.0007924746849560547,1001
circle_r15_v5,50.0,0.01,0.005,1,family_a_midspan_W5,0.0648532763166129,0.0015869896682163256,1001
circle_r15_v5,50.0,0.01,0.005,2,forward,1.6732390295624464,0.19517850607176704,1001
circle_r15_v5,50.0,0.01,0.005,2,central,0.363689982804183,0.01772960506212985,1001
circle_r15_v5,50.0,0.01,0.005,2,cubic_global,2.2054793093052756,0.31629163635566265,1001
circle_r15_v5,50.0,0.01,0.005,2,smoothing_spline,0.2160965883827754,0.0314218181682447,1001
circle_r15_v5,50.0,0.01,0.005,2,savgol_w5p2,0.42171517054432717,0.0030308510596513323,1001
circle_r15_v5,50.0,0.01,0.005,2,savgol_w7p3,0.6708478075448717,0.007157813073793292,1001
circle_r15_v5,50.0,0.01,0.005,2,savgol_w9p3,0.45531705250680643,0.0036127565437017884,1001
circle_r15_v5,50.0,0.01,0.005,2,savgol_w11p3,0.3421542574944731,0.0018271558218788794,1001
circle_r15_v5,50.0,0.01,0.005,2,family_a_W3,0.2685946093701532,0.00855465098292132,1001
circle_r15_v5,50.0,0.01,0.005,2,family_a_W5,0.12303125122595182,0.001000526163139812,1001
circle_r15_v5,50.0,0.01,0.005,2,family_a_W7,0.07450980696685622,0.0004096964526227365,1001
circle_r15_v5,50.0,0.01,0.005,2,family_a_midspan_W5,0.06547954610200478,0.0031439728827188677,1001
circle_r15_v5,50.0,0.01,0.005,3,forward,4.598714803449682,0.24916753806108793,1001
circle_r15_v5,50.0,0.01,0.005,3,central,0.38118836486786284,0.01448783729148502,1001
circle_r15_v5,50.0,0.01,0.005,3,cubic_global,6.473867299160672,0.4732949001098462,1001
circle_r15_v5,50.0,0.01,0.005,3,smoothing_spline,0.21607048034403184,0.03156221406463964,1001
circle_r15_v5,50.0,0.01,0.005,3,savgol_w5p2,0.4236574385284496,0.02426545507315629,1001
circle_r15_v5,50.0,0.01,0.005,3,savgol_w7p3,0.6924357379883767,0.028393572810624323,1001
circle_r15_v5,50.0,0.01,0.005,3,savgol_w9p3,0.45039273877089253,0.02468331929293972,1001
circle_r15_v5,50.0,0.01,0.005,3,savgol_w11p3,0.3312405972610849,0.023370874084524287,1001
circle_r15_v5,50.0,0.01,0.005,3,family_a_W3,0.2681815063802038,0.006473294437830114,1001
circle_r15_v5,50.0,0.01,0.005,3,family_a_W5,0.12137931323144198,0.0010744718309194515,1001
circle_r15_v5,50.0,0.01,0.005,3,family_a_W7,0.07280932835866775,9.455583467566918e-05,1001
circle_r15_v5,50.0,0.01,0.005,3,family_a_midspan_W5,0.06808180344707773,0.0031055567911110055,1001
circle_r15_v5,50.0,0.01,0.005,4,forward,1.9084501909372538,0.19653340196420238,1001
circle_r15_v5,50.0,0.01,0.005,4,central,0.3618956578203047,0.009544696353705204,1001
circle_r15_v5,50.0,0.01,0.005,4,cubic_global,2.562600115028838,0.32241038247948517,1001
circle_r15_v5,50.0,0.01,0.005,4,smoothing_spline,0.21612676404559703,0.03158824091543715,1001
circle_r15_v5,50.0,0.01,0.005,4,savgol_w5p2,0.42613638610664134,-0.0523788430730674,1001
circle_r15_v5,50.0,0.01,0.005,4,savgol_w7p3,0.676430165868666,-0.04890069203831911,1001
circle_r15_v5,50.0,0.01,0.005,4,savgol_w9p3,0.4504977793977821,-0.051966022010623135,1001
circle_r15_v5,50.0,0.01,0.005,4,savgol_w11p3,0.32989035024163865,-0.052947373297623064,1001
circle_r15_v5,50.0,0.01,0.005,4,family_a_W3,0.25870993602962933,0.009420403633064773,1001
circle_r15_v5,50.0,0.01,0.005,4,family_a_W5,0.11729845269220432,0.0012605307624775977,1001
circle_r15_v5,50.0,0.01,0.005,4,family_a_W7,0.07256142204255511,0.00040077170205838236,1001
circle_r15_v5,50.0,0.01,0.005,4,family_a_midspan_W5,0.06356179937748911,0.003658693199310775,1001
circle_r15_v5,50.0,0.05,0.0,0,forward,3.320075047650218,1.4507983843165906,1001
circle_r15_v5,50.0,0.05,0.0,0,central,1.7115011345087743,0.34274185878779667,1001
circle_r15_v5,50.0,0.05,0.0,0,cubic_global,2.7825557318244387,1.015420354006318,1001
circle_r15_v5,50.0,0.05,0.0,0,smoothing_spline,0.21585337102880275,0.031928223482537293,1001
circle_r15_v5,50.0,0.05,0.0,0,savgol_w5p2,0.7556956673497748,0.06654115553150776,1001
circle_r15_v5,50.0,0.05,0.0,0,savgol_w7p3,1.231055955814381,0.16964198887134277,1001
circle_r15_v5,50.0,0.05,0.0,0,savgol_w9p3,0.8074594385105904,0.07828517055750436,1001
circle_r15_v5,50.0,0.05,0.0,0,savgol_w11p3,0.5838888091209081,0.04315428647960272,1001
circle_r15_v5,50.0,0.05,0.0,0,family_a_W3,1.231055955814338,0.16964198887122695,1001
circle_r15_v5,50.0,0.05,0.0,0,family_a_W5,0.5838888091208869,0.04315428647948986,1001
circle_r15_v5,50.0,0.05,0.0,0,family_a_W7,0.3542700241477573,0.01569012454670281,1001
circle_r15_v5,50.0,0.05,0.0,0,family_a_midspan_W5,0.33390590850512786,0.09366077660167248,1001
circle_r15_v5,50.0,0.05,0.0,1,forward,3.3504973564098717,1.435673846741079,1001
circle_r15_v5,50.0,0.05,0.0,1,central,1.7421850773625518,0.3469208414955534,1001
circle_r15_v5,50.0,0.05,0.0,1,cubic_global,2.8388053958725914,1.0086525485579423,1001
circle_r15_v5,50.0,0.05,0.0,1,smoothing_spline,0.21651624437779518,0.03172276953280702,1001
circle_r15_v5,50.0,0.05,0.0,1,savgol_w5p2,0.7834918273788759,0.06591798956328423,1001
circle_r15_v5,50.0,0.05,0.0,1,savgol_w7p3,1.2664714631365113,0.16809835767686124,1001
circle_r15_v5,50.0,0.05,0.0,1,savgol_w9p3,0.838337513000677,0.07927840907551852,1001
circle_r15_v5,50.0,0.05,0.0,1,savgol_w11p3,0.6037716594274524,0.04195113738889046,1001
circle_r15_v5,50.0,0.05,0.0,1,family_a_W3,1.2664714631364773,0.1680983576767427,1001
circle_r15_v5,50.0,0.05,0.0,1,family_a_W5,0.6037716594274309,0.04195113738877461,1001
circle_r15_v5,50.0,0.05,0.0,1,family_a_W7,0.37159733929204525,0.018027149803612384,1001
circle_r15_v5,50.0,0.05,0.0,1,family_a_midspan_W5,0.3397202685288996,0.09534218551394696,1001
circle_r15_v5,50.0,0.05,0.0,2,forward,3.2473575017119733,1.4373967901474851,1001
circle_r15_v5,50.0,0.05,0.0,2,central,1.7726175300615388,0.31296964628483176,1001
circle_r15_v5,50.0,0.05,0.0,2,cubic_global,2.8381996240635083,0.9510031939598117,1001
circle_r15_v5,50.0,0.05,0.0,2,smoothing_spline,0.21635475167989707,0.031976112300715245,1001
circle_r15_v5,50.0,0.05,0.0,2,savgol_w5p2,0.7930297168685597,0.06550842932699273,1001
circle_r15_v5,50.0,0.05,0.0,2,savgol_w7p3,1.2650965416135258,0.16850299437124716,1001
circle_r15_v5,50.0,0.05,0.0,2,savgol_w9p3,0.8571880930243907,0.07673019425586083,1001
circle_r15_v5,50.0,0.05,0.0,2,savgol_w11p3,0.6268639160078346,0.040073082245282325,1001
circle_r15_v5,50.0,0.05,0.0,2,family_a_W3,1.265096541613482,0.16850299437113186,1001
circle_r15_v5,50.0,0.05,0.0,2,family_a_W5,0.6268639160078108,0.04007308224516779,1001
circle_r15_v5,50.0,0.05,0.0,2,family_a_W7,0.37410986823238146,0.013963371658914498,1001
circle_r15_v5,50.0,0.05,0.0,2,family_a_midspan_W5,0.32900920782907445,0.08910634175033984,1001
circle_r15_v5,50.0,0.05,0.0,3,forward,3.1901514187488,1.3091608307066511,1001
circle_r15_v5,50.0,0.05,0.0,3,central,1.6854444637805517,0.3198492996091806,1001
circle_r15_v5,50.0,0.05,0.0,3,cubic_global,2.720802024687738,0.9082190520442106,1001
circle_r15_v5,50.0,0.05,0.0,3,smoothing_spline,0.2158023543974784,0.030958929769150267,1001
circle_r15_v5,50.0,0.05,0.0,3,savgol_w5p2,0.7678964646378297,0.0626938469336221,1001
circle_r15_v5,50.0,0.05,0.0,3,savgol_w7p3,1.2368071715402469,0.16894954218033514,1001
circle_r15_v5,50.0,0.05,0.0,3,savgol_w9p3,0.8274031647447639,0.071212225940389,1001
circle_r15_v5,50.0,0.05,0.0,3,savgol_w11p3,0.5953797565212742,0.039602700465767714,1001
circle_r15_v5,50.0,0.05,0.0,3,family_a_W3,1.23680717154022,0.16894954218021893,1001
circle_r15_v5,50.0,0.05,0.0,3,family_a_W5,0.5953797565212576,0.039602700465655095,1001
circle_r15_v5,50.0,0.05,0.0,3,family_a_W7,0.36168973781283875,0.01794662515889777,1001
circle_r15_v5,50.0,0.05,0.0,3,family_a_midspan_W5,0.3377819545955874,0.08768716941634677,1001
circle_r15_v5,50.0,0.05,0.0,4,forward,3.2921995347104533,1.3699396217104503,1001
circle_r15_v5,50.0,0.05,0.0,4,central,1.6798060056894617,0.3037490793549579,1001
circle_r15_v5,50.0,0.05,0.0,4,cubic_global,2.748641304946391,0.944224239441934,1001
circle_r15_v5,50.0,0.05,0.0,4,smoothing_spline,0.21563644639708726,0.03162154420826936,1001
circle_r15_v5,50.0,0.05,0.0,4,savgol_w5p2,0.7638797107694418,0.05705684046793431,1001
circle_r15_v5,50.0,0.05,0.0,4,savgol_w7p3,1.2010325759384635,0.1536642688324964,1001
circle_r15_v5,50.0,0.05,0.0,4,savgol_w9p3,0.8156476823643163,0.06501408572450416,1001
circle_r15_v5,50.0,0.05,0.0,4,savgol_w11p3,0.5989042344635755,0.03487413501071507,1001
circle_r15_v5,50.0,0.05,0.0,4,family_a_W3,1.2010325759384242,0.15366426883238132,1001
circle_r15_v5,50.0,0.05,0.0,4,family_a_W5,0.5989042344635572,0.03487413501060007,1001
circle_r15_v5,50.0,0.05,0.0,4,family_a_W7,0.3870626273475825,0.013788362034133023,1001
circle_r15_v5,50.0,0.05,0.0,4,family_a_midspan_W5,0.32248106547862954,0.08546182147250518,1001
circle_r15_v5,50.0,0.05,0.005,0,forward,6.890697712329127,2.4145077497747702,1001
circle_r15_v5,50.0,0.05,0.005,0,central,1.8065272869058588,0.37017874463534856,1001
circle_r15_v5,50.0,0.05,0.005,0,cubic_global,8.968901607223545,3.0675485779477283,1001
circle_r15_v5,50.0,0.05,0.005,0,smoothing_spline,0.21575972128651177,0.031188170863567923,1001
circle_r15_v5,50.0,0.05,0.005,0,savgol_w5p2,0.9009092449284052,0.01682716944090987,1001
circle_r15_v5,50.0,0.05,0.005,0,savgol_w7p3,1.4268214048689523,0.11991031922501676,1001
circle_r15_v5,50.0,0.05,0.005,0,savgol_w9p3,0.963800341550143,0.025286472781923117,1001
circle_r15_v5,50.0,0.05,0.005,0,savgol_w11p3,0.7111803567230858,-0.007549787173737797,1001
circle_r15_v5,50.0,0.05,0.005,0,family_a_W3,1.3433840845437748,0.17075090552381447,1001
circle_r15_v5,50.0,0.05,0.005,0,family_a_W5,0.6478120205371692,0.03845628499723241,1001
circle_r15_v5,50.0,0.05,0.005,0,family_a_W7,0.38988459274666976,0.014968033577328763,1001
circle_r15_v5,50.0,0.05,0.005,0,family_a_midspan_W5,0.32946160460746965,0.08409698395145308,1001
circle_r15_v5,50.0,0.05,0.005,1,forward,12.469307939506363,2.8763438159354493,1001
circle_r15_v5,50.0,0.05,0.005,1,central,1.8435815213266757,0.40723443656970865,1001
circle_r15_v5,50.0,0.05,0.005,1,cubic_global,17.117599165240474,4.3093921419838805,1001
circle_r15_v5,50.0,0.05,0.005,1,smoothing_spline,0.215979400173449,0.03199318942219209,1001
circle_r15_v5,50.0,0.05,0.005,1,savgol_w5p2,0.8661267283299582,0.07742094751426298,1001
circle_r15_v5,50.0,0.05,0.005,1,savgol_w7p3,1.3645966558660991,0.1814304286903489,1001
circle_r15_v5,50.0,0.05,0.005,1,savgol_w9p3,0.9415677393274573,0.08621936802924574,1001
circle_r15_v5,50.0,0.05,0.005,1,savgol_w11p3,0.6885647129382871,0.054387603008031804,1001
circle_r15_v5,50.0,0.05,0.005,1,family_a_W3,1.3379628983262621,0.17487615198081893,1001
circle_r15_v5,50.0,0.05,0.005,1,family_a_W5,0.6433683153162975,0.03790933525406288,1001
circle_r15_v5,50.0,0.05,0.005,1,family_a_W7,0.38840876743852737,0.016050083178996578,1001
circle_r15_v5,50.0,0.05,0.005,1,family_a_midspan_W5,0.3291996326728847,0.07608989608273224,1001
circle_r15_v5,50.0,0.05,0.005,2,forward,9.267448769817738,2.671167374282549,1001
circle_r15_v5,50.0,0.05,0.005,2,central,1.782736006535128,0.3552355442798427,1001
circle_r15_v5,50.0,0.05,0.005,2,cubic_global,12.430851609724824,3.7765238599621695,1001
circle_r15_v5,50.0,0.05,0.005,2,smoothing_spline,0.21624278847462722,0.03065565314825245,1001
circle_r15_v5,50.0,0.05,0.005,2,savgol_w5p2,0.8608088040651564,0.06313910755974173,1001
circle_r15_v5,50.0,0.05,0.005,2,savgol_w7p3,1.3736963374274522,0.1643545891438855,1001
circle_r15_v5,50.0,0.05,0.005,2,savgol_w9p3,0.931224248998205,0.07143787368410864,1001
circle_r15_v5,50.0,0.05,0.005,2,savgol_w11p3,0.6848047087679492,0.0384096772620331,1001
circle_r15_v5,50.0,0.05,0.005,2,family_a_W3,1.3312365205080834,0.1862131321920391,1001
circle_r15_v5,50.0,0.05,0.005,2,family_a_W5,0.6139759510884333,0.035678729413484496,1001
circle_r15_v5,50.0,0.05,0.005,2,family_a_W7,0.3720013772128388,0.012020503592247163,1001
circle_r15_v5,50.0,0.05,0.005,2,family_a_midspan_W5,0.33621846597153754,0.08638537171041541,1001
circle_r15_v5,50.0,0.05,0.005,3,forward,23.079797318764285,2.8781319290559013,1001
circle_r15_v5,50.0,0.05,0.005,3,central,1.8503623057055334,0.36975200204337333,1001
circle_r15_v5,50.0,0.05,0.005,3,cubic_global,32.743382648276196,4.405767120788036,1001
circle_r15_v5,50.0,0.05,0.005,3,smoothing_spline,0.2158512165999305,0.031326346463982205,1001
circle_r15_v5,50.0,0.05,0.005,3,savgol_w5p2,0.875292791303901,0.08294687263327255,1001
circle_r15_v5,50.0,0.05,0.005,3,savgol_w7p3,1.425513806520917,0.18635341498963753,1001
circle_r15_v5,50.0,0.05,0.005,3,savgol_w9p3,0.9363637204526053,0.09343945251693399,1001
circle_r15_v5,50.0,0.05,0.005,3,savgol_w11p3,0.6774388584448137,0.05919781538887085,1001
circle_r15_v5,50.0,0.05,0.005,3,family_a_W3,1.3244730017363804,0.1762563923796944,1001
circle_r15_v5,50.0,0.05,0.005,3,family_a_W5,0.6057761450817155,0.037414390758370615,1001
circle_r15_v5,50.0,0.05,0.005,3,family_a_W7,0.36319850256535724,0.013414852184019081,1001
circle_r15_v5,50.0,0.05,0.005,3,family_a_midspan_W5,0.34647077197743353,0.08843573895408294,1001
circle_r15_v5,50.0,0.05,0.005,4,forward,10.437607044327658,2.8630343825155613,1001
circle_r15_v5,50.0,0.05,0.005,4,central,1.7465357465127724,0.32329781743015495,1001
circle_r15_v5,50.0,0.05,0.005,4,cubic_global,14.085453559262456,4.127646961563128,1001
circle_r15_v5,50.0,0.05,0.005,4,smoothing_spline,0.21607997240801582,0.03144707970302995,1001
circle_r15_v5,50.0,0.05,0.005,4,savgol_w5p2,0.8575117775349566,0.002563785171126487,1001
circle_r15_v5,50.0,0.05,0.005,4,savgol_w7p3,1.39303640268556,0.0912014363265277,1001
circle_r15_v5,50.0,0.05,0.005,4,savgol_w9p3,0.9050121255260134,0.011600701089094972,1001
circle_r15_v5,50.0,0.05,0.005,4,savgol_w11p3,0.6574729379077064,-0.01865966306628792,1001
circle_r15_v5,50.0,0.05,0.005,4,family_a_W3,1.2844257681761513,0.17670467457642086,1001
circle_r15_v5,50.0,0.05,0.005,4,family_a_W5,0.5830218593780687,0.034032678449300795,1001
circle_r15_v5,50.0,0.05,0.005,4,family_a_W7,0.3618554075981191,0.013301958388459089,1001
circle_r15_v5,50.0,0.05,0.005,4,family_a_midspan_W5,0.3198561867896705,0.08282677101632824,1001
circle_r15_v5,50.0,0.2,0.0,0,forward,16.541141470366377,13.542553348332016,1001
circle_r15_v5,50.0,0.2,0.0,0,central,7.1702871804051185,5.033056568814271,1001
circle_r15_v5,50.0,0.2,0.0,0,cubic_global,13.421022484456985,10.634122598692295,1001
circle_r15_v5,50.0,0.2,0.0,0,smoothing_spline,0.21518261760966054,0.032841060641952476,1001
circle_r15_v5,50.0,0.2,0.0,0,savgol_w5p2,2.9210170044856594,1.1213109656961406,1001
circle_r15_v5,50.0,0.2,0.0,0,savgol_w7p3,4.832573879426861,2.7983798977715666,1001
circle_r15_v5,50.0,0.2,0.0,0,savgol_w9p3,3.1238363324540908,1.3144731850955305,1001
circle_r15_v5,50.0,0.2,0.0,0,savgol_w11p3,2.3132983216988445,0.68765470337135,1001
circle_r15_v5,50.0,0.2,0.0,0,family_a_W3,4.832573879426683,2.798379897771388,1001
circle_r15_v5,50.0,0.2,0.0,0,family_a_W5,2.313298321698761,0.6876547033712243,1001
circle_r15_v5,50.0,0.2,0.0,0,family_a_W7,1.3962581264447478,0.2592496024718272,1001
circle_r15_v5,50.0,0.2,0.0,0,family_a_midspan_W5,1.9300483159979778,1.45915151202643,1001
circle_r15_v5,50.0,0.2,0.0,1,forward,16.54788293534685,13.546999336789355,1001
circle_r15_v5,50.0,0.2,0.0,1,central,7.295184504842573,5.056606006232061,1001
circle_r15_v5,50.0,0.2,0.0,1,cubic_global,13.561419524882321,10.61705417934209,1001
circle_r15_v5,50.0,0.2,0.0,1,smoothing_spline,0.21793121896647336,0.032020266921013694,1001
circle_r15_v5,50.0,0.2,0.0,1,savgol_w5p2,3.0033844853776723,1.1049097346968686,1001
circle_r15_v5,50.0,0.2,0.0,1,savgol_w7p3,4.881315048384409,2.8350762259404756,1001
circle_r15_v5,50.0,0.2,0.0,1,savgol_w9p3,3.1824620825113463,1.349024761424562,1001
circle_r15_v5,50.0,0.2,0.0,1,savgol_w11p3,2.3200315309906623,0.7012496874889541,1001
circle_r15_v5,50.0,0.2,0.0,1,family_a_W3,4.881315048384235,2.835076225940289,1001
circle_r15_v5,50.0,0.2,0.0,1,family_a_W5,2.3200315309905712,0.7012496874888196,1001
circle_r15_v5,50.0,0.2,0.0,1,family_a_W7,1.463604973024733,0.26740244261285434,1001
circle_r15_v5,50.0,0.2,0.0,1,family_a_midspan_W5,1.933697810673322,1.4786317661209085,1001
circle_r15_v5,50.0,0.2,0.0,2,forward,16.294420803740703,13.363101384973636,1001
circle_r15_v5,50.0,0.2,0.0,2,central,7.093661792654607,5.006606040185285,1001
circle_r15_v5,50.0,0.2,0.0,2,cubic_global,13.253323065887386,10.539837566953603,1001
circle_r15_v5,50.0,0.2,0.0,2,smoothing_spline,0.21718670660469655,0.033031953061566345,1001
circle_r15_v5,50.0,0.2,0.0,2,savgol_w5p2,3.01743200543276,1.1500668083419359,1001
circle_r15_v5,50.0,0.2,0.0,2,savgol_w7p3,4.898568371770435,2.861419074684795,1001
circle_r15_v5,50.0,0.2,0.0,2,savgol_w9p3,3.2257743074044227,1.3568341401163624,1001
circle_r15_v5,50.0,0.2,0.0,2,savgol_w11p3,2.3560410540608103,0.7195775436535033,1001
circle_r15_v5,50.0,0.2,0.0,2,family_a_W3,4.898568371770267,2.861419074684622,1001
circle_r15_v5,50.0,0.2,0.0,2,family_a_W5,2.356041054060723,0.7195775436533702,1001
circle_r15_v5,50.0,0.2,0.0,2,family_a_W7,1.461020469800786,0.2496895762593283,1001
circle_r15_v5,50.0,0.2,0.0,2,family_a_midspan_W5,1.9005155194002215,1.4988523790172505,1001
circle_r15_v5,50.0,0.2,0.0,3,forward,15.64560562401035,12.790053744398895,1001
circle_r15_v5,50.0,0.2,0.0,3,central,6.979383612431353,4.827626059401497,1001
circle_r15_v5,50.0,0.2,0.0,3,cubic_global,12.812867909115916,10.019412330357618,1001
circle_r15_v5,50.0,0.2,0.0,3,smoothing_spline,0.21500324819456007,0.028967216988394787,1001
circle_r15_v5,50.0,0.2,0.0,3,savgol_w5p2,2.940347980354408,1.0832002818204232,1001
circle_r15_v5,50.0,0.2,0.0,3,savgol_w7p3,4.842096046460833,2.823564964636734,1001
circle_r15_v5,50.0,0.2,0.0,3,savgol_w9p3,3.134102501735431,1.2521908369727643,1001
circle_r15_v5,50.0,0.2,0.0,3,savgol_w11p3,2.2982780133430603,0.6576729853859156,1001
circle_r15_v5,50.0,0.2,0.0,3,family_a_W3,4.842096046460669,2.823564964636557,1001
circle_r15_v5,50.0,0.2,0.0,3,family_a_W5,2.2982780133429825,0.6576729853857874,1001
circle_r15_v5,50.0,0.2,0.0,3,family_a_W7,1.4386801674347152,0.26894877046599264,1001
circle_r15_v5,50.0,0.2,0.0,3,family_a_midspan_W5,1.85600683169264,1.414024673024948,1001
circle_r15_v5,50.0,0.2,0.0,4,forward,16.193563565206198,13.17400515950268,1001
circle_r15_v5,50.0,0.2,0.0,4,central,6.815655159292491,4.781875866244537,1001
circle_r15_v5,50.0,0.2,0.0,4,cubic_global,12.966047361744115,10.445252026237025,1001
circle_r15_v5,50.0,0.2,0.0,4,smoothing_spline,0.2143360162593706,0.031617432843095886,1001
circle_r15_v5,50.0,0.2,0.0,4,savgol_w5p2,2.8833998220606993,1.048524393041281,1001
circle_r15_v5,50.0,0.2,0.0,4,savgol_w7p3,4.687173777470167,2.6204287558208956,1001
circle_r15_v5,50.0,0.2,0.0,4,savgol_w9p3,3.063967651251004,1.1976824425503403,1001
circle_r15_v5,50.0,0.2,0.0,4,savgol_w11p3,2.2779251228953004,0.6346497976914297,1001
circle_r15_v5,50.0,0.2,0.0,4,family_a_W3,4.687173777470005,2.620428755820724,1001
circle_r15_v5,50.0,0.2,0.0,4,family_a_W5,2.2779251228952195,0.6346497976913008,1001
circle_r15_v5,50.0,0.2,0.0,4,family_a_W7,1.5203248620759466,0.22866179962605301,1001
circle_r15_v5,50.0,0.2,0.0,4,family_a_midspan_W5,1.833201724504417,1.3855152270860924,1001
circle_r15_v5,50.0,0.2,0.005,0,forward,31.69797680826892,17.482792149763444,1001
circle_r15_v5,50.0,0.2,0.005,0,central,7.746274826224075,5.359420507903375,1001
circle_r15_v5,50.0,0.2,0.005,0,cubic_global,40.30922025325265,20.613440324921296,1001
circle_r15_v5,50.0,0.2,0.005,0,smoothing_spline,0.21488345862140776,0.029845949132557864,1001
circle_r15_v5,50.0,0.2,0.005,0,savgol_w5p2,3.002667146534674,1.0491241989934121,1001
circle_r15_v5,50.0,0.2,0.005,0,savgol_w7p3,4.864504720977728,2.7579946427874207,1001
circle_r15_v5,50.0,0.2,0.005,0,savgol_w9p3,3.147248857193788,1.2372797290824329,1001
circle_r15_v5,50.0,0.2,0.005,0,savgol_w11p3,2.390846968381791,0.6100123195346381,1001
circle_r15_v5,50.0,0.2,0.005,0,family_a_W3,5.134471541236472,3.010482276354966,1001
circle_r15_v5,50.0,0.2,0.005,0,family_a_W5,2.4218117434621886,0.6619346516825848,1001
circle_r15_v5,50.0,0.2,0.005,0,family_a_W7,1.5549589360538256,0.23071065859899126,1001
circle_r15_v5,50.0,0.2,0.005,0,family_a_midspan_W5,1.8589221653145378,1.426216938501146,1001
circle_r15_v5,50.0,0.2,0.005,1,forward,51.948696227509394,19.203484365754083,1001
circle_r15_v5,50.0,0.2,0.005,1,central,7.812503787189927,5.324668125682995,1001
circle_r15_v5,50.0,0.2,0.005,1,cubic_global,70.93636920277034,25.381274087900746,1001
circle_r15_v5,50.0,0.2,0.005,1,smoothing_spline,0.21595347546953492,0.033141248777414034,1001
circle_r15_v5,50.0,0.2,0.005,1,savgol_w5p2,2.9893227094256485,1.1126537720515985,1001
circle_r15_v5,50.0,0.2,0.005,1,savgol_w7p3,4.8617700665335875,2.8401661815462775,1001
circle_r15_v5,50.0,0.2,0.005,1,savgol_w9p3,3.2577174380900624,1.2832099045805037,1001
circle_r15_v5,50.0,0.2,0.005,1,savgol_w11p3,2.4152601909062428,0.6758998688568919,1001
circle_r15_v5,50.0,0.2,0.005,1,family_a_W3,5.1520305373415045,3.0591265810700285,1001
circle_r15_v5,50.0,0.2,0.005,1,family_a_W5,2.430430070569661,0.6749833263835212,1001
circle_r15_v5,50.0,0.2,0.005,1,family_a_W7,1.5261442218360868,0.25397742608526436,1001
circle_r15_v5,50.0,0.2,0.005,1,family_a_midspan_W5,1.8701244103806685,1.4165900005908498,1001
circle_r15_v5,50.0,0.2,0.005,2,forward,39.97463051610615,18.50077598882918,1001
circle_r15_v5,50.0,0.2,0.005,2,central,7.309279382205087,5.121474102193489,1001
circle_r15_v5,50.0,0.2,0.005,2,cubic_global,53.0715549242749,23.491580333242286,1001
circle_r15_v5,50.0,0.2,0.005,2,smoothing_spline,0.21688717795708018,0.027785378366141138,1001
circle_r15_v5,50.0,0.2,0.005,2,savgol_w5p2,2.949040235544475,1.1169358747319775,1001
circle_r15_v5,50.0,0.2,0.005,2,savgol_w7p3,4.766568644309849,2.8820460180590124,1001
circle_r15_v5,50.0,0.2,0.005,2,savgol_w9p3,3.216321246276176,1.262318875875048,1001
circle_r15_v5,50.0,0.2,0.005,2,savgol_w11p3,2.3554839501354254,0.6485725452860542,1001
circle_r15_v5,50.0,0.2,0.005,2,family_a_W3,5.127131219499176,3.093792390527838,1001
circle_r15_v5,50.0,0.2,0.005,2,family_a_W5,2.366241248080361,0.6456567948283854,1001
circle_r15_v5,50.0,0.2,0.005,2,family_a_W7,1.463772847902848,0.20468951212645958,1001
circle_r15_v5,50.0,0.2,0.005,2,family_a_midspan_W5,1.9087623783393337,1.4387889209436542,1001
circle_r15_v5,50.0,0.2,0.005,3,forward,93.2816114015947,19.32549679023893,1001
circle_r15_v5,50.0,0.2,0.005,3,central,7.765224612831359,5.322166225812351,1001
circle_r15_v5,50.0,0.2,0.005,3,cubic_global,132.0829486876126,26.33504460472817,1001
circle_r15_v5,50.0,0.2,0.005,3,smoothing_spline,0.21511460884745545,0.0304457216954433,1001
circle_r15_v5,50.0,0.2,0.005,3,savgol_w5p2,2.9862255906840303,1.1657240890475433,1001
circle_r15_v5,50.0,0.2,0.005,3,savgol_w7p3,4.952695758031249,2.927036532876288,1001
circle_r15_v5,50.0,0.2,0.005,3,savgol_w9p3,3.1689484979623854,1.3899398048202896,1001
circle_r15_v5,50.0,0.2,0.005,3,savgol_w11p3,2.332371376640933,0.705915503388521,1001
circle_r15_v5,50.0,0.2,0.005,3,family_a_W3,5.125486480670617,3.0299377538987957,1001
circle_r15_v5,50.0,0.2,0.005,3,family_a_W5,2.3191479840113374,0.6791783125633679,1001
circle_r15_v5,50.0,0.2,0.005,3,family_a_W7,1.4322672362023912,0.2535241320863215,1001
circle_r15_v5,50.0,0.2,0.005,3,family_a_midspan_W5,1.9106515497260628,1.460355274964865,1001
circle_r15_v5,50.0,0.2,0.005,4,forward,44.73302711990455,19.229231358265388,1001
circle_r15_v5,50.0,0.2,0.005,4,central,7.294134962619774,4.917663015479948,1001
circle_r15_v5,50.0,0.2,0.005,4,cubic_global,59.73146639447685,25.167814437225207,1001
circle_r15_v5,50.0,0.2,0.005,4,smoothing_spline,0.21595761066012556,0.030920291773054585,1001
circle_r15_v5,50.0,0.2,0.005,4,savgol_w5p2,2.8113163894346376,0.9799406551980359,1001
circle_r15_v5,50.0,0.2,0.005,4,savgol_w7p3,4.643346302503887,2.561792187857375,1001
circle_r15_v5,50.0,0.2,0.005,4,savgol_w9p3,3.008696699495639,1.1170469904080467,1001
circle_r15_v5,50.0,0.2,0.005,4,savgol_w11p3,2.242325983309551,0.555094274253068,1001
circle_r15_v5,50.0,0.2,0.005,4,family_a_W3,4.95921249518858,2.824022467145905,1001
circle_r15_v5,50.0,0.2,0.005,4,family_a_W5,2.2270201561621508,0.5987638225534573,1001
circle_r15_v5,50.0,0.2,0.005,4,family_a_W7,1.4299023659497259,0.2275098523627893,1001
circle_r15_v5,50.0,0.2,0.005,4,family_a_midspan_W5,1.776391187214004,1.3235280524747726,1001
circle_r5_v2,2.0,0.0,0.0,0,forward,0.003331667063436933,-0.0033316670634369336,41
circle_r5_v2,2.0,0.0,0.0,0,central,0.013306692049387843,-0.013306692049387843,41
circle_r5_v2,2.0,0.0,0.0,0,cubic_global,4.288948860441853e-05,-2.454482721971477e-05,41
circle_r5_v2,2.0,0.0,0.0,0,smoothing_spline,0.18338558602362148,-0.019232043667914377,41
circle_r5_v2,2.0,0.0,0.0,0,savgol_w5p2,0.04498796917527519,-0.0449879691752752,41
circle_r5_v2,2.0,0.0,0.0,0,savgol_w7p3,0.0006574836426696844,-0.0006574836426696844,41
circle_r5_v2,2.0,0.0,0.0,0,savgol_w9p3,0.002076041237657728,-0.0020760412376577284,41
circle_r5_v2,2.0,0.0,0.0,0,savgol_w11p3,0.004915543027043614,-0.0049155430270436135,41
circle_r5_v2,2.0,0.0,0.0,0,family_a_W3,0.000657483642670329,-0.0006574836426703291,41
circle_r5_v2,2.0,0.0,0.0,0,family_a_W5,0.004915543027043879,-0.004915543027043879,41
circle_r5_v2,2.0,0.0,0.0,0,family_a_W7,0.01718318091576213,-0.017152755357871714,41
circle_r5_v2,2.0,0.0,0.0,0,family_a_midspan_W5,0.008529515822206126,0.008529515822206126,41
circle_r5_v2,2.0,0.0,0.0,1,forward,0.003331667063436933,-0.0033316670634369336,41
circle_r5_v2,2.0,0.0,0.0,1,central,0.013306692049387843,-0.013306692049387843,41
circle_r5_v2,2.0,0.0,0.0,1,cubic_global,4.288948860441853e-05,-2.454482721971477e-05,41
circle_r5_v2,2.0,0.0,0.0,1,smoothing_spline,0.18338558602362148,-0.019232043667914377,41
circle_r5_v2,2.0,0.0,0.0,1,savgol_w5p2,0.04498796917527519,-0.0449879691752752,41
circle_r5_v2,2.0,0.0,0.0,1,savgol_w7p3,0.0006574836426696844,-0.0006574836426696844,41
circle_r5_v2,2.0,0.0,0.0,1,savgol_w9p3,0.002076041237657728,-0.0020760412376577284,41
circle_r5_v2,2.0,0.0,0.0,1,savgol_w11p3,0.004915543027043614,-0.0049155430270436135,41
circle_r5_v2,2.0,0.0,0.0,1,family_a_W3,0.000657483642670329,-0.0006574836426703291,41
circle_r5_v2,2.0,0.0,0.0,1,family_a_W5,0.004915543027043879,-0.004915543027043879,41
circle_r5_v2,2.0,0.0,0.0,1,family_a_W7,0.01718318091576213,-0.017152755357871714,41
circle_r5_v2,2.0,0.0,0.0,1,family_a_midspan_W5,0.008529515822206126,0.008529515822206126,41
circle_r5_v2,2.0,0.0,0.0,2,forward,0.003331667063436933,-0.0033316670634369336,41
circle_r5_v2,2.0,0.0,0.0,2,central,0.013306692049387843,-0.013306692049387843,41
circle_r5_v2,2.0,0.0,0.0,2,cubic_global,4.288948860441853e-05,-2.454482721971477e-05,41
circle_r5_v2,2.0,0.0,0.0,2,smoothing_spline,0.18338558602362148,-0.019232043667914377,41
circle_r5_v2,2.0,0.0,0.0,2,savgol_w5p2,0.04498796917527519,-0.0449879691752752,41
circle_r5_v2,2.0,0.0,0.0,2,savgol_w7p3,0.0006574836426696844,-0.0006574836426696844,41
circle_r5_v2,2.0,0.0,0.0,2,savgol_w9p3,0.002076041237657728,-0.0020760412376577284,41
circle_r5_v2,2.0,0.0,0.0,2,savgol_w11p3,0.004915543027043614,-0.0049155430270436135,41
circle_r5_v2,2.0,0.0,0.0,2,family_a_W3,0.000657483642670329,-0.0006574836426703291,41
circle_r5_v2,2.0,0.0,0.0,2,family_a_W5,0.004915543027043879,-0.004915543027043879,41
circle_r5_v2,2.0,0.0,0.0,2,family_a_W7,0.01718318091576213,-0.017152755357871714,41
circle_r5_v2,2.0,0.0,0.0,2,family_a_midspan_W5,0.008529515822206126,0.008529515822206126,41
circle_r5_v2,2.0,0.0,0.0,3,forward,0.003331667063436933,-0.0033316670634369336,41
circle_r5_v2,2.0,0.0,0.0,3,central,0.013306692049387843,-0.013306692049387843,41
circle_r5_v2,2.0,0.0,0.0,3,cubic_global,4.288948860441853e-05,-2.454482721971477e-05,41
circle_r5_v2,2.0,0.0,0.0,3,smoothing_spline,0.18338558602362148,-0.019232043667914377,41
circle_r5_v2,2.0,0.0,0.0,3,savgol_w5p2,0.04498796917527519,-0.0449879691752752,41
circle_r5_v2,2.0,0.0,0.0,3,savgol_w7p3,0.0006574836426696844,-0.0006574836426696844,41
circle_r5_v2,2.0,0.0,0.0,3,savgol_w9p3,0.002076041237657728,-0.0020760412376577284,41
circle_r5_v2,2.0,0.0,0.0,3,savgol_w11p3,0.004915543027043614,-0.0049155430270436135,41
circle_r5_v2,2.0,0.0,0.0,3,family_a_W3,0.000657483642670329,-0.0006574836426703291,41
circle_r5_v2,2.0,0.0,0.0,3,family_a_W5,0.004915543027043879,-0.004915543027043879,41
circle_r5_v2,2.0,0.0,0.0,3,family_a_W7,0.01718318091576213,-0.017152755357871714,41
circle_r5_v2,2.0,0.0,0.0,3,family_a_midspan_W5,0.008529515822206126,0.008529515822206126,41
circle_r5_v2,2.0,0.0,0.0,4,forward,0.003331667063436933,-0.0033316670634369336,41
circle_r5_v2,2.0,0.0,0.0,4,central,0.013306692049387843,-0.013306692049387843,41
circle_r5_v2,2.0,0.0,0.0,4,cubic_global,4.288948860441853e-05,-2.454482721971477e-05,41
circle_r5_v2,2.0,0.0,0.0,4,smoothing_spline,0.18338558602362148,-0.019232043667914377,41
circle_r5_v2,2.0,0.0,0.0,4,savgol_w5p2,0.04498796917527519,-0.0449879691752752,41
circle_r5_v2,2.0,0.0,0.0,4,savgol_w7p3,0.0006574836426696844,-0.0006574836426696844,41
circle_r5_v2,2.0,0.0,0.0,4,savgol_w9p3,0.002076041237657728,-0.0020760412376577284,41
circle_r5_v2,2.0,0.0,0.0,4,savgol_w11p3,0.004915543027043614,-0.0049155430270436135,41
circle_r5_v2,2.0,0.0,0.0,4,family_a_W3,0.000657483642670329,-0.0006574836426703291,41
circle_r5_v2,2.0,0.0,0.0,4,family_a_W5,0.004915543027043879,-0.004915543027043879,41
circle_r5_v2,2.0,0.0,0.0,4,family_a_W7,0.01718318091576213,-0.017152755357871714,41
circle_r5_v2,2.0,0.0,0.0,4,family_a_midspan_W5,0.008529515822206126,0.008529515822206126,41
circle_r5_v2,2.0,0.0,0.005,0,forward,0.0033305188556893668,-0.00332983080803182,41
circle_r5_v2,2.0,0.0,0.005,0,central,0.013307254311202114,-0.01330652318825728,41
circle_r5_v2,2.0,0.0,0.005,0,cubic_global,4.2792327692600275e-05,-2.453365428721443e-05,41
circle_r5_v2,2.0,0.0,0.005,0,smoothing_spline,0.1833165285618176,-0.01895950129223847,41
circle_r5_v2,2.0,0.0,0.005,0,savgol_w5p2,0.04946116768380509,-0.04922672819993682,41
circle_r5_v2,2.0,0.0,0.005,0,savgol_w7p3,0.009170131274229528,-0.004974822333574466,41
circle_r5_v2,2.0,0.0,0.005,0,savgol_w9p3,0.008008509820528375,-0.006494726123801087,41
circle_r5_v2,2.0,0.0,0.005,0,savgol_w11p3,0.00994478690063297,-0.009230792270487143,41
circle_r5_v2,2.0,0.0,0.005,0,family_a_W3,0.0006573611688217807,-0.0006573441457162192,41
circle_r5_v2,2.0,0.0,0.005,0,family_a_W5,0.004915549608654646,-0.004915498839071952,41
circle_r5_v2,2.0,0.0,0.005,0,family_a_W7,0.017180362566914433,-0.017148857966816807,41
circle_r5_v2,2.0,0.0,0.005,0,family_a_midspan_W5,0.008529474419046728,0.008529405539126081,41
circle_r5_v2,2.0,0.0,0.005,1,forward,0.0033312386971497627,-0.003330152351118636,41
circle_r5_v2,2.0,0.0,0.005,1,central,0.0133037748408622,-0.013302283773168265,41
circle_r5_v2,2.0,0.0,0.005,1,cubic_global,4.256421343465837e-05,-2.449327931256768e-05,41
circle_r5_v2,2.0,0.0,0.005,1,smoothing_spline,0.1831383268928369,-0.01900767669347957,41
circle_r5_v2,2.0,0.0,0.005,1,savgol_w5p2,0.042797388229774344,-0.04230073718978738,41
circle_r5_v2,2.0,0.0,0.005,1,savgol_w7p3,0.010877508761558068,0.0019382060347021906,41
circle_r5_v2,2.0,0.0,0.005,1,savgol_w9p3,0.006766636253681469,0.0007536099159791734,41
circle_r5_v2,2.0,0.0,0.005,1,savgol_w11p3,0.004605101919933354,-0.002006023167975877,41
circle_r5_v2,2.0,0.0,0.005,1,family_a_W3,0.0006577915364082475,-0.0006577689481922321,41
circle_r5_v2,2.0,0.0,0.005,1,family_a_W5,0.00491447144860996,-0.00491439658969244,41
circle_r5_v2,2.0,0.0,0.005,1,family_a_W7,0.017182847121197123,-0.01715256667236107,41
circle_r5_v2,2.0,0.0,0.005,1,family_a_midspan_W5,0.008526877160312916,0.00852673583736503,41
circle_r5_v2,2.0,0.0,0.005,2,forward,0.003330294956315741,-0.003329329430856695,41
circle_r5_v2,2.0,0.0,0.005,2,central,0.013296329737442995,-0.013295156946388487,41
circle_r5_v2,2.0,0.0,0.005,2,cubic_global,4.221272247684739e-05,-2.4408300784511055e-05,41
circle_r5_v2,2.0,0.0,0.005,2,smoothing_spline,0.18349714519963328,-0.019249697879557055,41
circle_r5_v2,2.0,0.0,0.005,2,savgol_w5p2,0.044378087244236086,-0.0439801648788998,41
circle_r5_v2,2.0,0.0,0.005,2,savgol_w7p3,0.009766182186000796,0.00017144101766572708,41
circle_r5_v2,2.0,0.0,0.005,2,savgol_w9p3,0.006152454430065541,-0.0010987791654394807,41
circle_r5_v2,2.0,0.0,0.005,2,savgol_w11p3,0.005427810828341927,-0.003865915909655775,41
circle_r5_v2,2.0,0.0,0.005,2,family_a_W3,0.0006578280796915179,-0.0006578094522230138,41
circle_r5_v2,2.0,0.0,0.005,2,family_a_W5,0.004917478525323073,-0.004917421902517133,41
circle_r5_v2,2.0,0.0,0.005,2,family_a_W7,0.01718540967973044,-0.01715540258110439,41
circle_r5_v2,2.0,0.0,0.005,2,family_a_midspan_W5,0.008531953727097584,0.008531856247446474,41
circle_r5_v2,2.0,0.0,0.005,3,forward,0.0033283297940018336,-0.003326813042035873,41
circle_r5_v2,2.0,0.0,0.005,3,central,0.013302592486298708,-0.013301068807359581,41
circle_r5_v2,2.0,0.0,0.005,3,cubic_global,4.17406598864364e-05,-2.4377183116484497e-05,41
circle_r5_v2,2.0,0.0,0.005,3,smoothing_spline,0.1831160848128839,-0.019176436535020294,41
circle_r5_v2,2.0,0.0,0.005,3,savgol_w5p2,0.04624285029949209,-0.045774224478264236,41
circle_r5_v2,2.0,0.0,0.005,3,savgol_w7p3,0.010752818107001016,-0.0015760807011428225,41
circle_r5_v2,2.0,0.0,0.005,3,savgol_w9p3,0.007502863754662664,-0.002971571703186304,41
circle_r5_v2,2.0,0.0,0.005,3,savgol_w11p3,0.00716123904513801,-0.005592905403817617,41
circle_r5_v2,2.0,0.0,0.005,3,family_a_W3,0.0006580833547258805,-0.0006580602554426972,41
circle_r5_v2,2.0,0.0,0.005,3,family_a_W5,0.004915476830681446,-0.004915357143876297,41
circle_r5_v2,2.0,0.0,0.005,3,family_a_W7,0.01718968402964051,-0.017160563498348005,41
circle_r5_v2,2.0,0.0,0.005,3,family_a_midspan_W5,0.00852903775125351,0.008528883506859649,41
circle_r5_v2,2.0,0.0,0.005,4,forward,0.0033370036973568605,-0.0033348296160417693,41
circle_r5_v2,2.0,0.0,0.005,4,central,0.013323613800780674,-0.013322651345219393,41
circle_r5_v2,2.0,0.0,0.005,4,cubic_global,4.338297609808322e-05,-2.466150619548626e-05,41
circle_r5_v2,2.0,0.0,0.005,4,smoothing_spline,0.18353101548377052,-0.01967546069972869,41
circle_r5_v2,2.0,0.0,0.005,4,savgol_w5p2,0.046447400005589216,-0.046149220174296735,41
circle_r5_v2,2.0,0.0,0.005,4,savgol_w7p3,0.008425791610745952,-0.0015032736871111137,41
circle_r5_v2,2.0,0.0,0.005,4,savgol_w9p3,0.006182297138392418,-0.003289717165382611,41
circle_r5_v2,2.0,0.0,0.005,4,savgol_w11p3,0.00736055299170203,-0.006322311727559976,41
circle_r5_v2,2.0,0.0,0.005,4,family_a_W3,0.000658095694468792,-0.0006580766287046048,41
circle_r5_v2,2.0,0.0,0.005,4,family_a_W5,0.004917292182061353,-0.004917148185378387,41
circle_r5_v2,2.0,0.0,0.005,4,family_a_W7,0.0171839420573511,-0.01715366102847628,41
circle_r5_v2,2.0,0.0,0.005,4,family_a_midspan_W5,0.00852916272403556,0.008529011591912135,41
circle_r5_v2,2.0,0.01,0.0,0,forward,0.02326767972375581,-0.002000850809017176,41
circle_r5_v2,2.0,0.01,0.0,0,central,0.01779249582995987,-0.012634343829233362,41
circle_r5_v2,2.0,0.01,0.0,0,cubic_global,0.019826010536659357,0.0009080509368095608,41
circle_r5_v2,2.0,0.01,0.0,0,smoothing_spline,0.18326823537856687,-0.01858285620710482,41
circle_r5_v2,2.0,0.01,0.0,0,savgol_w5p2,0.04490476358367422,-0.044499590432836376,41
circle_r5_v2,2.0,0.01,0.0,0,savgol_w7p3,0.009408639026804139,-0.0001957586465684647,41
circle_r5_v2,2.0,0.01,0.0,0,savgol_w9p3,0.007104516714677057,-0.0013818355913741626,41
circle_r5_v2,2.0,0.01,0.0,0,savgol_w11p3,0.006610922390037662,-0.004322015749008285,41
circle_r5_v2,2.0,0.01,0.0,0,family_a_W3,0.009408639026803833,-0.00019575864656918814,41
circle_r5_v2,2.0,0.01,0.0,0,family_a_W5,0.006610922390037658,-0.0043220157490083495,41
circle_r5_v2,2.0,0.01,0.0,0,family_a_W7,0.017090278047054746,-0.01673506939168382,41
circle_r5_v2,2.0,0.01,0.0,0,family_a_midspan_W5,0.00945053875947131,0.008945901390996857,41
circle_r5_v2,2.0,0.01,0.0,1,forward,0.026518808747482078,-0.0024368152758558193,41
circle_r5_v2,2.0,0.01,0.0,1,central,0.01878804231497399,-0.012467633740601423,41
circle_r5_v2,2.0,0.01,0.0,1,cubic_global,0.022985855325206115,0.0008284743767005813,41
circle_r5_v2,2.0,0.01,0.0,1,smoothing_spline,0.18311580945028233,-0.018757698220107005,41
circle_r5_v2,2.0,0.01,0.0,1,savgol_w5p2,0.044585903767632336,-0.044171563269801435,41
circle_r5_v2,2.0,0.01,0.0,1,savgol_w7p3,0.01022281141506184,0.00026487541824029854,41
circle_r5_v2,2.0,0.01,0.0,1,savgol_w9p3,0.006564021498434681,-0.0013197991763041572,41
circle_r5_v2,2.0,0.01,0.0,1,savgol_w11p3,0.006005684042599813,-0.004221469238846676,41
circle_r5_v2,2.0,0.01,0.0,1,family_a_W3,0.01022281141506168,0.0002648754182397327,41
circle_r5_v2,2.0,0.01,0.0,1,family_a_W5,0.006005684042599822,-0.004221469238846848,41
circle_r5_v2,2.0,0.01,0.0,1,family_a_W7,0.016659762090271275,-0.01650608407814669,41
circle_r5_v2,2.0,0.01,0.0,1,family_a_midspan_W5,0.009871412087264662,0.009591595261853663,41
circle_r5_v2,2.0,0.01,0.0,2,forward,0.023451620724292178,-0.0009248243575746578,41
circle_r5_v2,2.0,0.01,0.0,2,central,0.01697553917189942,-0.011762951709286762,41
circle_r5_v2,2.0,0.01,0.0,2,cubic_global,0.022071521344250253,0.0023359988083627606,41
circle_r5_v2,2.0,0.01,0.0,2,smoothing_spline,0.18338153243578423,-0.018397700014684774,41
circle_r5_v2,2.0,0.01,0.0,2,savgol_w5p2,0.04459455405198542,-0.04432484158821876,41
circle_r5_v2,2.0,0.01,0.0,2,savgol_w7p3,0.007705806732736189,0.00012390798938391188,41
circle_r5_v2,2.0,0.01,0.0,2,savgol_w9p3,0.005641291371680808,-0.001256352585722972,41
circle_r5_v2,2.0,0.01,0.0,2,savgol_w11p3,0.006187085978641081,-0.003987155166509296,41
circle_r5_v2,2.0,0.01,0.0,2,family_a_W3,0.007705806732736173,0.00012390798938336035,41
circle_r5_v2,2.0,0.01,0.0,2,family_a_W5,0.006187085978641176,-0.003987155166509468,41
circle_r5_v2,2.0,0.01,0.0,2,family_a_W7,0.01671702412460975,-0.01640839494401921,41
circle_r5_v2,2.0,0.01,0.0,2,family_a_midspan_W5,0.009460529295268723,0.00928133010603741,41
circle_r5_v2,2.0,0.01,0.0,3,forward,0.03688644455946539,-0.0014472933937979637,41
circle_r5_v2,2.0,0.01,0.0,3,central,0.020555596193315557,-0.011989051204849069,41
circle_r5_v2,2.0,0.01,0.0,3,cubic_global,0.029372258684411495,0.0020019535368600285,41
circle_r5_v2,2.0,0.01,0.0,3,smoothing_spline,0.18336795014255952,-0.018974523921932766,41
circle_r5_v2,2.0,0.01,0.0,3,savgol_w5p2,0.045044913970907124,-0.04446942402109848,41
circle_r5_v2,2.0,0.01,0.0,3,savgol_w7p3,0.012047323891264892,5.9003584951700105e-05,41
circle_r5_v2,2.0,0.01,0.0,3,savgol_w9p3,0.007496342160546001,-0.0014270690648236263,41
circle_r5_v2,2.0,0.01,0.0,3,savgol_w11p3,0.006272736057468254,-0.004611633601560408,41
circle_r5_v2,2.0,0.01,0.0,3,family_a_W3,0.01204732389126473,5.9003584950990997e-05,41
circle_r5_v2,2.0,0.01,0.0,3,family_a_W5,0.006272736057468357,-0.004611633601560472,41
circle_r5_v2,2.0,0.01,0.0,3,family_a_W7,0.017087068208953973,-0.016936558894579137,41
circle_r5_v2,2.0,0.01,0.0,3,family_a_midspan_W5,0.009557900775110872,0.009362572337813601,41
circle_r5_v2,2.0,0.01,0.0,4,forward,0.031551229693781116,-0.00394234976299349,41
circle_r5_v2,2.0,0.01,0.0,4,central,0.018637359152073787,-0.014710417371462567,41
circle_r5_v2,2.0,0.01,0.0,4,cubic_global,0.021686126798912173,-0.0016692924762111132,41
circle_r5_v2,2.0,0.01,0.0,4,smoothing_spline,0.1831712912016648,-0.020176250440452913,41
circle_r5_v2,2.0,0.01,0.0,4,savgol_w5p2,0.04628288976370976,-0.04597872948190675,41
circle_r5_v2,2.0,0.01,0.0,4,savgol_w7p3,0.008389085640368762,-0.0017574704211553358,41
circle_r5_v2,2.0,0.01,0.0,4,savgol_w9p3,0.006450755849829633,-0.0031708971342293665,41
circle_r5_v2,2.0,0.01,0.0,4,savgol_w11p3,0.0072697402137283755,-0.005853318963788779,41
circle_r5_v2,2.0,0.01,0.0,4,family_a_W3,0.008389085640368776,-0.001757470421156009,41
circle_r5_v2,2.0,0.01,0.0,4,family_a_W5,0.007269740213728507,-0.005853318963788973,41
circle_r5_v2,2.0,0.01,0.0,4,family_a_W7,0.01850035290396672,-0.01824240788193903,41
circle_r5_v2,2.0,0.01,0.0,4,family_a_midspan_W5,0.007964692489068767,0.0077703993915581955,41
circle_r5_v2,2.0,0.01,0.005,0,forward,0.02931403166223048,-0.0015239978992459798,41
circle_r5_v2,2.0,0.01,0.005,0,central,0.01859976335882284,-0.011587480945003937,41
circle_r5_v2,2.0,0.01,0.005,0,cubic_global,0.023115283238659523,0.0011734662469801687,41
circle_r5_v2,2.0,0.01,0.005,0,smoothing_spline,0.1835024301440215,-0.01690380761540218,41
circle_r5_v2,2.0,0.01,0.005,0,savgol_w5p2,0.0476012988938535,-0.047082243942193076,41
circle_r5_v2,2.0,0.01,0.005,0,savgol_w7p3,0.011582910880929173,-0.0027344206040552117,41
circle_r5_v2,2.0,0.01,0.005,0,savgol_w9p3,0.00855708599137846,-0.0044928214392959435,41
circle_r5_v2,2.0,0.01,0.005,0,savgol_w11p3,0.008530823109104278,-0.007146830938665448,41
circle_r5_v2,2.0,0.01,0.005,0,family_a_W3,0.011983323171382109,0.001602363005208734,41
circle_r5_v2,2.0,0.01,0.005,0,family_a_W5,0.00540836096057221,-0.002831225668232308,41
circle_r5_v2,2.0,0.01,0.005,0,family_a_W7,0.015296191146752467,-0.01507201148830555,41
circle_r5_v2,2.0,0.01,0.005,0,family_a_midspan_W5,0.01102425674621884,0.010732011879958758,41
circle_r5_v2,2.0,0.01,0.005,1,forward,0.02432829157608333,-0.002555838327110475,41
circle_r5_v2,2.0,0.01,0.005,1,central,0.01694538374644757,-0.012511504573663356,41
circle_r5_v2,2.0,0.01,0.005,1,cubic_global,0.021121762328929008,0.0011665203594664554,41
circle_r5_v2,2.0,0.01,0.005,1,smoothing_spline,0.18252751826391442,-0.018685987519455854,41
circle_r5_v2,2.0,0.01,0.005,1,savgol_w5p2,0.04239267853671488,-0.04200473757155828,41
circle_r5_v2,2.0,0.01,0.005,1,savgol_w7p3,0.009282776865920694,0.0023832652491182133,41
circle_r5_v2,2.0,0.01,0.005,1,savgol_w9p3,0.006442815634063102,0.0011362301996793588,41
circle_r5_v2,2.0,0.01,0.005,1,savgol_w11p3,0.004911446494916365,-0.0017054899087635528,41
circle_r5_v2,2.0,0.01,0.005,1,family_a_W3,0.006701926917695859,-0.00019250862376741747,41
circle_r5_v2,2.0,0.01,0.005,1,family_a_W5,0.0057067906001657415,-0.004617936106581083,41
circle_r5_v2,2.0,0.01,0.005,1,family_a_W7,0.017048902985639155,-0.016814992318948264,41
circle_r5_v2,2.0,0.01,0.005,1,family_a_midspan_W5,0.009101444549806173,0.008901611582943541,41
circle_r5_v2,2.0,0.01,0.005,2,forward,0.027300006580501007,-0.004834346975272376,41
circle_r5_v2,2.0,0.01,0.005,2,central,0.01889497290297359,-0.01357711810298469,41
circle_r5_v2,2.0,0.01,0.005,2,cubic_global,0.022329512740737554,-0.0002506137933509744,41
circle_r5_v2,2.0,0.01,0.005,2,smoothing_spline,0.18329166249975937,-0.020608371985194062,41
circle_r5_v2,2.0,0.01,0.005,2,savgol_w5p2,0.04503212651412734,-0.04457706374882996,41
circle_r5_v2,2.0,0.01,0.005,2,savgol_w7p3,0.009179855567346414,-0.00016734696212156354,41
circle_r5_v2,2.0,0.01,0.005,2,savgol_w9p3,0.0074814285019448095,-0.0017400980232526292,41
circle_r5_v2,2.0,0.01,0.005,2,savgol_w11p3,0.006912054178106516,-0.004735913768402469,41
circle_r5_v2,2.0,0.01,0.005,2,family_a_W3,0.009501889678680783,-0.0009649094602321494,41
circle_r5_v2,2.0,0.01,0.005,2,family_a_W5,0.00742438797009101,-0.005785466124445996,41
circle_r5_v2,2.0,0.01,0.005,2,family_a_W7,0.018388685021623503,-0.018079627591577396,41
circle_r5_v2,2.0,0.01,0.005,2,family_a_midspan_W5,0.00810198068511869,0.007597262404009264,41
circle_r5_v2,2.0,0.01,0.005,3,forward,0.029730533570208464,-0.0019359616240522063,41
circle_r5_v2,2.0,0.01,0.005,3,central,0.01944243260139272,-0.012836090426249669,41
circle_r5_v2,2.0,0.01,0.005,3,cubic_global,0.024312926292883334,0.0008372211038377458,41
circle_r5_v2,2.0,0.01,0.005,3,smoothing_spline,0.18316975282661685,-0.019732668587229434,41
circle_r5_v2,2.0,0.01,0.005,3,savgol_w5p2,0.04677532371001751,-0.04586182121551978,41
circle_r5_v2,2.0,0.01,0.005,3,savgol_w7p3,0.016204950818183468,-0.0014401342532800203,41
circle_r5_v2,2.0,0.01,0.005,3,savgol_w9p3,0.010500798484663293,-0.002966383362734671,41
circle_r5_v2,2.0,0.01,0.005,3,savgol_w11p3,0.009171239207459447,-0.005688868328673733,41
circle_r5_v2,2.0,0.01,0.005,3,family_a_W3,0.009492937203694006,-0.0005321080542099938,41
circle_r5_v2,2.0,0.01,0.005,3,family_a_W5,0.007359885447773651,-0.005006254741628489,41
circle_r5_v2,2.0,0.01,0.005,3,family_a_W7,0.01762071192972523,-0.017328363761171896,41
circle_r5_v2,2.0,0.01,0.005,3,family_a_midspan_W5,0.008380569924938575,0.008041891448794232,41
circle_r5_v2,2.0,0.01,0.005,4,forward,0.022259580528570758,-0.003773605271442398,41
circle_r5_v2,2.0,0.01,0.005,4,central,0.017352473088068296,-0.014093744956918773,41
circle_r5_v2,2.0,0.01,0.005,4,cubic_global,0.01957372714275261,-0.00035324121884561244,41
circle_r5_v2,2.0,0.01,0.005,4,smoothing_spline,0.18407223293638075,-0.02047203187394646,41
circle_r5_v2,2.0,0.01,0.005,4,savgol_w5p2,0.047702608353817094,-0.04713568813273773,41
circle_r5_v2,2.0,0.01,0.005,4,savgol_w7p3,0.010758281190068301,-0.002793745496088484,41
circle_r5_v2,2.0,0.01,0.005,4,savgol_w9p3,0.008458090380775236,-0.003953386990545081,41
circle_r5_v2,2.0,0.01,0.005,4,savgol_w11p3,0.00902077982780778,-0.006995432713178219,41
circle_r5_v2,2.0,0.01,0.005,4,family_a_W3,0.0073602157659729125,-0.0019616451069278066,41
circle_r5_v2,2.0,0.01,0.005,4,family_a_W5,0.006827071860218164,-0.005590758731449817,41
circle_r5_v2,2.0,0.01,0.005,4,family_a_W7,0.01802674130806307,-0.01781596623990958,41
circle_r5_v2,2.0,0.01,0.005,4,family_a_midspan_W5,0.00811126181516098,0.007817720179865676,41
circle_r5_v2,2.0,0.05,0.0,0,forward,0.11479288528526657,0.007310371148778477,41
circle_r5_v2,2.0,0.05,0.0,0,central,0.06300227529388738,-0.008938530098385472,41
circle_r5_v2,2.0,0.05,0.0,0,cubic_global,0.09865338822911814,0.007252644900260148,41
circle_r5_v2,2.0,0.05,0.0,0,smoothing_spline,0.18284431075719532,-0.015977994317777012,41
circle_r5_v2,2.0,0.05,0.0,0,savgol_w5p2,0.05197417448786229,-0.04233689904458105,41
circle_r5_v2,2.0,0.05,0.0,0,savgol_w7p3,0.04707087454719915,0.002212686153145809,41
circle_r5_v2,2.0,0.05,0.0,0,savgol_w9p3,0.034946916325954064,0.0016002317677540883,41
circle_r5_v2,2.0,0.05,0.0,0,savgol_w11p3,0.02515051787068902,-0.0018417850682746143,41
circle_r5_v2,2.0,0.05,0.0,0,family_a_W3,0.04707087454719925,0.002212686153145136,41
circle_r5_v2,2.0,0.05,0.0,0,family_a_W5,0.02515051787068899,-0.0018417850682748865,41
circle_r5_v2,2.0,0.05,0.0,0,family_a_W7,0.022456808375675447,-0.0150161115061339,41
circle_r5_v2,2.0,0.05,0.0,0,family_a_midspan_W5,0.01876648575998486,0.010865000706279439,41
circle_r5_v2,2.0,0.05,0.0,1,forward,0.13078563409324864,0.0038501215958685877,41
circle_r5_v2,2.0,0.05,0.0,1,central,0.07094934046372157,-0.00824703066051988,41
circle_r5_v2,2.0,0.05,0.0,1,cubic_global,0.1158599949943193,0.0065612416797913515,41
circle_r5_v2,2.0,0.05,0.0,1,smoothing_spline,0.18206581499420477,-0.01685689135604744,41
circle_r5_v2,2.0,0.05,0.0,1,savgol_w5p2,0.050815784931217134,-0.04076360907405557,41
circle_r5_v2,2.0,0.05,0.0,1,savgol_w7p3,0.05132332978318223,0.004371811278091125,41
circle_r5_v2,2.0,0.05,0.0,1,savgol_w9p3,0.03224972698874339,0.0018635986609312134,41
circle_r5_v2,2.0,0.05,0.0,1,savgol_w11p3,0.021443615329502057,-0.001388299205446106,41
circle_r5_v2,2.0,0.05,0.0,1,family_a_W3,0.05132332978318215,0.004371811278090559,41
circle_r5_v2,2.0,0.05,0.0,1,family_a_W5,0.02144361532950201,-0.0013882992054462995,41
circle_r5_v2,2.0,0.05,0.0,1,family_a_W7,0.017710355455755514,-0.013885108789758703,41
circle_r5_v2,2.0,0.05,0.0,1,family_a_midspan_W5,0.01820447618777968,0.01399998034877626,41
circle_r5_v2,2.0,0.05,0.0,2,forward,0.11576368401727843,0.01393199287513997,41
circle_r5_v2,2.0,0.05,0.0,2,central,0.06098130071303512,-0.004122391210843307,41
circle_r5_v2,2.0,0.05,0.0,2,cubic_global,0.11071457243298993,0.015197389954290319,41
circle_r5_v2,2.0,0.05,0.0,2,smoothing_spline,0.18346168486019152,-0.015050455737553,41
circle_r5_v2,2.0,0.05,0.0,2,savgol_w5p2,0.04804440951532789,-0.04135246206309128,41
circle_r5_v2,2.0,0.05,0.0,2,savgol_w7p3,0.03859040700406762,0.004109713646581998,41
circle_r5_v2,2.0,0.05,0.0,2,savgol_w9p3,0.02757734375767152,0.0023858995363876955,41
circle_r5_v2,2.0,0.05,0.0,2,savgol_w11p3,0.023557728368012922,-0.00010654885366923408,41
circle_r5_v2,2.0,0.05,0.0,2,family_a_W3,0.038590407004067566,0.004109713646581268,41
circle_r5_v2,2.0,0.05,0.0,2,family_a_W5,0.023557728368012947,-0.00010654885366932003,41
circle_r5_v2,2.0,0.05,0.0,2,family_a_W7,0.020040918307322172,-0.013394475333667178,41
circle_r5_v2,2.0,0.05,0.0,2,family_a_midspan_W5,0.01563486588133616,0.012683980116569417,41
circle_r5_v2,2.0,0.05,0.0,3,forward,0.18415251059274704,0.009630523178478102,41
circle_r5_v2,2.0,0.05,0.0,3,central,0.0837846806614286,-0.00585237918239553,41
circle_r5_v2,2.0,0.05,0.0,3,cubic_global,0.14736782114531752,0.012427372586331538,41
circle_r5_v2,2.0,0.05,0.0,3,smoothing_spline,0.18332155494913185,-0.017935860288426374,41
circle_r5_v2,2.0,0.05,0.0,3,savgol_w5p2,0.05547914422603096,-0.04227023149310673,41
circle_r5_v2,2.0,0.05,0.0,3,savgol_w7p3,0.06042749903176397,0.003296319255944428,41
circle_r5_v2,2.0,0.05,0.0,3,savgol_w9p3,0.03682353163711278,0.0013409895495681762,41
circle_r5_v2,2.0,0.05,0.0,3,savgol_w11p3,0.02154065072991722,-0.0032757025529835553,41
circle_r5_v2,2.0,0.05,0.0,3,family_a_W3,0.06042749903176401,0.0032963192559439768,41
circle_r5_v2,2.0,0.05,0.0,3,family_a_W5,0.021540650729917225,-0.00327570255298372,41
circle_r5_v2,2.0,0.05,0.0,3,family_a_W7,0.02017342778021831,-0.0160321345691298,41
circle_r5_v2,2.0,0.05,0.0,3,family_a_midspan_W5,0.01611691491861028,0.012930305543661003,41
circle_r5_v2,2.0,0.05,0.0,4,forward,0.156960099203884,0.00034756498640326465,41
circle_r5_v2,2.0,0.05,0.0,4,central,0.060252943099566615,-0.01930660727773307,41
circle_r5_v2,2.0,0.05,0.0,4,cubic_global,0.10716669709886757,-0.004461751444355226,41
circle_r5_v2,2.0,0.05,0.0,4,smoothing_spline,0.18237610568629675,-0.02395050999263908,41
circle_r5_v2,2.0,0.05,0.0,4,savgol_w5p2,0.05638004922442045,-0.04978222971193382,41
circle_r5_v2,2.0,0.05,0.0,4,savgol_w7p3,0.04139596041697917,-0.005804327483265451,41
circle_r5_v2,2.0,0.05,0.0,4,savgol_w9p3,0.02896930504608502,-0.007373074145175235,41
circle_r5_v2,2.0,0.05,0.0,4,savgol_w11p3,0.023520452657285446,-0.009503029246200655,41
circle_r5_v2,2.0,0.05,0.0,4,family_a_W3,0.04139596041697923,-0.005804327483266053,41
circle_r5_v2,2.0,0.05,0.0,4,family_a_W5,0.02352045265728547,-0.009503029246200797,41
circle_r5_v2,2.0,0.05,0.0,4,family_a_W7,0.027118974289252237,-0.022558969889175037,41
circle_r5_v2,2.0,0.05,0.0,4,family_a_midspan_W5,0.010040439207405896,0.004966749013021403,41
circle_r5_v2,2.0,0.05,0.005,0,forward,0.1469426430869665,0.010167621865436774,41
circle_r5_v2,2.0,0.05,0.005,0,central,0.07267353307859122,-0.003778514393470874,41
circle_r5_v2,2.0,0.05,0.005,0,cubic_global,0.1159714378004875,0.008897702546768478,41
circle_r5_v2,2.0,0.05,0.005,0,smoothing_spline,0.18449672348578167,-0.008678984056744657,41
circle_r5_v2,2.0,0.05,0.005,0,savgol_w5p2,0.051490207717932925,-0.03837482764744047,41
circle_r5_v2,2.0,0.05,0.005,0,savgol_w7p3,0.056987431142167,0.006570377291078151,41
circle_r5_v2,2.0,0.05,0.005,0,savgol_w9p3,0.036567855768210006,0.0036882680038144164,41
circle_r5_v2,2.0,0.05,0.005,0,savgol_w11p3,0.02179952148206794,0.0012760176398596494,41
circle_r5_v2,2.0,0.05,0.005,0,family_a_W3,0.06037556456674207,0.01098735578015755,41
circle_r5_v2,2.0,0.05,0.005,0,family_a_W5,0.02368050149458657,0.005592985558368871,41
circle_r5_v2,2.0,0.05,0.005,0,family_a_W7,0.013979394759855143,-0.006740477248859425,41
circle_r5_v2,2.0,0.05,0.005,0,family_a_midspan_W5,0.023489294394372567,0.01975213642147951,41
circle_r5_v2,2.0,0.05,0.005,1,forward,0.12172471111432122,0.003745287674064278,41
circle_r5_v2,2.0,0.05,0.005,1,central,0.05778662163064538,-0.0085481051281782,41
circle_r5_v2,2.0,0.05,0.005,1,cubic_global,0.10574807633774758,0.00808981577819006,41
circle_r5_v2,2.0,0.05,0.005,1,smoothing_spline,0.1801278859336423,-0.01739587860247911,41
circle_r5_v2,2.0,0.05,0.005,1,savgol_w5p2,0.04470184873564395,-0.04070373991824346,41
circle_r5_v2,2.0,0.05,0.005,1,savgol_w7p3,0.02929111845321636,0.004574954870475742,41
circle_r5_v2,2.0,0.05,0.005,1,savgol_w9p3,0.022482813917989227,0.0027629977889670797,41
circle_r5_v2,2.0,0.05,0.005,1,savgol_w11p3,0.016149756314433557,-0.0004533168477974767,41
circle_r5_v2,2.0,0.05,0.005,1,family_a_W3,0.0336376732365616,0.0020783394048179524,41
circle_r5_v2,2.0,0.05,0.005,1,family_a_W5,0.01709777500263107,-0.0033822818201690325,41
circle_r5_v2,2.0,0.05,0.005,1,family_a_W7,0.02030586537244544,-0.015450595145007247,41
circle_r5_v2,2.0,0.05,0.005,1,family_a_midspan_W5,0.0142057560696696,0.010553030510524794,41
circle_r5_v2,2.0,0.05,0.005,2,forward,0.13620039985545276,-0.004669240782933447,41
circle_r5_v2,2.0,0.05,0.005,2,central,0.06662147049529986,-0.013499001672629424,41
circle_r5_v2,2.0,0.05,0.005,2,cubic_global,0.11041738088833426,0.00257964740794355,41
circle_r5_v2,2.0,0.05,0.005,2,smoothing_spline,0.182619309693611,-0.026035418507944903,41
circle_r5_v2,2.0,0.05,0.005,2,savgol_w5p2,0.05420591798548642,-0.04673862789663566,41
circle_r5_v2,2.0,0.05,0.005,2,savgol_w7p3,0.04249590771156351,-0.0010466881180978163,41
circle_r5_v2,2.0,0.05,0.005,2,savgol_w9p3,0.0317340082498898,-0.004024824019856806,41
circle_r5_v2,2.0,0.05,0.005,2,savgol_w11p3,0.02383997208573261,-0.008011281267098299,41
circle_r5_v2,2.0,0.05,0.005,2,family_a_W3,0.04739641130368989,-0.0017201250493544208,41
circle_r5_v2,2.0,0.05,0.005,2,family_a_W5,0.02496907143841492,-0.009053924467008522,41
circle_r5_v2,2.0,0.05,0.005,2,family_a_W7,0.02667712138354179,-0.021715480870189145,41
circle_r5_v2,2.0,0.05,0.005,2,family_a_midspan_W5,0.014712755568523838,0.004228915146513357,41
circle_r5_v2,2.0,0.05,0.005,3,forward,0.14899584276182673,0.009637761372971131,41
circle_r5_v2,2.0,0.05,0.005,3,central,0.07387119465627213,-0.009729383648756067,41
circle_r5_v2,2.0,0.05,0.005,3,cubic_global,0.1221265233993218,0.007578887825434624,41
circle_r5_v2,2.0,0.05,0.005,3,smoothing_spline,0.18348012282674564,-0.02195039113913585,41
circle_r5_v2,2.0,0.05,0.005,3,savgol_w5p2,0.05424414563565844,-0.04596563664642394,41
circle_r5_v2,2.0,0.05,0.005,3,savgol_w7p3,0.050910567790202976,-0.00016672176114648684,41
circle_r5_v2,2.0,0.05,0.005,3,savgol_w9p3,0.033431240277794635,-0.0027070012891339617,41
circle_r5_v2,2.0,0.05,0.005,3,savgol_w11p3,0.02820646376691986,-0.005984237350951513,41
circle_r5_v2,2.0,0.05,0.005,3,family_a_W3,0.04691163225218451,0.0006985479149908421,41
circle_r5_v2,2.0,0.05,0.005,3,family_a_W5,0.027493806061128532,-0.005282428383960307,41
circle_r5_v2,2.0,0.05,0.005,3,family_a_W7,0.023039618175219045,-0.017965330864712654,41
circle_r5_v2,2.0,0.05,0.005,3,family_a_midspan_W5,0.01333318086712663,0.006388992060935562,41
circle_r5_v2,2.0,0.05,0.005,4,forward,0.11106530022908255,-0.0005721742709101569,41
circle_r5_v2,2.0,0.05,0.005,4,central,0.052969893148452595,-0.01632689924831858,41
circle_r5_v2,2.0,0.05,0.005,4,cubic_global,0.09697865431665745,0.0014421991031239097,41
circle_r5_v2,2.0,0.05,0.005,4,smoothing_spline,0.18632241169954322,-0.02365128669775869,41
circle_r5_v2,2.0,0.05,0.005,4,savgol_w5p2,0.05669755060740652,-0.0509286974364261,41
circle_r5_v2,2.0,0.05,0.005,4,savgol_w7p3,0.036557317703616074,-0.007650916956586516,41
circle_r5_v2,2.0,0.05,0.005,4,savgol_w9p3,0.025993457887500817,-0.006439089855616773,41
circle_r5_v2,2.0,0.05,0.005,4,savgol_w11p3,0.022499169480609375,-0.009593561317689783,41
circle_r5_v2,2.0,0.05,0.005,4,family_a_W3,0.036137148537927946,-0.0068743373017839055,41
circle_r5_v2,2.0,0.05,0.005,4,family_a_W5,0.021268198052897133,-0.008191847181588002,41
circle_r5_v2,2.0,0.05,0.005,4,family_a_W7,0.024228597349391874,-0.020405876872472525,41
circle_r5_v2,2.0,0.05,0.005,4,family_a_midspan_W5,0.011935088736162247,0.005168953296133857,41
circle_r5_v2,2.0,0.2,0.0,0,forward,0.4464571878735741,0.10182472350110344,41
circle_r5_v2,2.0,0.2,0.0,0,central,0.24520980203969978,0.01967189627909032,41
circle_r5_v2,2.0,0.2,0.0,0,cubic_global,0.38509510612820935,0.07008210049912889,41
circle_r5_v2,2.0,0.2,0.0,0,smoothing_spline,0.18192140588346012,-0.006095287472937566,41
circle_r5_v2,2.0,0.2,0.0,0,savgol_w5p2,0.12520844071769635,-0.03130147149631893,41
circle_r5_v2,2.0,0.2,0.0,0,savgol_w7p3,0.18843554748874133,0.01924016162765052,41
circle_r5_v2,2.0,0.2,0.0,0,savgol_w9p3,0.1413469526643967,0.015629121490409854,41
circle_r5_v2,2.0,0.2,0.0,0,savgol_w11p3,0.10167513092761012,0.008916320881097868,41
circle_r5_v2,2.0,0.2,0.0,0,family_a_W3,0.18843554748874114,0.01924016162764994,41
circle_r5_v2,2.0,0.2,0.0,0,family_a_W5,0.10167513092761014,0.008916320881097882,41
circle_r5_v2,2.0,0.2,0.0,0,family_a_W7,0.06726257570637327,-0.00788754476400125,41
circle_r5_v2,2.0,0.2,0.0,0,family_a_midspan_W5,0.06559473543193614,0.021557883412301655,41
circle_r5_v2,2.0,0.2,0.0,1,forward,0.5044285062327544,0.07061688357558449,41
circle_r5_v2,2.0,0.2,0.0,1,central,0.28529366352469376,0.019364622147847184,41
circle_r5_v2,2.0,0.2,0.0,1,cubic_global,0.47735126610559614,0.05801818053286229,41
circle_r5_v2,2.0,0.2,0.0,1,smoothing_spline,0.17855795342477676,-0.009680330587559046,41
circle_r5_v2,2.0,0.2,0.0,1,savgol_w5p2,0.12429597548476165,-0.025984638798943555,41
circle_r5_v2,2.0,0.2,0.0,1,savgol_w7p3,0.2062952838147553,0.025641329042164387,41
circle_r5_v2,2.0,0.2,0.0,1,savgol_w9p3,0.1303104233966546,0.0160075210101287,41
circle_r5_v2,2.0,0.2,0.0,1,savgol_w11p3,0.08672747197892995,0.010018364912926589,41
circle_r5_v2,2.0,0.2,0.0,1,family_a_W3,0.2062952838147549,0.025641329042163735,41
circle_r5_v2,2.0,0.2,0.0,1,family_a_W5,0.08672747197892985,0.010018364912926373,41
circle_r5_v2,2.0,0.2,0.0,1,family_a_W7,0.044862353467508165,-0.0035776445045033137,41
circle_r5_v2,2.0,0.2,0.0,1,family_a_midspan_W5,0.056516469169586955,0.032739654347184066,41
circle_r5_v2,2.0,0.2,0.0,2,forward,0.46926562819825024,0.14261403435831155,41
circle_r5_v2,2.0,0.2,0.0,2,central,0.24325171162931117,0.04540561731550571,41
circle_r5_v2,2.0,0.2,0.0,2,cubic_global,0.44950569057322015,0.1107276806882549,41
circle_r5_v2,2.0,0.2,0.0,2,smoothing_spline,0.18513346148376356,-0.0023581981920705007,41
circle_r5_v2,2.0,0.2,0.0,2,savgol_w5p2,0.10111829167694093,-0.025686689872159024,41
circle_r5_v2,2.0,0.2,0.0,2,savgol_w7p3,0.15636204096348544,0.03116920840228945,41
circle_r5_v2,2.0,0.2,0.0,2,savgol_w9p3,0.11184665595921442,0.021173901524758374,41
circle_r5_v2,2.0,0.2,0.0,2,savgol_w11p3,0.09418224405306963,0.016871340050433548,41
circle_r5_v2,2.0,0.2,0.0,2,family_a_W3,0.1563620409634852,0.031169208402288803,41
circle_r5_v2,2.0,0.2,0.0,2,family_a_W5,0.09418224405306967,0.016871340050433354,41
circle_r5_v2,2.0,0.2,0.0,2,family_a_W7,0.05910243888494316,-0.001570333052324049,41
circle_r5_v2,2.0,0.2,0.0,2,family_a_midspan_W5,0.04799501205651841,0.031114640570808955,41
circle_r5_v2,2.0,0.2,0.0,3,forward,0.7060612465772658,0.11272074180190852,41
circle_r5_v2,2.0,0.2,0.0,3,central,0.33538600839710925,0.02932637554603445,41
circle_r5_v2,2.0,0.2,0.0,3,cubic_global,0.5903976006069257,0.08441307847576704,41
circle_r5_v2,2.0,0.2,0.0,3,smoothing_spline,0.18349484480163675,-0.013918819323713008,41
circle_r5_v2,2.0,0.2,0.0,3,savgol_w5p2,0.14775897217929146,-0.03228358250272419,41
circle_r5_v2,2.0,0.2,0.0,3,savgol_w7p3,0.24301028980226488,0.02059409397320906,41
circle_r5_v2,2.0,0.2,0.0,3,savgol_w9p3,0.1477635286147296,0.014164742714863548,41
circle_r5_v2,2.0,0.2,0.0,3,savgol_w11p3,0.08562242145986246,0.0034259737610143285,41
circle_r5_v2,2.0,0.2,0.0,3,family_a_W3,0.24301028980226488,0.020594093973208456,41
circle_r5_v2,2.0,0.2,0.0,3,family_a_W5,0.08562242145986247,0.0034259737610142353,41
circle_r5_v2,2.0,0.2,0.0,3,family_a_W7,0.05154924244952396,-0.012073850881701112,41
circle_r5_v2,2.0,0.2,0.0,3,family_a_midspan_W5,0.04860899652773133,0.029532909292096055,41
circle_r5_v2,2.0,0.2,0.0,4,forward,0.6367362679386789,0.10953284444054472,41
circle_r5_v2,2.0,0.2,0.0,4,central,0.22595463924603948,-0.021534689927365423,41
circle_r5_v2,2.0,0.2,0.0,4,cubic_global,0.408508976325221,0.04303916120226416,41
circle_r5_v2,2.0,0.2,0.0,4,smoothing_spline,0.18029093363869733,-0.03806703590181332,41
circle_r5_v2,2.0,0.2,0.0,4,savgol_w5p2,0.12221504344163482,-0.06173081613182636,41
circle_r5_v2,2.0,0.2,0.0,4,savgol_w7p3,0.1641670230142967,-0.015859893932132222,41
circle_r5_v2,2.0,0.2,0.0,4,savgol_w9p3,0.1127200888197163,-0.02051444378694329,41
circle_r5_v2,2.0,0.2,0.0,4,savgol_w11p3,0.0881094977750333,-0.021704255817672036,41
circle_r5_v2,2.0,0.2,0.0,4,family_a_W3,0.16416702301429664,-0.015859893932132895,41
circle_r5_v2,2.0,0.2,0.0,4,family_a_W5,0.08810949777503319,-0.021704255817672265,41
circle_r5_v2,2.0,0.2,0.0,4,family_a_W7,0.07143834673016147,-0.038139370366086105,41
circle_r5_v2,2.0,0.2,0.0,4,family_a_midspan_W5,0.034725390400072685,-0.0021572261500796526,41
circle_r5_v2,2.0,0.2,0.005,0,forward,0.586163481555862,0.11839601933939906,41
circle_r5_v2,2.0,0.2,0.005,0,central,0.29082093164222717,0.03877697159920536,41
circle_r5_v2,2.0,0.2,0.005,0,cubic_global,0.46919612624317264,0.07847783379079722,41
circle_r5_v2,2.0,0.2,0.005,0,smoothing_spline,0.1916781928835788,0.02219273504043498,41
circle_r5_v2,2.0,0.2,0.005,0,savgol_w5p2,0.14156923507204588,-0.0039180192904958696,41
circle_r5_v2,2.0,0.2,0.005,0,savgol_w7p3,0.23796553282272648,0.046305616256042056,41
circle_r5_v2,2.0,0.2,0.005,0,savgol_w9p3,0.1529726426199927,0.03688188848260641,41
circle_r5_v2,2.0,0.2,0.005,0,savgol_w11p3,0.09626492563767212,0.03408683059037452,41
circle_r5_v2,2.0,0.2,0.005,0,family_a_W3,0.24227308086768762,0.05106825560380964,41
circle_r5_v2,2.0,0.2,0.005,0,family_a_W5,0.09948286285201469,0.03841051915954615,41
circle_r5_v2,2.0,0.2,0.005,0,family_a_W7,0.05490856482777163,0.02484051046600659,41
circle_r5_v2,2.0,0.2,0.005,0,family_a_midspan_W5,0.07631079936019163,0.056520080956354184,41
circle_r5_v2,2.0,0.2,0.005,1,forward,0.49671879230394533,0.0707882180240963,41
circle_r5_v2,2.0,0.2,0.005,1,central,0.23078149403477924,0.017403416297172233,41
circle_r5_v2,2.0,0.2,0.005,1,cubic_global,0.4196389355916373,0.06554987116622624,41
circle_r5_v2,2.0,0.2,0.005,1,smoothing_spline,0.1717931810278066,-0.012510225889675767,41
circle_r5_v2,2.0,0.2,0.005,1,savgol_w5p2,0.0874281408783127,-0.03417279338873569,41
circle_r5_v2,2.0,0.2,0.005,1,savgol_w7p3,0.13046701516988798,0.018547314328801474,41
circle_r5_v2,2.0,0.2,0.005,1,savgol_w9p3,0.09560445597527986,0.0102255804465136,41
circle_r5_v2,2.0,0.2,0.005,1,savgol_w11p3,0.0660970873420346,0.004951971706050869,41
circle_r5_v2,2.0,0.2,0.005,1,family_a_W3,0.13631964250967993,0.01632659035293707,41
circle_r5_v2,2.0,0.2,0.005,1,family_a_W5,0.0670989044858038,0.0019577946914899336,41
circle_r5_v2,2.0,0.2,0.005,1,family_a_W7,0.05359843494005187,-0.010135478057648382,41
circle_r5_v2,2.0,0.2,0.005,1,family_a_midspan_W5,0.04226061030743996,0.018899784945272256,41
circle_r5_v2,2.0,0.2,0.005,2,forward,0.5546171209637241,0.08148759095034636,41
circle_r5_v2,2.0,0.2,0.005,2,central,0.2550639576926968,0.004622137403433718,41
circle_r5_v2,2.0,0.2,0.005,2,cubic_global,0.4261503510299378,0.0695801637289803,41
circle_r5_v2,2.0,0.2,0.005,2,smoothing_spline,0.18224325254475646,-0.04627662056123412,41
circle_r5_v2,2.0,0.2,0.005,2,savgol_w5p2,0.1264899179388184,-0.05162545887251627,41
circle_r5_v2,2.0,0.2,0.005,2,savgol_w7p3,0.18413575963441076,0.0023167099482945316,41
circle_r5_v2,2.0,0.2,0.005,2,savgol_w9p3,0.130586935793942,-0.008584549257260952,41
circle_r5_v2,2.0,0.2,0.005,2,savgol_w11p3,0.09379709159273888,-0.017353844749881976,41
circle_r5_v2,2.0,0.2,0.005,2,family_a_W3,0.19073985551346162,0.0020790715022576483,41
circle_r5_v2,2.0,0.2,0.005,2,family_a_W5,0.09483293238262469,-0.01838350732317525,41
circle_r5_v2,2.0,0.2,0.005,2,family_a_W7,0.07039146507718848,-0.0344699512588778,41
circle_r5_v2,2.0,0.2,0.005,2,family_a_midspan_W5,0.05636833377520292,-0.0030942536639946357,41
circle_r5_v2,2.0,0.2,0.005,3,forward,0.6113348000454396,0.13428719717855447,41
circle_r5_v2,2.0,0.2,0.005,3,central,0.2916444067378842,0.01977799607756563,41
circle_r5_v2,2.0,0.2,0.005,3,cubic_global,0.49437282897329704,0.0784789347198626,41
circle_r5_v2,2.0,0.2,0.005,3,smoothing_spline,0.1859871730631367,-0.0301637754420882,41
circle_r5_v2,2.0,0.2,0.005,3,savgol_w5p2,0.1148241933497366,-0.04271240675282747,41
circle_r5_v2,2.0,0.2,0.005,3,savgol_w7p3,0.1840856294023341,0.015569204970465047,41
circle_r5_v2,2.0,0.2,0.005,3,savgol_w9p3,0.125237741954101,0.0017885176325582587,41
circle_r5_v2,2.0,0.2,0.005,3,savgol_w11p3,0.10813671788449153,-0.005821564007081666,41
circle_r5_v2,2.0,0.2,0.005,3,family_a_W3,0.18110116969542836,0.016241501352911466,41
circle_r5_v2,2.0,0.2,0.005,3,family_a_W5,0.10788591642575852,-0.005063005230213699,41
circle_r5_v2,2.0,0.2,0.005,3,family_a_W7,0.060178629699183965,-0.01986108987798819,41
circle_r5_v2,2.0,0.2,0.005,3,family_a_midspan_W5,0.0458370869701656,0.004512188540522327,41
circle_r5_v2,2.0,0.2,0.005,4,forward,0.4690552654242788,0.07652247979744227,41
circle_r5_v2,2.0,0.2,0.005,4,central,0.2002914712148805,-0.012389053266704314,41
circle_r5_v2,2.0,0.2,0.005,4,cubic_global,0.3833649324089003,0.05323640721381342,41
circle_r5_v2,2.0,0.2,0.005,4,smoothing_spline,0.1958940766750328,-0.03547246933954435,41
circle_r5_v2,2.0,0.2,0.005,4,savgol_w5p2,0.11555190557495307,-0.06296680336573066,41
circle_r5_v2,2.0,0.2,0.005,4,savgol_w7p3,0.14331879705862063,-0.021468574037199588,41
circle_r5_v2,2.0,0.2,0.005,4,savgol_w9p3,0.09891293518337704,-0.013385834649284226,41
circle_r5_v2,2.0,0.2,0.005,4,savgol_w11p3,0.08146730817120697,-0.01800043910232626,41
circle_r5_v2,2.0,0.2,0.005,4,family_a_W3,0.14338657113159797,-0.020945894620129166,41
circle_r5_v2,2.0,0.2,0.005,4,family_a_W5,0.08067889192318188,-0.016623667330212543,41
circle_r5_v2,2.0,0.2,0.005,4,family_a_W7,0.060074428432684096,-0.029271948749609825,41
circle_r5_v2,2.0,0.2,0.005,4,family_a_midspan_W5,0.042579187685738845,-0.0019449103461594546,41
circle_r5_v2,5.0,0.0,0.0,0,forward,0.0005332906682919286,-0.0005332906682919286,101
circle_r5_v2,5.0,0.0,0.0,0,central,0.0021326507706826807,-0.002132650770682681,101
circle_r5_v2,5.0,0.0,0.0,0,cubic_global,3.959359386727128e-06,-8.692280833450521e-07,101
circle_r5_v2,5.0,0.0,0.0,0,smoothing_spline,0.17272572166452038,0.010128243718620472,101
circle_r5_v2,5.0,0.0,0.0,0,savgol_w5p2,0.007244464011675735,-0.007244464011675736,101
circle_r5_v2,5.0,0.0,0.0,0,savgol_w7p3,1.7001593344540173e-05,-1.7001593344540173e-05,101
circle_r5_v2,5.0,0.0,0.0,0,savgol_w9p3,5.41222082422423e-05,-5.412220824224229e-05,101
circle_r5_v2,5.0,0.0,0.0,0,savgol_w11p3,0.0001294606680270403,-0.0001294606680270403,101
circle_r5_v2,5.0,0.0,0.0,0,family_a_W3,1.7001593347970883e-05,-1.7001593347970883e-05,101
circle_r5_v2,5.0,0.0,0.0,0,family_a_W5,0.0001294606680295853,-0.0001294606680295853,101
circle_r5_v2,5.0,0.0,0.0,0,family_a_W7,0.00047140119584044475,-0.0004711349496228639,101
circle_r5_v2,5.0,0.0,0.0,0,family_a_midspan_W5,0.0002606788705618706,0.0002606788705618706,101
circle_r5_v2,5.0,0.0,0.0,1,forward,0.0005332906682919286,-0.0005332906682919286,101
circle_r5_v2,5.0,0.0,0.0,1,central,0.0021326507706826807,-0.002132650770682681,101
circle_r5_v2,5.0,0.0,0.0,1,cubic_global,3.959359386727128e-06,-8.692280833450521e-07,101
circle_r5_v2,5.0,0.0,0.0,1,smoothing_spline,0.17272572166452038,0.010128243718620472,101
circle_r5_v2,5.0,0.0,0.0,1,savgol_w5p2,0.007244464011675735,-0.007244464011675736,101
circle_r5_v2,5.0,0.0,0.0,1,savgol_w7p3,1.7001593344540173e-05,-1.7001593344540173e-05,101
circle_r5_v2,5.0,0.0,0.0,1,savgol_w9p3,5.41222082422423e-05,-5.412220824224229e-05,101
circle_r5_v2,5.0,0.0,0.0,1,savgol_w11p3,0.0001294606680270403,-0.0001294606680270403,101
circle_r5_v2,5.0,0.0,0.0,1,family_a_W3,1.7001593347970883e-05,-1.7001593347970883e-05,101
circle_r5_v2,5.0,0.0,0.0,1,family_a_W5,0.0001294606680295853,-0.0001294606680295853,101
circle_r5_v2,5.0,0.0,0.0,1,family_a_W7,0.00047140119584044475,-0.0004711349496228639,101
circle_r5_v2,5.0,0.0,0.0,1,family_a_midspan_W5,0.0002606788705618706,0.0002606788705618706,101
circle_r5_v2,5.0,0.0,0.0,2,forward,0.0005332906682919286,-0.0005332906682919286,101
circle_r5_v2,5.0,0.0,0.0,2,central,0.0021326507706826807,-0.002132650770682681,101
circle_r5_v2,5.0,0.0,0.0,2,cubic_global,3.959359386727128e-06,-8.692280833450521e-07,101
circle_r5_v2,5.0,0.0,0.0,2,smoothing_spline,0.17272572166452038,0.010128243718620472,101
circle_r5_v2,5.0,0.0,0.0,2,savgol_w5p2,0.007244464011675735,-0.007244464011675736,101
circle_r5_v2,5.0,0.0,0.0,2,savgol_w7p3,1.7001593344540173e-05,-1.7001593344540173e-05,101
circle_r5_v2,5.0,0.0,0.0,2,savgol_w9p3,5.41222082422423e-05,-5.412220824224229e-05,101
circle_r5_v2,5.0,0.0,0.0,2,savgol_w11p3,0.0001294606680270403,-0.0001294606680270403,101
circle_r5_v2,5.0,0.0,0.0,2,family_a_W3,1.7001593347970883e-05,-1.7001593347970883e-05,101
circle_r5_v2,5.0,0.0,0.0,2,family_a_W5,0.0001294606680295853,-0.0001294606680295853,101
circle_r5_v2,5.0,0.0,0.0,2,family_a_W7,0.00047140119584044475,-0.0004711349496228639,101
circle_r5_v2,5.0,0.0,0.0,2,family_a_midspan_W5,0.0002606788705618706,0.0002606788705618706,101
circle_r5_v2,5.0,0.0,0.0,3,forward,0.0005332906682919286,-0.0005332906682919286,101
circle_r5_v2,5.0,0.0,0.0,3,central,0.0021326507706826807,-0.002132650770682681,101
circle_r5_v2,5.0,0.0,0.0,3,cubic_global,3.959359386727128e-06,-8.692280833450521e-07,101
circle_r5_v2,5.0,0.0,0.0,3,smoothing_spline,0.17272572166452038,0.010128243718620472,101
circle_r5_v2,5.0,0.0,0.0,3,savgol_w5p2,0.007244464011675735,-0.007244464011675736,101
circle_r5_v2,5.0,0.0,0.0,3,savgol_w7p3,1.7001593344540173e-05,-1.7001593344540173e-05,101
circle_r5_v2,5.0,0.0,0.0,3,savgol_w9p3,5.41222082422423e-05,-5.412220824224229e-05,101
circle_r5_v2,5.0,0.0,0.0,3,savgol_w11p3,0.0001294606680270403,-0.0001294606680270403,101
circle_r5_v2,5.0,0.0,0.0,3,family_a_W3,1.7001593347970883e-05,-1.7001593347970883e-05,101
circle_r5_v2,5.0,0.0,0.0,3,family_a_W5,0.0001294606680295853,-0.0001294606680295853,101
circle_r5_v2,5.0,0.0,0.0,3,family_a_W7,0.00047140119584044475,-0.0004711349496228639,101
circle_r5_v2,5.0,0.0,0.0,3,family_a_midspan_W5,0.0002606788705618706,0.0002606788705618706,101
circle_r5_v2,5.0,0.0,0.0,4,forward,0.0005332906682919286,-0.0005332906682919286,101
circle_r5_v2,5.0,0.0,0.0,4,central,0.0021326507706826807,-0.002132650770682681,101
circle_r5_v2,5.0,0.0,0.0,4,cubic_global,3.959359386727128e-06,-8.692280833450521e-07,101
circle_r5_v2,5.0,0.0,0.0,4,smoothing_spline,0.17272572166452038,0.010128243718620472,101
circle_r5_v2,5.0,0.0,0.0,4,savgol_w5p2,0.007244464011675735,-0.007244464011675736,101
circle_r5_v2,5.0,0.0,0.0,4,savgol_w7p3,1.7001593344540173e-05,-1.7001593344540173e-05,101
circle_r5_v2,5.0,0.0,0.0,4,savgol_w9p3,5.41222082422423e-05,-5.412220824224229e-05,101
circle_r5_v2,5.0,0.0,0.0,4,savgol_w11p3,0.0001294606680270403,-0.0001294606680270403,101
circle_r5_v2,5.0,0.0,0.0,4,family_a_W3,1.7001593347970883e-05,-1.7001593347970883e-05,101
circle_r5_v2,5.0,0.0,0.0,4,family_a_W5,0.0001294606680295853,-0.0001294606680295853,101
circle_r5_v2,5.0,0.0,0.0,4,family_a_W7,0.00047140119584044475,-0.0004711349496228639,101
circle_r5_v2,5.0,0.0,0.0,4,family_a_midspan_W5,0.0002606788705618706,0.0002606788705618706,101
circle_r5_v2,5.0,0.0,0.005,0,forward,0.0005349926802394499,-0.0005338208330200642,101
circle_r5_v2,5.0,0.0,0.005,0,central,0.0021351871482548955,-0.002134030733009822,101
circle_r5_v2,5.0,0.0,0.005,0,cubic_global,4.034878781529518e-06,-8.802529389205307e-07,101
circle_r5_v2,5.0,0.0,0.005,0,smoothing_spline,0.17251364551482057,0.010139031967844494,101
circle_r5_v2,5.0,0.0,0.005,0,savgol_w5p2,0.018144636700009868,-0.009320488862493323,101
circle_r5_v2,5.0,0.0,0.005,0,savgol_w7p3,0.025312731609551,-0.0018272222209049507,101
circle_r5_v2,5.0,0.0,0.005,0,savgol_w9p3,0.016441303396131205,-0.002191695520594381,101
circle_r5_v2,5.0,0.0,0.005,0,savgol_w11p3,0.012120673159287283,-0.002542024188581819,101
circle_r5_v2,5.0,0.0,0.005,0,family_a_W3,1.7034033558672412e-05,-1.7030796923453044e-05,101
circle_r5_v2,5.0,0.0,0.005,0,family_a_W5,0.00012952813251487346,-0.00012951446131567948,101
circle_r5_v2,5.0,0.0,0.005,0,family_a_W7,0.0004715812384711045,-0.0004712438135286562,101
circle_r5_v2,5.0,0.0,0.005,0,family_a_midspan_W5,0.000260551660434775,0.00026052268301727816,101
circle_r5_v2,5.0,0.0,0.005,1,forward,0.0005345891375096829,-0.0005336143948226047,101
circle_r5_v2,5.0,0.0,0.005,1,central,0.002132224698237896,-0.0021310496862191244,101
circle_r5_v2,5.0,0.0,0.005,1,cubic_global,3.855719449426665e-06,-8.53824623067315e-07,101
circle_r5_v2,5.0,0.0,0.005,1,smoothing_spline,0.17253534019565198,0.010113594003353932,101
circle_r5_v2,5.0,0.0,0.005,1,savgol_w5p2,0.014084461423432188,-0.004587457694788837,101
circle_r5_v2,5.0,0.0,0.005,1,savgol_w7p3,0.023169743966026078,0.0025150364705330635,101
circle_r5_v2,5.0,0.0,0.005,1,savgol_w9p3,0.014246995803522039,0.0025656951253508397,101
circle_r5_v2,5.0,0.0,0.005,1,savgol_w11p3,0.00947333961505122,0.002512279786740095,101
circle_r5_v2,5.0,0.0,0.005,1,family_a_W3,1.7022945468265792e-05,-1.7020505903146062e-05,101
circle_r5_v2,5.0,0.0,0.005,1,family_a_W5,0.0001294718231407039,-0.00012946088434965825,101
circle_r5_v2,5.0,0.0,0.005,1,family_a_W7,0.00047128447931211716,-0.00047096426196140844,101
circle_r5_v2,5.0,0.0,0.005,1,family_a_midspan_W5,0.00026051562166304006,0.0002604940814873132,101
circle_r5_v2,5.0,0.0,0.005,2,forward,0.0005346610252499033,-0.0005334396986934402,101
circle_r5_v2,5.0,0.0,0.005,2,central,0.002132654845901537,-0.002131350594724734,101
circle_r5_v2,5.0,0.0,0.005,2,cubic_global,3.86799576745171e-06,-8.592024131242976e-07,101
circle_r5_v2,5.0,0.0,0.005,2,smoothing_spline,0.1725820677493493,0.010136436338484319,101
circle_r5_v2,5.0,0.0,0.005,2,savgol_w5p2,0.0155452859268537,-0.0016726876070467277,101
circle_r5_v2,5.0,0.0,0.005,2,savgol_w7p3,0.026356960829435082,0.005443688274279222,101
circle_r5_v2,5.0,0.0,0.005,2,savgol_w9p3,0.017060882436159334,0.005488072349725191,101
circle_r5_v2,5.0,0.0,0.005,2,savgol_w11p3,0.012652785345808722,0.0054930080286090125,101
circle_r5_v2,5.0,0.0,0.005,2,family_a_W3,1.7033760758485065e-05,-1.7030644206800532e-05,101
circle_r5_v2,5.0,0.0,0.005,2,family_a_W5,0.00012948550984266533,-0.00012947246198208122,101
circle_r5_v2,5.0,0.0,0.005,2,family_a_W7,0.0004713156651843705,-0.0004709891093851558,101
circle_r5_v2,5.0,0.0,0.005,2,family_a_midspan_W5,0.0002604984234553982,0.00026047322552151395,101
circle_r5_v2,5.0,0.0,0.005,3,forward,0.0005358273312507228,-0.000534176304300895,101
circle_r5_v2,5.0,0.0,0.005,3,central,0.0021343122419283742,-0.002132788385394368,101
circle_r5_v2,5.0,0.0,0.005,3,cubic_global,3.7771994825941424e-06,-8.50349334756219e-07,101
circle_r5_v2,5.0,0.0,0.005,3,smoothing_spline,0.1727020793325622,0.010146599847595191,101
circle_r5_v2,5.0,0.0,0.005,3,savgol_w5p2,0.016213339637134786,-0.005139892459853089,101
circle_r5_v2,5.0,0.0,0.005,3,savgol_w7p3,0.026360809079657543,0.0019511593874767207,101
circle_r5_v2,5.0,0.0,0.005,3,savgol_w9p3,0.016298942561541966,0.0019479731393340495,101
circle_r5_v2,5.0,0.0,0.005,3,savgol_w11p3,0.011300616400528419,0.002249527616850531,101
circle_r5_v2,5.0,0.0,0.005,3,family_a_W3,1.705760778579011e-05,-1.7053976949710468e-05,101
circle_r5_v2,5.0,0.0,0.005,3,family_a_W5,0.00012957160543215827,-0.00012955288273804304,101
circle_r5_v2,5.0,0.0,0.005,3,family_a_W7,0.0004715445520662231,-0.0004712299810332068,101
circle_r5_v2,5.0,0.0,0.005,3,family_a_midspan_W5,0.0002606740046990934,0.0002606402236947868,101
circle_r5_v2,5.0,0.0,0.005,4,forward,0.0005357902546790883,-0.0005341604191080293,101
circle_r5_v2,5.0,0.0,0.005,4,central,0.0021354482269566937,-0.002134351060171509,101
circle_r5_v2,5.0,0.0,0.005,4,cubic_global,3.912592789595469e-06,-8.631937803756599e-07,101
circle_r5_v2,5.0,0.0,0.005,4,smoothing_spline,0.17278228465849937,0.010262706960056262,101
circle_r5_v2,5.0,0.0,0.005,4,savgol_w5p2,0.01960680346570635,-0.011778693013965728,101
circle_r5_v2,5.0,0.0,0.005,4,savgol_w7p3,0.02357632680810919,-0.004381888464761783,101
circle_r5_v2,5.0,0.0,0.005,4,savgol_w9p3,0.017596848457930706,-0.004692329054650591,101
circle_r5_v2,5.0,0.0,0.005,4,savgol_w11p3,0.014001175330134641,-0.004792238484472414,101
circle_r5_v2,5.0,0.0,0.005,4,family_a_W3,1.7057730274507325e-05,-1.7053711295469496e-05,101
circle_r5_v2,5.0,0.0,0.005,4,family_a_W5,0.00012961612086623302,-0.00012959917122538163,101
circle_r5_v2,5.0,0.0,0.005,4,family_a_W7,0.00047170854883081965,-0.00047143294170574874,101
circle_r5_v2,5.0,0.0,0.005,4,family_a_midspan_W5,0.0002606591203989275,0.00026063100349008934,101
circle_r5_v2,5.0,0.01,0.0,0,forward,0.06403620244151409,0.0009322381355427172,101
circle_r5_v2,5.0,0.01,0.0,0,central,0.029776647993267912,-0.0018565323571304191,101
circle_r5_v2,5.0,0.01,0.0,0,cubic_global,0.05135205053094625,0.000962883202992048,101
circle_r5_v2,5.0,0.01,0.0,0,smoothing_spline,0.17276047541539077,0.010027213295972526,101
circle_r5_v2,5.0,0.01,0.0,0,savgol_w5p2,0.01579880760406514,-0.007293853883126495,101
circle_r5_v2,5.0,0.01,0.0,0,savgol_w7p3,0.021593126032368334,-0.0001997257538094469,101
circle_r5_v2,5.0,0.01,0.0,0,savgol_w9p3,0.01440848101653233,1.2320530137688057e-05,101
circle_r5_v2,5.0,0.01,0.0,0,savgol_w11p3,0.011496285613485216,0.00019464336186014608,101
circle_r5_v2,5.0,0.01,0.0,0,family_a_W3,0.021593126032367384,-0.00019972575381271412,101
circle_r5_v2,5.0,0.01,0.0,0,family_a_W5,0.011496285613484845,0.00019464336185761818,101
circle_r5_v2,5.0,0.01,0.0,0,family_a_W7,0.00859788494787846,-4.781022672825012e-05,101
circle_r5_v2,5.0,0.01,0.0,0,family_a_midspan_W5,0.00591988541873858,0.0005297399896462518,101
circle_r5_v2,5.0,0.01,0.0,1,forward,0.0697846925341167,0.001093358951510272,101
circle_r5_v2,5.0,0.01,0.0,1,central,0.0366867829478017,-0.0009486412987025643,101
circle_r5_v2,5.0,0.01,0.0,1,cubic_global,0.06013389339677376,0.002161022771822112,101
circle_r5_v2,5.0,0.01,0.0,1,smoothing_spline,0.1729577679908279,0.010030938044267853,101
circle_r5_v2,5.0,0.01,0.0,1,savgol_w5p2,0.015544576745736765,-0.006908585897233212,101
circle_r5_v2,5.0,0.01,0.0,1,savgol_w7p3,0.024987410391677702,0.0006822845061619536,101
circle_r5_v2,5.0,0.01,0.0,1,savgol_w9p3,0.014773950002379325,0.0002798896377470782,101
circle_r5_v2,5.0,0.01,0.0,1,savgol_w11p3,0.010545402716262316,1.69325919990115e-05,101
circle_r5_v2,5.0,0.01,0.0,1,family_a_W3,0.02498741039167756,0.0006822845061587938,101
circle_r5_v2,5.0,0.01,0.0,1,family_a_W5,0.010545402716262156,1.6932591996537288e-05,101
circle_r5_v2,5.0,0.01,0.0,1,family_a_W7,0.0066931704840941094,-0.0003946072260275878,101
circle_r5_v2,5.0,0.01,0.0,1,family_a_midspan_W5,0.0060665714799883474,0.0002579119746735179,101
circle_r5_v2,5.0,0.01,0.0,2,forward,0.07778152258723996,0.000684394265727655,101
circle_r5_v2,5.0,0.01,0.0,2,central,0.03325976411390052,-0.0021051501216386797,101
circle_r5_v2,5.0,0.01,0.0,2,cubic_global,0.056686462459724044,0.0003542514747754865,101
circle_r5_v2,5.0,0.01,0.0,2,smoothing_spline,0.17273710291512553,0.010261136252246018,101
circle_r5_v2,5.0,0.01,0.0,2,savgol_w5p2,0.01656763968662781,-0.007254979896729908,101
circle_r5_v2,5.0,0.01,0.0,2,savgol_w7p3,0.02464270726299388,5.4960377887987804e-05,101
circle_r5_v2,5.0,0.01,0.0,2,savgol_w9p3,0.015533109875416016,-0.0001313846428615088,101
circle_r5_v2,5.0,0.01,0.0,2,savgol_w11p3,0.0107636160828729,-0.0002467594501192123,101
circle_r5_v2,5.0,0.01,0.0,2,family_a_W3,0.024642707262993554,5.496037788460589e-05,101
circle_r5_v2,5.0,0.01,0.0,2,family_a_W5,0.010763616082872587,-0.0002467594501216621,101
circle_r5_v2,5.0,0.01,0.0,2,family_a_W7,0.00719033233097104,-0.0006529563824590802,101
circle_r5_v2,5.0,0.01,0.0,2,family_a_midspan_W5,0.006140230084109816,0.000471780428911225,101
circle_r5_v2,5.0,0.01,0.0,3,forward,0.06810090302609631,0.0012055089098127066,101
circle_r5_v2,5.0,0.01,0.0,3,central,0.03410412399669335,-0.00130423515080806,101
circle_r5_v2,5.0,0.01,0.0,3,cubic_global,0.0558190079032834,0.001595564393746001,101
circle_r5_v2,5.0,0.01,0.0,3,smoothing_spline,0.17258309224444857,0.010062815473427635,101
circle_r5_v2,5.0,0.01,0.0,3,savgol_w5p2,0.01626655337934724,-0.006959829524263617,101
circle_r5_v2,5.0,0.01,0.0,3,savgol_w7p3,0.024333990120410817,0.0006020013894985272,101
circle_r5_v2,5.0,0.01,0.0,3,savgol_w9p3,0.016148853804324095,0.00033289716379786223,101
circle_r5_v2,5.0,0.01,0.0,3,savgol_w11p3,0.01158612474201152,-5.938408222244856e-05,101
circle_r5_v2,5.0,0.01,0.0,3,family_a_W3,0.024333990120411195,0.0006020013894954137,101
circle_r5_v2,5.0,0.01,0.0,3,family_a_W5,0.011586124742011622,-5.9384082224947174e-05,101
circle_r5_v2,5.0,0.01,0.0,3,family_a_W7,0.005798457618973125,-0.000682410511350725,101
circle_r5_v2,5.0,0.01,0.0,3,family_a_midspan_W5,0.006392121091690149,9.295477144872581e-05,101
circle_r5_v2,5.0,0.01,0.0,4,forward,0.07891304844063807,0.0012378246679919393,101
circle_r5_v2,5.0,0.01,0.0,4,central,0.0342779621892781,-0.0018059856620355054,101
circle_r5_v2,5.0,0.01,0.0,4,cubic_global,0.060882544280568454,0.001212262589018081,101
circle_r5_v2,5.0,0.01,0.0,4,smoothing_spline,0.17268413083685047,0.010224885339773953,101
circle_r5_v2,5.0,0.01,0.0,4,savgol_w5p2,0.01594357786810106,-0.007439570501790629,101
circle_r5_v2,5.0,0.01,0.0,4,savgol_w7p3,0.022414762744389832,-0.0001830142882327243,101
circle_r5_v2,5.0,0.01,0.0,4,savgol_w9p3,0.01507409325228635,-0.00011581649509306236,101
circle_r5_v2,5.0,0.01,0.0,4,savgol_w11p3,0.011099694043463075,-0.0003039402585619705,101
circle_r5_v2,5.0,0.01,0.0,4,family_a_W3,0.022414762744390943,-0.00018301428823622575,101
circle_r5_v2,5.0,0.01,0.0,4,family_a_W5,0.011099694043463419,-0.00030394025856445445,101
circle_r5_v2,5.0,0.01,0.0,4,family_a_W7,0.007517061969616143,-0.0006924467360751341,101
circle_r5_v2,5.0,0.01,0.0,4,family_a_midspan_W5,0.00641021212745541,0.00024360687268379152,101
circle_r5_v2,5.0,0.01,0.005,0,forward,0.0752610563442946,0.0012579508818410736,101
circle_r5_v2,5.0,0.01,0.005,0,central,0.039197340497606266,-0.0014750628436652879,101
circle_r5_v2,5.0,0.01,0.005,0,cubic_global,0.06442954703472056,0.0011094475978229838,101
circle_r5_v2,5.0,0.01,0.005,0,smoothing_spline,0.17266695450744265,0.010012118301140786,101
circle_r5_v2,5.0,0.01,0.005,0,savgol_w5p2,0.02616329890754254,-0.009102320369985912,101
circle_r5_v2,5.0,0.01,0.005,0,savgol_w7p3,0.03882870264324224,-0.0012474001373578758,101
circle_r5_v2,5.0,0.01,0.005,0,savgol_w9p3,0.026508909203157374,-0.0020259257148947246,101
circle_r5_v2,5.0,0.01,0.005,0,savgol_w11p3,0.019005608527276778,-0.002552662844538912,101
circle_r5_v2,5.0,0.01,0.005,0,family_a_W3,0.02855936154676744,0.0005523979416341021,101
circle_r5_v2,5.0,0.01,0.005,0,family_a_W5,0.013975339477703498,-0.00013176332387377298,101
circle_r5_v2,5.0,0.01,0.005,0,family_a_W7,0.009060396193002153,-0.0007957993482621786,101
circle_r5_v2,5.0,0.01,0.005,0,family_a_midspan_W5,0.007602570858375524,1.4834466992996975e-05,101
circle_r5_v2,5.0,0.01,0.005,1,forward,0.08254537178693845,-4.751450348163431e-05,101
circle_r5_v2,5.0,0.01,0.005,1,central,0.04120456048589711,-0.0019625449522022915,101
circle_r5_v2,5.0,0.01,0.005,1,cubic_global,0.07462833355910382,0.0005537965757584868,101
circle_r5_v2,5.0,0.01,0.005,1,smoothing_spline,0.17266247427887754,0.010391296318150998,101
circle_r5_v2,5.0,0.01,0.005,1,savgol_w5p2,0.019616727669941193,-0.004406917987883997,101
circle_r5_v2,5.0,0.01,0.005,1,savgol_w7p3,0.033708554322296996,0.0025181882907287165,101
circle_r5_v2,5.0,0.01,0.005,1,savgol_w9p3,0.019874158574174284,0.002819386291362812,101
circle_r5_v2,5.0,0.01,0.005,1,savgol_w11p3,0.012102542676131946,0.0029103627046999786,101
circle_r5_v2,5.0,0.01,0.005,1,family_a_W3,0.02433777563810252,-3.1688115556778846e-05,101
circle_r5_v2,5.0,0.01,0.005,1,family_a_W5,0.008005527862656098,0.0002991175543941022,101
circle_r5_v2,5.0,0.01,0.005,1,family_a_W7,0.004868392618693216,2.5492898135691557e-05,101
circle_r5_v2,5.0,0.01,0.005,1,family_a_midspan_W5,0.005523213831242444,0.0006192539785580438,101
circle_r5_v2,5.0,0.01,0.005,2,forward,0.07163555037916781,0.003176566183126116,101
circle_r5_v2,5.0,0.01,0.005,2,central,0.03789424874976041,-2.739248704738199e-06,101
circle_r5_v2,5.0,0.01,0.005,2,cubic_global,0.06303737605733004,0.003714471642623752,101
circle_r5_v2,5.0,0.01,0.005,2,smoothing_spline,0.17284351591202204,0.01078272599956042,101
circle_r5_v2,5.0,0.01,0.005,2,savgol_w5p2,0.024298858055553135,-0.0006364652760376958,101
circle_r5_v2,5.0,0.01,0.005,2,savgol_w7p3,0.03715792874932188,0.0068666568858300305,101
circle_r5_v2,5.0,0.01,0.005,2,savgol_w9p3,0.027336568606807395,0.006530679013287411,101
circle_r5_v2,5.0,0.01,0.005,2,savgol_w11p3,0.021341712080909108,0.006402356216922788,101
circle_r5_v2,5.0,0.01,0.005,2,family_a_W3,0.02649533111559302,0.0013687755898983533,101
circle_r5_v2,5.0,0.01,0.005,2,family_a_W5,0.015119230543359088,0.0007724857603212782,101
circle_r5_v2,5.0,0.01,0.005,2,family_a_W7,0.010171329665721837,0.00046355988550480544,101
circle_r5_v2,5.0,0.01,0.005,2,family_a_midspan_W5,0.00678852396960544,0.0010213988254777467,101
circle_r5_v2,5.0,0.01,0.005,3,forward,0.0692301875898151,3.4515031367765445e-05,101
circle_r5_v2,5.0,0.01,0.005,3,central,0.03505520159477157,-0.0020451113805541802,101
circle_r5_v2,5.0,0.01,0.005,3,cubic_global,0.0571513619001433,0.0013352225058752567,101
circle_r5_v2,5.0,0.01,0.005,3,smoothing_spline,0.17249602223199545,0.009825139520850628,101
circle_r5_v2,5.0,0.01,0.005,3,savgol_w5p2,0.02062696496241253,-0.005346606862183221,101
circle_r5_v2,5.0,0.01,0.005,3,savgol_w7p3,0.03297497643127059,0.0017690029313865668,101
circle_r5_v2,5.0,0.01,0.005,3,savgol_w9p3,0.02081993435940721,0.0017565594120098952,101
circle_r5_v2,5.0,0.01,0.005,3,savgol_w11p3,0.01479819939298109,0.0020521920688711,101
circle_r5_v2,5.0,0.01,0.005,3,family_a_W3,0.026662742174362434,-0.00029060151131705486,101
circle_r5_v2,5.0,0.01,0.005,3,family_a_W5,0.01234729269789621,-0.00031335755658571225,101
circle_r5_v2,5.0,0.01,0.005,3,family_a_W7,0.0069424815637623895,-0.0006029543308497797,101
circle_r5_v2,5.0,0.01,0.005,3,family_a_midspan_W5,0.006801908193835838,0.0003162071883788418,101
circle_r5_v2,5.0,0.01,0.005,4,forward,0.06968310069822485,-0.0008033630439810284,101
circle_r5_v2,5.0,0.01,0.005,4,central,0.032457846737427284,-0.0025736909320323055,101
circle_r5_v2,5.0,0.01,0.005,4,cubic_global,0.05693653231525473,-0.0008286244725095169,101
circle_r5_v2,5.0,0.01,0.005,4,smoothing_spline,0.17278187194196046,0.01038536191355091,101
circle_r5_v2,5.0,0.01,0.005,4,savgol_w5p2,0.024089958694539015,-0.011671345597821297,101
circle_r5_v2,5.0,0.01,0.005,4,savgol_w7p3,0.031970516133094366,-0.004421065238272453,101
circle_r5_v2,5.0,0.01,0.005,4,savgol_w9p3,0.024573170745631014,-0.004695255384671904,101
circle_r5_v2,5.0,0.01,0.005,4,savgol_w11p3,0.017934792157371808,-0.004509264587184891,101
circle_r5_v2,5.0,0.01,0.005,4,family_a_W3,0.02274006986869721,-7.844410322371271e-05,101
circle_r5_v2,5.0,0.01,0.005,4,family_a_W5,0.012486260596304791,0.0001409672373522335,101
circle_r5_v2,5.0,0.01,0.005,4,family_a_W7,0.007791493937884894,-9.509367677555776e-05,101
circle_r5_v2,5.0,0.01,0.005,4,family_a_midspan_W5,0.005775414092751088,0.0006885556251059197,101
circle_r5_v2,5.0,0.05,0.0,0,forward,0.3162688868060662,0.03300728039415797,101
circle_r5_v2,5.0,0.05,0.0,0,central,0.1496107111607829,0.005393670125663032,101
circle_r5_v2,5.0,0.05,0.0,0,cubic_global,0.26146397610477357,0.02038061520283242,101
circle_r5_v2,5.0,0.05,0.0,0,smoothing_spline,0.1729666168400344,0.009627919190475115,101
circle_r5_v2,5.0,0.05,0.0,0,savgol_w5p2,0.07027822424521572,-0.006190805796543728,101
circle_r5_v2,5.0,0.05,0.0,0,savgol_w7p3,0.1075152792379678,0.00261633701899511,101
circle_r5_v2,5.0,0.05,0.0,0,savgol_w9p3,0.07204692642482916,0.0017467514395023813,101
circle_r5_v2,5.0,0.05,0.0,0,savgol_w11p3,0.05749312690256114,0.0022587550062084984,101
circle_r5_v2,5.0,0.05,0.0,0,family_a_W3,0.10751527923796685,0.0026163370189921475,101
circle_r5_v2,5.0,0.05,0.0,0,family_a_W5,0.05749312690256066,0.0022587550062060095,101
circle_r5_v2,5.0,0.05,0.0,0,family_a_W7,0.0429507063498317,0.001883510664520622,101
circle_r5_v2,5.0,0.05,0.0,0,family_a_midspan_W5,0.029542748649417357,0.003387483425596137,101
circle_r5_v2,5.0,0.05,0.0,1,forward,0.34777007762348644,0.030374748482868034,101
circle_r5_v2,5.0,0.05,0.0,1,central,0.18210909579620196,0.010689185548141918,101
circle_r5_v2,5.0,0.05,0.0,1,cubic_global,0.29653045509510995,0.029832910914009237,101
circle_r5_v2,5.0,0.05,0.0,1,smoothing_spline,0.17392462825519994,0.00964744972414485,101
circle_r5_v2,5.0,0.05,0.0,1,savgol_w5p2,0.06990695984093151,-0.004490933245765399,101
circle_r5_v2,5.0,0.05,0.0,1,savgol_w7p3,0.1249737476062571,0.006806824075846582,101
circle_r5_v2,5.0,0.05,0.0,1,savgol_w9p3,0.07421287588259873,0.002764025747217363,101
circle_r5_v2,5.0,0.05,0.0,1,savgol_w11p3,0.05282443055943165,0.0010243527116960325,101
circle_r5_v2,5.0,0.05,0.0,1,family_a_W3,0.12497374760625654,0.006806824075843305,101
circle_r5_v2,5.0,0.05,0.0,1,family_a_W5,0.05282443055943139,0.0010243527116935583,101
circle_r5_v2,5.0,0.05,0.0,1,family_a_W7,0.033372855840150255,7.979243716664393e-05,101
circle_r5_v2,5.0,0.05,0.0,1,family_a_midspan_W5,0.030170437676660396,0.0014694447682749264,101
circle_r5_v2,5.0,0.05,0.0,2,forward,0.3878087174501425,0.02462222057470301,101
circle_r5_v2,5.0,0.05,0.0,2,central,0.16678999290616284,0.003754400328261062,101
circle_r5_v2,5.0,0.05,0.0,2,cubic_global,0.2850697351856282,0.017549666387514658,101
circle_r5_v2,5.0,0.05,0.0,2,smoothing_spline,0.17284111634496563,0.010794444703440377,101
circle_r5_v2,5.0,0.05,0.0,2,savgol_w5p2,0.07462644047962046,-0.0061129115707850715,101
circle_r5_v2,5.0,0.05,0.0,2,savgol_w7p3,0.12303293694449771,0.0033904795577633135,101
circle_r5_v2,5.0,0.05,0.0,2,savgol_w9p3,0.07757557406167209,0.0009802254561034596,101
circle_r5_v2,5.0,0.05,0.0,2,savgol_w11p3,0.05365805632708929,1.1879932922284956e-05,101
circle_r5_v2,5.0,0.05,0.0,2,family_a_W3,0.12303293694449723,0.003390479557759668,101
circle_r5_v2,5.0,0.05,0.0,2,family_a_W5,0.05365805632708901,1.187993291963018e-05,101
circle_r5_v2,5.0,0.05,0.0,2,family_a_W7,0.03580829681387731,-0.0011681458663466075,101
circle_r5_v2,5.0,0.05,0.0,2,family_a_midspan_W5,0.030551143204313718,0.002998673395869115,101
circle_r5_v2,5.0,0.05,0.0,3,forward,0.33397932614803527,0.04144610526743565,101
circle_r5_v2,5.0,0.05,0.0,3,central,0.17028340117056373,0.009243515814078668,101
circle_r5_v2,5.0,0.05,0.0,3,cubic_global,0.2811446652269241,0.02694483008732026,101
circle_r5_v2,5.0,0.05,0.0,3,smoothing_spline,0.1720290905907146,0.009803025633086986,101
circle_r5_v2,5.0,0.05,0.0,3,savgol_w5p2,0.07362701053844636,-0.004186111063852787,101
circle_r5_v2,5.0,0.05,0.0,3,savgol_w7p3,0.12166225237311899,0.0073999741452254195,101
circle_r5_v2,5.0,0.05,0.0,3,savgol_w9p3,0.08093847934176618,0.0037590601199334805,101
circle_r5_v2,5.0,0.05,0.0,3,savgol_w11p3,0.05796406685442555,0.0011943184720611968,101
circle_r5_v2,5.0,0.05,0.0,3,family_a_W3,0.12166225237311903,0.007399974145221701,101
circle_r5_v2,5.0,0.05,0.0,3,family_a_W5,0.057964066854425365,0.00119431847205882,101
circle_r5_v2,5.0,0.05,0.0,3,family_a_W7,0.02878492810249693,-0.0011646587159500755,101
circle_r5_v2,5.0,0.05,0.0,3,family_a_midspan_W5,0.03169644567497648,0.0016099719094082978,101
circle_r5_v2,5.0,0.05,0.0,4,forward,0.3954422327980281,0.03297831478007158,101
circle_r5_v2,5.0,0.05,0.0,4,central,0.17040545850744668,0.005956010234058772,101
circle_r5_v2,5.0,0.05,0.0,4,cubic_global,0.30253732858528426,0.024406884661190113,101
circle_r5_v2,5.0,0.05,0.0,4,smoothing_spline,0.17256361729227457,0.01061400313543082,101
circle_r5_v2,5.0,0.05,0.0,4,savgol_w5p2,0.07028867987500113,-0.006724132041781266,101
circle_r5_v2,5.0,0.05,0.0,4,savgol_w7p3,0.11102626203395781,0.0027013491111316477,101
circle_r5_v2,5.0,0.05,0.0,4,savgol_w9p3,0.07485027464032887,0.0013474470835343104,101
circle_r5_v2,5.0,0.05,0.0,4,savgol_w11p3,0.05543249408145255,7.718872277012185e-06,101
circle_r5_v2,5.0,0.05,0.0,4,family_a_W3,0.11102626203395848,0.002701349111128327,101
circle_r5_v2,5.0,0.05,0.0,4,family_a_W5,0.05543249408145262,7.718872274696576e-06,101
circle_r5_v2,5.0,0.05,0.0,4,family_a_W7,0.03743087810208682,-0.001164885581288842,101
circle_r5_v2,5.0,0.05,0.0,4,family_a_midspan_W5,0.031720820852917476,0.0022579844005416773,101
circle_r5_v2,5.0,0.05,0.005,0,forward,0.373137793850867,0.03653952108152747,101
circle_r5_v2,5.0,0.05,0.005,0,central,0.1962517524717498,0.0075200254401772745,101
circle_r5_v2,5.0,0.05,0.005,0,cubic_global,0.32196287021439374,0.02403727663835935,101
circle_r5_v2,5.0,0.05,0.005,0,smoothing_spline,0.17335952425061632,0.009514213420967883,101
circle_r5_v2,5.0,0.05,0.005,0,savgol_w5p2,0.09114548781046611,-0.007061165112389886,101
circle_r5_v2,5.0,0.05,0.005,0,savgol_w7p3,0.14597473014438486,0.004228689856250511,101
circle_r5_v2,5.0,0.05,0.005,0,savgol_w9p3,0.09729786631622175,4.8183797011421626e-05,101
circle_r5_v2,5.0,0.05,0.005,0,savgol_w11p3,0.07156334954489857,-0.0018940849827208618,101
circle_r5_v2,5.0,0.05,0.005,0,family_a_W3,0.14277447514040173,0.005974409812513848,101
circle_r5_v2,5.0,0.05,0.005,0,family_a_W5,0.07000996471356791,0.0005620477023160828,101
circle_r5_v2,5.0,0.05,0.005,0,family_a_W7,0.045162846058585386,-0.0018898444307274965,101
circle_r5_v2,5.0,0.05,0.005,0,family_a_midspan_W5,0.03811675714971672,0.0007741737326624382,101
circle_r5_v2,5.0,0.05,0.005,1,forward,0.4074033871567401,0.023354494719111774,101
circle_r5_v2,5.0,0.05,0.005,1,central,0.2062291574891316,0.0032055273117091864,101
circle_r5_v2,5.0,0.05,0.005,1,cubic_global,0.37303813852903767,0.016167614351218072,101
circle_r5_v2,5.0,0.05,0.005,1,smoothing_spline,0.17322690122785417,0.011504400035942462,101
circle_r5_v2,5.0,0.05,0.005,1,savgol_w5p2,0.06993253316427321,-0.0028866735696883453,101
circle_r5_v2,5.0,0.05,0.005,1,savgol_w7p3,0.12449865820536496,0.004842455471010095,101
circle_r5_v2,5.0,0.05,0.005,1,savgol_w9p3,0.07450414137145032,0.004723724098198614,101
circle_r5_v2,5.0,0.05,0.005,1,savgol_w11p3,0.041032969990263235,0.004989296652198462,101
circle_r5_v2,5.0,0.05,0.005,1,family_a_W3,0.12133208727828276,0.002222053240009788,101
circle_r5_v2,5.0,0.05,0.005,1,family_a_W5,0.04008603255264024,0.002495546913621299,101
circle_r5_v2,5.0,0.05,0.005,1,family_a_W7,0.024421141529672806,0.0021743665600687926,101
circle_r5_v2,5.0,0.05,0.005,1,family_a_midspan_W5,0.02792983154979661,0.0031761519561334483,101
circle_r5_v2,5.0,0.05,0.005,2,forward,0.35575520478386347,0.04644413361545363,101
circle_r5_v2,5.0,0.05,0.005,2,central,0.18867752058305073,0.01418860080040926,101
circle_r5_v2,5.0,0.05,0.005,2,cubic_global,0.3122236349670686,0.03528989713033609,101
circle_r5_v2,5.0,0.05,0.005,2,smoothing_spline,0.17393102719032,0.01337075506934637,101
circle_r5_v2,5.0,0.05,0.005,2,savgol_w5p2,0.09034285983044488,0.004692882185421343,101
circle_r5_v2,5.0,0.05,0.005,2,savgol_w7p3,0.1352507141520252,0.01550643061931246,101
circle_r5_v2,5.0,0.05,0.005,2,savgol_w9p3,0.10175269410224119,0.012139415255210515,101
circle_r5_v2,5.0,0.05,0.005,2,savgol_w11p3,0.07863001042038495,0.010811884147439678,101
circle_r5_v2,5.0,0.05,0.005,2,family_a_W3,0.13232201463040072,0.009885858895832498,101
circle_r5_v2,5.0,0.05,0.005,2,family_a_W5,0.0755634526629939,0.0051521837758320655,101
circle_r5_v2,5.0,0.05,0.005,2,family_a_W7,0.05101214893144859,0.004528258895629821,101
circle_r5_v2,5.0,0.05,0.005,2,family_a_midspan_W5,0.034028634582317245,0.005839000192591902,101
circle_r5_v2,5.0,0.05,0.005,3,forward,0.3505355475738737,0.027345969549408197,101
circle_r5_v2,5.0,0.05,0.005,3,central,0.17480504192459356,0.003859259854824643,101
circle_r5_v2,5.0,0.05,0.005,3,cubic_global,0.2840424622321696,0.022743342380175367,101
circle_r5_v2,5.0,0.05,0.005,3,smoothing_spline,0.17171787284757908,0.008545212300073638,101
circle_r5_v2,5.0,0.05,0.005,3,savgol_w5p2,0.08001800192216658,-0.004952718967369075,101
circle_r5_v2,5.0,0.05,0.005,3,savgol_w7p3,0.12953350265234223,0.004071504903070478,101
circle_r5_v2,5.0,0.05,0.005,3,savgol_w9p3,0.08416956153550723,0.002407054108751149,101
circle_r5_v2,5.0,0.05,0.005,3,savgol_w11p3,0.060319517111683076,0.002004909990712873,101
circle_r5_v2,5.0,0.05,0.005,3,family_a_W3,0.13307044416056388,0.0016531395792713764,101
circle_r5_v2,5.0,0.05,0.005,3,family_a_W5,0.06177412586110021,-0.00029782168678959496,101
circle_r5_v2,5.0,0.05,0.005,3,family_a_W7,0.03459912854874542,-0.0009089828601892497,101
circle_r5_v2,5.0,0.05,0.005,3,family_a_midspan_W5,0.03409340835485688,0.0022196226379463347,101
circle_r5_v2,5.0,0.05,0.005,4,forward,0.34189405075620805,0.02381067618351845,101
circle_r5_v2,5.0,0.05,0.005,4,central,0.16049521329586253,0.002597555435495409,101
circle_r5_v2,5.0,0.05,0.005,4,cubic_global,0.2801310881147485,0.015240803005134551,101
circle_r5_v2,5.0,0.05,0.005,4,smoothing_spline,0.172790041341328,0.010878448469569988,101
circle_r5_v2,5.0,0.05,0.005,4,savgol_w5p2,0.07482348786517015,-0.009719382059106711,101
circle_r5_v2,5.0,0.05,0.005,4,savgol_w7p3,0.11492543275877543,-0.0007215128811015847,101
circle_r5_v2,5.0,0.05,0.005,4,savgol_w9p3,0.08284047693324348,-0.002979696908542434,101
circle_r5_v2,5.0,0.05,0.005,4,savgol_w11p3,0.06257462086123565,-0.00251089419418368,101
circle_r5_v2,5.0,0.05,0.005,4,family_a_W3,0.11370750169537318,0.0035110646319303405,101
circle_r5_v2,5.0,0.05,0.005,4,family_a_W5,0.06220473337236868,0.002093402041802807,101
circle_r5_v2,5.0,0.05,0.005,4,family_a_W7,0.038910362352182204,0.001709515593662377,101
circle_r5_v2,5.0,0.05,0.005,4,family_a_midspan_W5,0.02880378857114615,0.00436092096668529,101
circle_r5_v2,5.0,0.2,0.0,0,forward,1.181429786068761,0.5761194982465443,101
circle_r5_v2,5.0,0.2,0.0,0,central,0.6049875695237871,0.11841720615356402,101
circle_r5_v2,5.0,0.2,0.0,0,cubic_global,1.0579484981834273,0.3104339774448761,101
circle_r5_v2,5.0,0.2,0.0,0,smoothing_spline,0.17469421395008947,0.008198815047413259,101
circle_r5_v2,5.0,0.2,0.0,0,savgol_w5p2,0.2786582381838057,0.01659489447831586,101
circle_r5_v2,5.0,0.2,0.0,0,savgol_w7p3,0.4243664685483255,0.06486438284646498,101
circle_r5_v2,5.0,0.2,0.0,0,savgol_w9p3,0.2882225907267053,0.029174775047332818,101
circle_r5_v2,5.0,0.2,0.0,0,savgol_w11p3,0.2299211468841473,0.0209459876511057,101
circle_r5_v2,5.0,0.2,0.0,0,family_a_W3,0.4243664685483232,0.06486438284646252,101
circle_r5_v2,5.0,0.2,0.0,0,family_a_W5,0.22992114688414594,0.02094598765110321,101
circle_r5_v2,5.0,0.2,0.0,0,family_a_W7,0.1708429550990499,0.012600672403453523,101
circle_r5_v2,5.0,0.2,0.0,0,family_a_midspan_W5,0.12439602836686976,0.03958997462506475,101
circle_r5_v2,5.0,0.2,0.0,1,forward,1.351313934342201,0.49138588774372494,101
circle_r5_v2,5.0,0.2,0.0,1,central,0.7028597186493525,0.1615350770619398,101
circle_r5_v2,5.0,0.2,0.0,1,cubic_global,1.0860733261870732,0.4596776162509624,101
circle_r5_v2,5.0,0.2,0.0,1,smoothing_spline,0.17809165075916678,0.008290551265220622,101
circle_r5_v2,5.0,0.2,0.0,1,savgol_w5p2,0.28059011217918317,0.01962946580350991,101
circle_r5_v2,5.0,0.2,0.0,1,savgol_w7p3,0.49815085085053457,0.07763129356858608,101
circle_r5_v2,5.0,0.2,0.0,1,savgol_w9p3,0.30061456789165714,0.027915874652430065,101
circle_r5_v2,5.0,0.2,0.0,1,savgol_w11p3,0.21232059740690779,0.010713122587622524,101
circle_r5_v2,5.0,0.2,0.0,1,family_a_W3,0.4981508508505328,0.0776312935685821,101
circle_r5_v2,5.0,0.2,0.0,1,family_a_W5,0.2123205974069072,0.01071312258762024,101
circle_r5_v2,5.0,0.2,0.0,1,family_a_W7,0.1329110207924743,0.004294066088939365,101
circle_r5_v2,5.0,0.2,0.0,1,family_a_midspan_W5,0.11687924728348234,0.024957153967811823,101
circle_r5_v2,5.0,0.2,0.0,2,forward,1.4100460513821735,0.4899838965966179,101
circle_r5_v2,5.0,0.2,0.0,2,central,0.6666596697112237,0.10801311440891384,101
circle_r5_v2,5.0,0.2,0.0,2,cubic_global,1.0639202278034539,0.3496008665680307,101
circle_r5_v2,5.0,0.2,0.0,2,smoothing_spline,0.1740627079251136,0.012818902066541338,101
circle_r5_v2,5.0,0.2,0.0,2,savgol_w5p2,0.29467471796602157,0.015389924929244935,101
circle_r5_v2,5.0,0.2,0.0,2,savgol_w7p3,0.48550467082214266,0.060914360530985485,101
circle_r5_v2,5.0,0.2,0.0,2,savgol_w9p3,0.3069954306241017,0.02589306200824306,101
circle_r5_v2,5.0,0.2,0.0,2,savgol_w11p3,0.2120121761393526,0.011620216487198983,101
circle_r5_v2,5.0,0.2,0.0,2,family_a_W3,0.4855046708221409,0.060914360530981114,101
circle_r5_v2,5.0,0.2,0.0,2,family_a_W5,0.21201217613935186,0.01162021648719611,101
circle_r5_v2,5.0,0.2,0.0,2,family_a_W7,0.14271833017743665,-4.54781332560886e-05,101
circle_r5_v2,5.0,0.2,0.0,2,family_a_midspan_W5,0.12288261488144497,0.037351777338917716,101
circle_r5_v2,5.0,0.2,0.0,3,forward,1.3252734541534235,0.67044979464632,101
circle_r5_v2,5.0,0.2,0.0,3,central,0.673543512949372,0.15445805174316524,101
circle_r5_v2,5.0,0.2,0.0,3,cubic_global,1.0839318565107894,0.41553833138044843,101
circle_r5_v2,5.0,0.2,0.0,3,smoothing_spline,0.17019075937760306,0.008856205645795095,101
circle_r5_v2,5.0,0.2,0.0,3,savgol_w5p2,0.2948903636985552,0.02931263098424575,101
circle_r5_v2,5.0,0.2,0.0,3,savgol_w7p3,0.49042144243433833,0.09355742973518122,101
circle_r5_v2,5.0,0.2,0.0,3,savgol_w9p3,0.3270701592499575,0.04285390869380699,101
circle_r5_v2,5.0,0.2,0.0,3,savgol_w11p3,0.23325818985935065,0.019606731202479126,101
circle_r5_v2,5.0,0.2,0.0,3,family_a_W3,0.49042144243433583,0.09355742973517711,101
circle_r5_v2,5.0,0.2,0.0,3,family_a_W5,0.23325818985935,0.01960673120247647,101
circle_r5_v2,5.0,0.2,0.0,3,family_a_W7,0.11461947450378031,0.002221644088999331,101
circle_r5_v2,5.0,0.2,0.0,3,family_a_midspan_W5,0.1285193859123327,0.038870084637504854,101
circle_r5_v2,5.0,0.2,0.0,4,forward,1.4628592740416773,0.5943861611669702,101
circle_r5_v2,5.0,0.2,0.0,4,central,0.6558100964894973,0.13549486224784016,101
circle_r5_v2,5.0,0.2,0.0,4,cubic_global,1.102267883176791,0.43427458546494613,101
circle_r5_v2,5.0,0.2,0.0,4,smoothing_spline,0.17276578982075178,0.012109579200765748,101
circle_r5_v2,5.0,0.2,0.0,4,savgol_w5p2,0.2700805028044619,0.018487994416822005,101
circle_r5_v2,5.0,0.2,0.0,4,savgol_w7p3,0.42489448459566787,0.06808082906661848,101
circle_r5_v2,5.0,0.2,0.0,4,savgol_w9p3,0.29002125678416385,0.03252637202082861,101
circle_r5_v2,5.0,0.2,0.0,4,savgol_w11p3,0.22101962187840302,0.015636296908058317,101
circle_r5_v2,5.0,0.2,0.0,4,family_a_W3,0.424894484595667,0.0680808290666152,101
circle_r5_v2,5.0,0.2,0.0,4,family_a_W5,0.22101962187840204,0.015636296908056343,101
circle_r5_v2,5.0,0.2,0.0,4,family_a_W7,0.14918708987951843,0.002980550589269793,101
circle_r5_v2,5.0,0.2,0.0,4,family_a_midspan_W5,0.1252224442586742,0.04133740679473074,101
circle_r5_v2,5.0,0.2,0.005,0,forward,1.4080781244947742,0.6289567382641407,101
circle_r5_v2,5.0,0.2,0.005,0,central,0.7724919013245974,0.13688645003794142,101
circle_r5_v2,5.0,0.2,0.005,0,cubic_global,1.1892809223194922,0.43440328813447165,101
circle_r5_v2,5.0,0.2,0.005,0,smoothing_spline,0.17708525311645348,0.007783902753746516,101
circle_r5_v2,5.0,0.2,0.005,0,savgol_w5p2,0.3540363858409035,0.01722598988212841,101
circle_r5_v2,5.0,0.2,0.005,0,savgol_w7p3,0.5648498748804837,0.07206224657828947,101
circle_r5_v2,5.0,0.2,0.005,0,savgol_w9p3,0.3800099751426147,0.027475003044026423,101
circle_r5_v2,5.0,0.2,0.005,0,savgol_w11p3,0.2818350242076913,0.010355942506584845,101
circle_r5_v2,5.0,0.2,0.005,0,family_a_W3,0.5617216893771636,0.07376379529205969,101
circle_r5_v2,5.0,0.2,0.005,0,family_a_W5,0.2816136419508517,0.01297207196396662,101
circle_r5_v2,5.0,0.2,0.005,0,family_a_W7,0.18033008667467523,-0.003060265888976379,101
circle_r5_v2,5.0,0.2,0.005,0,family_a_midspan_W5,0.15348191089861135,0.029312230708891752,101
circle_r5_v2,5.0,0.2,0.005,1,forward,1.4428615462279606,0.5570603032702071,101
circle_r5_v2,5.0,0.2,0.005,1,central,0.7853544556731235,0.10268110321062265,101
circle_r5_v2,5.0,0.2,0.005,1,cubic_global,1.2934556592854947,0.40391624866800657,101
circle_r5_v2,5.0,0.2,0.005,1,smoothing_spline,0.1761255915344389,0.01571121931436446,101
circle_r5_v2,5.0,0.2,0.005,1,savgol_w5p2,0.27311075025863946,0.014381250042409038,101
circle_r5_v2,5.0,0.2,0.005,1,savgol_w7p3,0.478794007935058,0.0491582143155517,101
circle_r5_v2,5.0,0.2,0.005,1,savgol_w9p3,0.2954755032609475,0.02456808835631875,101
circle_r5_v2,5.0,0.2,0.005,1,savgol_w11p3,0.16220222387714647,0.019672100969156812,101
circle_r5_v2,5.0,0.2,0.005,1,family_a_W3,0.47420958410850944,0.04622764396397007,101
circle_r5_v2,5.0,0.2,0.005,1,family_a_W5,0.16102126824516302,0.01755164963245436,101
circle_r5_v2,5.0,0.2,0.005,1,family_a_W7,0.09784064432524646,0.012554465837172202,101
circle_r5_v2,5.0,0.2,0.005,1,family_a_midspan_W5,0.11750319071149198,0.028516486079934112,101
circle_r5_v2,5.0,0.2,0.005,2,forward,1.3072248162107691,0.6915348164001599,101
circle_r5_v2,5.0,0.2,0.005,2,central,0.7201292624965595,0.1608918663909272,101
circle_r5_v2,5.0,0.2,0.005,2,cubic_global,1.1479020107584392,0.45099395585305024,101
circle_r5_v2,5.0,0.2,0.005,2,smoothing_spline,0.1785901239061859,0.023116275530067208,101
circle_r5_v2,5.0,0.2,0.005,2,savgol_w5p2,0.3510144828480741,0.041895325217762236,101
circle_r5_v2,5.0,0.2,0.005,2,savgol_w7p3,0.5285654976647635,0.09096934503844382,101
circle_r5_v2,5.0,0.2,0.005,2,savgol_w9p3,0.39376525684811664,0.054221120183150166,101
circle_r5_v2,5.0,0.2,0.005,2,savgol_w11p3,0.30202943814327654,0.03865410512008954,101
circle_r5_v2,5.0,0.2,0.005,2,family_a_W3,0.5249171623027129,0.08532365105872812,101
circle_r5_v2,5.0,0.2,0.005,2,family_a_W5,0.3001622254654861,0.03288666222521142,101
circle_r5_v2,5.0,0.2,0.005,2,family_a_W7,0.2045147558842226,0.024390980347518916,101
circle_r5_v2,5.0,0.2,0.005,2,family_a_midspan_W5,0.14063291303075784,0.05047345792835157,101
circle_r5_v2,5.0,0.2,0.005,3,forward,1.3209491578611603,0.5441058708123128,101
circle_r5_v2,5.0,0.2,0.005,3,central,0.689832705171215,0.10834152891171772,101
circle_r5_v2,5.0,0.2,0.005,3,cubic_global,1.0904596072793935,0.35664566483175,101
circle_r5_v2,5.0,0.2,0.005,3,smoothing_spline,0.16946462647174004,0.003830238679538634,101
circle_r5_v2,5.0,0.2,0.005,3,savgol_w5p2,0.3195886314792116,0.014567781109029286,101
circle_r5_v2,5.0,0.2,0.005,3,savgol_w7p3,0.5155404295456008,0.05866830380003665,101
circle_r5_v2,5.0,0.2,0.005,3,savgol_w9p3,0.3404144326451444,0.02536552632412977,101
circle_r5_v2,5.0,0.2,0.005,3,savgol_w11p3,0.24548232872480819,0.01233295536974418,101
circle_r5_v2,5.0,0.2,0.005,3,family_a_W3,0.5213222895253087,0.055070831064382465,101
circle_r5_v2,5.0,0.2,0.005,3,family_a_W5,0.2476553446954909,0.010393296460105299,101
circle_r5_v2,5.0,0.2,0.005,3,family_a_W7,0.1379237926279745,0.0011207270714436693,101
circle_r5_v2,5.0,0.2,0.005,3,family_a_midspan_W5,0.13855491331243064,0.03373820939275202,101
circle_r5_v2,5.0,0.2,0.005,4,forward,1.2396362316905092,0.5622273278529601,101
circle_r5_v2,5.0,0.2,0.005,4,central,0.606237135459808,0.13150702118066798,101
circle_r5_v2,5.0,0.2,0.005,4,cubic_global,1.0633045046077854,0.38098438598669626,101
circle_r5_v2,5.0,0.2,0.005,4,smoothing_spline,0.17296044918896974,0.012762680832478834,101
circle_r5_v2,5.0,0.2,0.005,4,savgol_w5p2,0.2857245719378722,0.02007762577754745,101
circle_r5_v2,5.0,0.2,0.005,4,savgol_w7p3,0.452680704897978,0.0683669919296753,101
circle_r5_v2,5.0,0.2,0.005,4,savgol_w9p3,0.30982986814119745,0.029756092431683076,101
circle_r5_v2,5.0,0.2,0.005,4,savgol_w11p3,0.2435717837436907,0.01785988190509457,101
circle_r5_v2,5.0,0.2,0.005,4,family_a_W3,0.4547378305536667,0.07164365835971792,101
circle_r5_v2,5.0,0.2,0.005,4,family_a_W5,0.2441754433772078,0.022366307212865866,101
circle_r5_v2,5.0,0.2,0.005,4,family_a_W7,0.15431808574996037,0.012844111299591386,101
circle_r5_v2,5.0,0.2,0.005,4,family_a_midspan_W5,0.12020258000886631,0.0481956351080605,101
circle_r5_v2,10.0,0.0,0.0,0,forward,0.0001333306666920818,-0.00013333066669208178,201
circle_r5_v2,10.0,0.0,0.0,0,central,0.0005332906682919711,-0.0005332906682919711,201
circle_r5_v2,10.0,0.0,0.0,0,cubic_global,2.8365719337024368e-08,-2.830330133308058e-08,201
circle_r5_v2,10.0,0.0,0.0,0,smoothing_spline,0.1698249875361277,0.010354991611995271,201
circle_r5_v2,10.0,0.0,0.0,0,savgol_w5p2,0.0018127787501967933,-0.001812778750196793,201
circle_r5_v2,10.0,0.0,0.0,0,savgol_w7p3,1.064125735330656e-06,-1.064125735330656e-06,201
circle_r5_v2,10.0,0.0,0.0,0,savgol_w9p3,3.3914336977495157e-06,-3.391433697749516e-06,201
circle_r5_v2,10.0,0.0,0.0,0,savgol_w11p3,8.124135333433617e-06,-8.124135333433617e-06,201
circle_r5_v2,10.0,0.0,0.0,0,family_a_W3,1.0641257453619196e-06,-1.0641257453619196e-06,201
circle_r5_v2,10.0,0.0,0.0,0,family_a_W5,8.124135344064768e-06,-8.12413534406477e-06,201
circle_r5_v2,10.0,0.0,0.0,0,family_a_W7,2.9891472901771266e-05,-2.9891472901771272e-05,201
circle_r5_v2,10.0,0.0,0.0,0,family_a_midspan_W5,1.6640431333820037e-05,1.6640431333820037e-05,201
circle_r5_v2,10.0,0.0,0.0,1,forward,0.0001333306666920818,-0.00013333066669208178,201
circle_r5_v2,10.0,0.0,0.0,1,central,0.0005332906682919711,-0.0005332906682919711,201
circle_r5_v2,10.0,0.0,0.0,1,cubic_global,2.8365719337024368e-08,-2.830330133308058e-08,201
circle_r5_v2,10.0,0.0,0.0,1,smoothing_spline,0.1698249875361277,0.010354991611995271,201
circle_r5_v2,10.0,0.0,0.0,1,savgol_w5p2,0.0018127787501967933,-0.001812778750196793,201
circle_r5_v2,10.0,0.0,0.0,1,savgol_w7p3,1.064125735330656e-06,-1.064125735330656e-06,201
circle_r5_v2,10.0,0.0,0.0,1,savgol_w9p3,3.3914336977495157e-06,-3.391433697749516e-06,201
circle_r5_v2,10.0,0.0,0.0,1,savgol_w11p3,8.124135333433617e-06,-8.124135333433617e-06,201
circle_r5_v2,10.0,0.0,0.0,1,family_a_W3,1.0641257453619196e-06,-1.0641257453619196e-06,201
circle_r5_v2,10.0,0.0,0.0,1,family_a_W5,8.124135344064768e-06,-8.12413534406477e-06,201
circle_r5_v2,10.0,0.0,0.0,1,family_a_W7,2.9891472901771266e-05,-2.9891472901771272e-05,201
circle_r5_v2,10.0,0.0,0.0,1,family_a_midspan_W5,1.6640431333820037e-05,1.6640431333820037e-05,201
circle_r5_v2,10.0,0.0,0.0,2,forward,0.0001333306666920818,-0.00013333066669208178,201
circle_r5_v2,10.0,0.0,0.0,2,central,0.0005332906682919711,-0.0005332906682919711,201
circle_r5_v2,10.0,0.0,0.0,2,cubic_global,2.8365719337024368e-08,-2.830330133308058e-08,201
circle_r5_v2,10.0,0.0,0.0,2,smoothing_spline,0.1698249875361277,0.010354991611995271,201
circle_r5_v2,10.0,0.0,0.0,2,savgol_w5p2,0.0018127787501967933,-0.001812778750196793,201
circle_r5_v2,10.0,0.0,0.0,2,savgol_w7p3,1.064125735330656e-06,-1.064125735330656e-06,201
circle_r5_v2,10.0,0.0,0.0,2,savgol_w9p3,3.3914336977495157e-06,-3.391433697749516e-06,201
circle_r5_v2,10.0,0.0,0.0,2,savgol_w11p3,8.124135333433617e-06,-8.124135333433617e-06,201
circle_r5_v2,10.0,0.0,0.0,2,family_a_W3,1.0641257453619196e-06,-1.0641257453619196e-06,201
circle_r5_v2,10.0,0.0,0.0,2,family_a_W5,8.124135344064768e-06,-8.12413534406477e-06,201
circle_r5_v2,10.0,0.0,0.0,2,family_a_W7,2.9891472901771266e-05,-2.9891472901771272e-05,201
circle_r5_v2,10.0,0.0,0.0,2,family_a_midspan_W5,1.6640431333820037e-05,1.6640431333820037e-05,201
circle_r5_v2,10.0,0.0,0.0,3,forward,0.0001333306666920818,-0.00013333066669208178,201
circle_r5_v2,10.0,0.0,0.0,3,central,0.0005332906682919711,-0.0005332906682919711,201
circle_r5_v2,10.0,0.0,0.0,3,cubic_global,2.8365719337024368e-08,-2.830330133308058e-08,201
circle_r5_v2,10.0,0.0,0.0,3,smoothing_spline,0.1698249875361277,0.010354991611995271,201
circle_r5_v2,10.0,0.0,0.0,3,savgol_w5p2,0.0018127787501967933,-0.001812778750196793,201
circle_r5_v2,10.0,0.0,0.0,3,savgol_w7p3,1.064125735330656e-06,-1.064125735330656e-06,201
circle_r5_v2,10.0,0.0,0.0,3,savgol_w9p3,3.3914336977495157e-06,-3.391433697749516e-06,201
circle_r5_v2,10.0,0.0,0.0,3,savgol_w11p3,8.124135333433617e-06,-8.124135333433617e-06,201
circle_r5_v2,10.0,0.0,0.0,3,family_a_W3,1.0641257453619196e-06,-1.0641257453619196e-06,201
circle_r5_v2,10.0,0.0,0.0,3,family_a_W5,8.124135344064768e-06,-8.12413534406477e-06,201
circle_r5_v2,10.0,0.0,0.0,3,family_a_W7,2.9891472901771266e-05,-2.9891472901771272e-05,201
circle_r5_v2,10.0,0.0,0.0,3,family_a_midspan_W5,1.6640431333820037e-05,1.6640431333820037e-05,201
circle_r5_v2,10.0,0.0,0.0,4,forward,0.0001333306666920818,-0.00013333066669208178,201
circle_r5_v2,10.0,0.0,0.0,4,central,0.0005332906682919711,-0.0005332906682919711,201
circle_r5_v2,10.0,0.0,0.0,4,cubic_global,2.8365719337024368e-08,-2.830330133308058e-08,201
circle_r5_v2,10.0,0.0,0.0,4,smoothing_spline,0.1698249875361277,0.010354991611995271,201
circle_r5_v2,10.0,0.0,0.0,4,savgol_w5p2,0.0018127787501967933,-0.001812778750196793,201
circle_r5_v2,10.0,0.0,0.0,4,savgol_w7p3,1.064125735330656e-06,-1.064125735330656e-06,201
circle_r5_v2,10.0,0.0,0.0,4,savgol_w9p3,3.3914336977495157e-06,-3.391433697749516e-06,201
circle_r5_v2,10.0,0.0,0.0,4,savgol_w11p3,8.124135333433617e-06,-8.124135333433617e-06,201
circle_r5_v2,10.0,0.0,0.0,4,family_a_W3,1.0641257453619196e-06,-1.0641257453619196e-06,201
circle_r5_v2,10.0,0.0,0.0,4,family_a_W5,8.124135344064768e-06,-8.12413534406477e-06,201
circle_r5_v2,10.0,0.0,0.0,4,family_a_W7,2.9891472901771266e-05,-2.9891472901771272e-05,201
circle_r5_v2,10.0,0.0,0.0,4,family_a_midspan_W5,1.6640431333820037e-05,1.6640431333820037e-05,201
circle_r5_v2,10.0,0.0,0.005,0,forward,0.00013508806321104307,-0.00013388268297403997,201
circle_r5_v2,10.0,0.0,0.005,0,central,0.0005347329653353649,-0.0005336395366940779,201
circle_r5_v2,10.0,0.0,0.005,0,cubic_global,3.183594527550409e-08,-2.886684054346603e-08,201
circle_r5_v2,10.0,0.0,0.005,0,smoothing_spline,0.16969583040477185,0.010355289928861403,201
circle_r5_v2,10.0,0.0,0.005,0,savgol_w5p2,0.029999259708830227,0.0012238716583866177,201
circle_r5_v2,10.0,0.0,0.005,0,savgol_w7p3,0.04821207823980218,0.0028623939947630727,201
circle_r5_v2,10.0,0.0,0.005,0,savgol_w9p3,0.03151134865934564,0.0030753393353613206,201
circle_r5_v2,10.0,0.0,0.005,0,savgol_w11p3,0.02352538324856732,0.0030939666408916038,201
circle_r5_v2,10.0,0.0,0.005,0,family_a_W3,1.0740596211190966e-06,-1.073252310433435e-06,201
circle_r5_v2,10.0,0.0,0.005,0,family_a_W5,8.15301293575756e-06,-8.149369063407173e-06,201
circle_r5_v2,10.0,0.0,0.005,0,family_a_W7,2.995900372186539e-05,-2.9951597569614852e-05,201
circle_r5_v2,10.0,0.0,0.005,0,family_a_midspan_W5,1.664011786164379e-05,1.663301315631744e-05,201
circle_r5_v2,10.0,0.0,0.005,1,forward,0.00013517123334860336,-0.00013400768255033193,201
circle_r5_v2,10.0,0.0,0.005,1,central,0.0005354525383237419,-0.0005340574538633244,201
circle_r5_v2,10.0,0.0,0.005,1,cubic_global,3.2236629605987154e-08,-2.8966137578149124e-08,201
circle_r5_v2,10.0,0.0,0.005,1,smoothing_spline,0.16979838165251795,0.010280745808496772,201
circle_r5_v2,10.0,0.0,0.005,1,savgol_w5p2,0.02831405584908311,0.0011179610722867853,201
circle_r5_v2,10.0,0.0,0.005,1,savgol_w7p3,0.05044522835001127,0.003155369098737237,201
circle_r5_v2,10.0,0.0,0.005,1,savgol_w9p3,0.02962447920791736,0.002796174536087087,201
circle_r5_v2,10.0,0.0,0.005,1,savgol_w11p3,0.020171146922750897,0.002758043959107258,201
circle_r5_v2,10.0,0.0,0.005,1,family_a_W3,1.0721655693234724e-06,-1.071394891213163e-06,201
circle_r5_v2,10.0,0.0,0.005,1,family_a_W5,8.142319078471953e-06,-8.139076670379692e-06,201
circle_r5_v2,10.0,0.0,0.005,1,family_a_W7,2.993077802705336e-05,-2.9924526762984754e-05,201
circle_r5_v2,10.0,0.0,0.005,1,family_a_midspan_W5,1.662057233528938e-05,1.6614162387410885e-05,201
circle_r5_v2,10.0,0.0,0.005,2,forward,0.00013526150337524797,-0.00013397070004519016,201
circle_r5_v2,10.0,0.0,0.005,2,central,0.0005351224408476826,-0.0005339760151720826,201
circle_r5_v2,10.0,0.0,0.005,2,cubic_global,3.205062994536107e-08,-2.9008931620246675e-08,201
circle_r5_v2,10.0,0.0,0.005,2,smoothing_spline,0.16981843792168588,0.010295963677852574,201
circle_r5_v2,10.0,0.0,0.005,2,savgol_w5p2,0.03100513145502723,0.003540294951838644,201
circle_r5_v2,10.0,0.0,0.005,2,savgol_w7p3,0.04959070321710987,0.005457218285554429,201
circle_r5_v2,10.0,0.0,0.005,2,savgol_w9p3,0.03353993017043133,0.005279956898173311,201
circle_r5_v2,10.0,0.0,0.005,2,savgol_w11p3,0.02426149748867212,0.005265087406350163,201
circle_r5_v2,10.0,0.0,0.005,2,family_a_W3,1.074192555825568e-06,-1.0734142989358502e-06,201
circle_r5_v2,10.0,0.0,0.005,2,family_a_W5,8.149554945939077e-06,-8.145674786873626e-06,201
circle_r5_v2,10.0,0.0,0.005,2,family_a_W7,2.9950776948712323e-05,-2.9943239144344336e-05,201
circle_r5_v2,10.0,0.0,0.005,2,family_a_midspan_W5,1.6631242876770396e-05,1.662394138822442e-05,201
circle_r5_v2,10.0,0.0,0.005,3,forward,0.00013541634542766327,-0.00013407405494731496,201
circle_r5_v2,10.0,0.0,0.005,3,central,0.0005348341529502828,-0.0005334964372681595,201
circle_r5_v2,10.0,0.0,0.005,3,cubic_global,3.222788649106584e-08,-2.8872146336103685e-08,201
circle_r5_v2,10.0,0.0,0.005,3,smoothing_spline,0.1698992989041822,0.010275089408548864,201
circle_r5_v2,10.0,0.0,0.005,3,savgol_w5p2,0.031825557384665956,-0.0021389442262784645,201
circle_r5_v2,10.0,0.0,0.005,3,savgol_w7p3,0.05257817186658235,-0.0005192817794358692,201
circle_r5_v2,10.0,0.0,0.005,3,savgol_w9p3,0.03417566097259661,-0.0004493121385602183,201
circle_r5_v2,10.0,0.0,0.005,3,savgol_w11p3,0.0243375652925906,-0.00027030868259434105,201
circle_r5_v2,10.0,0.0,0.005,3,family_a_W3,1.0752389284962407e-06,-1.0743359986898162e-06,201
circle_r5_v2,10.0,0.0,0.005,3,family_a_W5,8.152284246009897e-06,-8.148489112490866e-06,201
circle_r5_v2,10.0,0.0,0.005,3,family_a_W7,2.9958310480281723e-05,-2.99504760201072e-05,201
circle_r5_v2,10.0,0.0,0.005,3,family_a_midspan_W5,1.663345008757654e-05,1.66251528750935e-05,201
circle_r5_v2,10.0,0.0,0.005,4,forward,0.0001355531934125415,-0.00013407493589354436,201
circle_r5_v2,10.0,0.0,0.005,4,central,0.0005349954886015484,-0.0005337157200168944,201
circle_r5_v2,10.0,0.0,0.005,4,cubic_global,3.298657401605363e-08,-2.902600936891554e-08,201
circle_r5_v2,10.0,0.0,0.005,4,smoothing_spline,0.16976544417378062,0.01022552532441156,201
circle_r5_v2,10.0,0.0,0.005,4,savgol_w5p2,0.030972473069078774,-0.0009474829885734544,201
circle_r5_v2,10.0,0.0,0.005,4,savgol_w7p3,0.04812655459208205,0.0008363768384657973,201
circle_r5_v2,10.0,0.0,0.005,4,savgol_w9p3,0.03311867967995489,0.0008572889991555321,201
circle_r5_v2,10.0,0.0,0.005,4,savgol_w11p3,0.024800008200432846,0.000767749553415515,201
circle_r5_v2,10.0,0.0,0.005,4,family_a_W3,1.0737029682345895e-06,-1.0727319253736523e-06,201
circle_r5_v2,10.0,0.0,0.005,4,family_a_W5,8.151345074684029e-06,-8.147376077922732e-06,201
circle_r5_v2,10.0,0.0,0.005,4,family_a_W7,2.994904831015202e-05,-2.994030102441528e-05,201
circle_r5_v2,10.0,0.0,0.005,4,family_a_midspan_W5,1.6623556648734383e-05,1.661646924630632e-05,201
circle_r5_v2,10.0,0.01,0.0,0,forward,0.13972100737802512,0.004138673414201977,201
circle_r5_v2,10.0,0.01,0.0,0,central,0.06682020979792233,0.0005878569614874074,201
circle_r5_v2,10.0,0.01,0.0,0,cubic_global,0.11055580704494813,0.0037151657822209762,201
circle_r5_v2,10.0,0.01,0.0,0,smoothing_spline,0.169755703179044,0.01013466787531121,201
circle_r5_v2,10.0,0.01,0.0,0,savgol_w5p2,0.029781944155429455,-0.0020075985069643917,201
circle_r5_v2,10.0,0.01,0.0,0,savgol_w7p3,0.048639831661412745,0.00033474576402090823,201
circle_r5_v2,10.0,0.01,0.0,0,savgol_w9p3,0.03174723807294008,-0.00020907071409590177,201
circle_r5_v2,10.0,0.01,0.0,0,savgol_w11p3,0.022796980095462258,-0.0003077573925107743,201
circle_r5_v2,10.0,0.01,0.0,0,family_a_W3,0.04863983166141185,0.0003347457640107138,201
circle_r5_v2,10.0,0.01,0.0,0,family_a_W5,0.022796980095461977,-0.0003077573925213613,201
circle_r5_v2,10.0,0.01,0.0,0,family_a_W7,0.014559985982477545,-0.0004844814931903082,201
circle_r5_v2,10.0,0.01,0.0,0,family_a_midspan_W5,0.01304473426058208,-0.00015178946179465877,201
circle_r5_v2,10.0,0.01,0.0,1,forward,0.13803098089560226,0.0037787756846081036,201
circle_r5_v2,10.0,0.01,0.0,1,central,0.07000883871703736,0.0003049673845313007,201
circle_r5_v2,10.0,0.01,0.0,1,cubic_global,0.11849478318290889,0.0031157108621546466,201
circle_r5_v2,10.0,0.01,0.0,1,smoothing_spline,0.1698376311162072,0.010256838633560287,201
circle_r5_v2,10.0,0.01,0.0,1,savgol_w5p2,0.02705110014041228,-0.0018892342766497962,201
circle_r5_v2,10.0,0.01,0.0,1,savgol_w7p3,0.0474945796093181,-3.088113435228998e-05,201
circle_r5_v2,10.0,0.01,0.0,1,savgol_w9p3,0.028290600960642686,0.0001626131461510025,201
circle_r5_v2,10.0,0.01,0.0,1,savgol_w11p3,0.01964285077861135,-8.689192498033197e-06,201
circle_r5_v2,10.0,0.01,0.0,1,family_a_W3,0.047494579609318965,-3.088113436205994e-05,201
circle_r5_v2,10.0,0.01,0.0,1,family_a_W5,0.01964285077861135,-8.689192508726915e-06,201
circle_r5_v2,10.0,0.01,0.0,1,family_a_W7,0.012177164325422792,0.00011878902031617084,201
circle_r5_v2,10.0,0.01,0.0,1,family_a_midspan_W5,0.012219294864745177,0.0004614395906836925,201
circle_r5_v2,10.0,0.01,0.0,2,forward,0.14464221453869772,0.004262642782896969,201
circle_r5_v2,10.0,0.01,0.0,2,central,0.07239235093865024,0.00019581722892614222,201
circle_r5_v2,10.0,0.01,0.0,2,cubic_global,0.12082363756932647,0.0023203733622118353,201
circle_r5_v2,10.0,0.01,0.0,2,smoothing_spline,0.16980934085260807,0.01009495299857644,201
circle_r5_v2,10.0,0.01,0.0,2,savgol_w5p2,0.033150625196515716,-0.0017085229249399609,201
circle_r5_v2,10.0,0.01,0.0,2,savgol_w7p3,0.05175901443503707,0.0004759307412425386,201
circle_r5_v2,10.0,0.01,0.0,2,savgol_w9p3,0.03586525495565488,0.00011788334608345627,201
circle_r5_v2,10.0,0.01,0.0,2,savgol_w11p3,0.027671975938988173,7.790153419975158e-06,201
circle_r5_v2,10.0,0.01,0.0,2,family_a_W3,0.05175901443503591,0.00047593074123308024,201
circle_r5_v2,10.0,0.01,0.0,2,family_a_W5,0.027671975938987955,7.790153409463001e-06,201
circle_r5_v2,10.0,0.01,0.0,2,family_a_W7,0.01754324290404029,-8.42573504832245e-05,201
circle_r5_v2,10.0,0.01,0.0,2,family_a_midspan_W5,0.013805281425126357,0.00019413273993001937,201
circle_r5_v2,10.0,0.01,0.0,3,forward,0.1425971205271916,0.005363970817371511,201
circle_r5_v2,10.0,0.01,0.0,3,central,0.07176108907998198,0.0017000806591965195,201
circle_r5_v2,10.0,0.01,0.0,3,cubic_global,0.11915187684746904,0.004985907672245364,201
circle_r5_v2,10.0,0.01,0.0,3,smoothing_spline,0.16978378532081975,0.010783497647660619,201
circle_r5_v2,10.0,0.01,0.0,3,savgol_w5p2,0.030797857525935942,-0.001065548369583466,201
circle_r5_v2,10.0,0.01,0.0,3,savgol_w7p3,0.05087469211821135,0.0012782156152076828,201
circle_r5_v2,10.0,0.01,0.0,3,savgol_w9p3,0.03283549630303109,0.000845783807052649,201
circle_r5_v2,10.0,0.01,0.0,3,savgol_w11p3,0.024750472978727796,0.0005298222633485989,201
circle_r5_v2,10.0,0.01,0.0,3,family_a_W3,0.050874692118211606,0.001278215615197648,201
circle_r5_v2,10.0,0.01,0.0,3,family_a_W5,0.02475047297872729,0.0005298222633378928,201
circle_r5_v2,10.0,0.01,0.0,3,family_a_W7,0.014087867023672151,0.00047524847039578764,201
circle_r5_v2,10.0,0.01,0.0,3,family_a_midspan_W5,0.013948818795439053,0.0008751297210021533,201
circle_r5_v2,10.0,0.01,0.0,4,forward,0.15155398092136,0.004755916289302956,201
circle_r5_v2,10.0,0.01,0.0,4,central,0.06759964134444955,0.0008835355410810852,201
circle_r5_v2,10.0,0.01,0.0,4,cubic_global,0.12172495683247755,0.0035180710136533625,201
circle_r5_v2,10.0,0.01,0.0,4,smoothing_spline,0.16961808813709464,0.01031620483852382,201
circle_r5_v2,10.0,0.01,0.0,4,savgol_w5p2,0.03256078121110548,-0.001216608188509518,201
circle_r5_v2,10.0,0.01,0.0,4,savgol_w7p3,0.050535361343441575,0.0009302796327227984,201
circle_r5_v2,10.0,0.01,0.0,4,savgol_w9p3,0.03350879621521766,0.0006228879129870639,201
circle_r5_v2,10.0,0.01,0.0,4,savgol_w11p3,0.0244488011163353,0.0005858755226271291,201
circle_r5_v2,10.0,0.01,0.0,4,family_a_W3,0.05053536134344106,0.0009302796327129389,201
circle_r5_v2,10.0,0.01,0.0,4,family_a_W5,0.024448801116334674,0.000585875522616574,201
circle_r5_v2,10.0,0.01,0.0,4,family_a_W7,0.01564209329769511,0.00035420326142511776,201
circle_r5_v2,10.0,0.01,0.0,4,family_a_midspan_W5,0.012729442937701228,0.0004966311065890271,201
circle_r5_v2,10.0,0.01,0.005,0,forward,0.14964230108293847,0.0054572493389372645,201
circle_r5_v2,10.0,0.01,0.005,0,central,0.07780524694122241,0.0012985194240237442,201
circle_r5_v2,10.0,0.01,0.005,0,cubic_global,0.12763092383290278,0.003076910992829145,201
circle_r5_v2,10.0,0.01,0.005,0,smoothing_spline,0.1694505290056725,0.010563538737082096,201
circle_r5_v2,10.0,0.01,0.005,0,savgol_w5p2,0.042588105394074746,0.0020914434661113454,201
circle_r5_v2,10.0,0.01,0.005,0,savgol_w7p3,0.07142869784263574,0.004142702254751845,201
circle_r5_v2,10.0,0.01,0.005,0,savgol_w9p3,0.044873941177460915,0.00396770305014512,201
circle_r5_v2,10.0,0.01,0.005,0,savgol_w11p3,0.033578018716823324,0.0038769706097259147,201
circle_r5_v2,10.0,0.01,0.005,0,family_a_W3,0.05763992987488478,0.0011650924106645182,201
circle_r5_v2,10.0,0.01,0.005,0,family_a_W5,0.027779118675878026,0.0007991911360074796,201
circle_r5_v2,10.0,0.01,0.005,0,family_a_W7,0.014320746006467586,0.0005354493362485419,201
circle_r5_v2,10.0,0.01,0.005,0,family_a_midspan_W5,0.015317756232293398,0.000668791109959798,201
circle_r5_v2,10.0,0.01,0.005,1,forward,0.11898195058475547,0.006055513632943159,201
circle_r5_v2,10.0,0.01,0.005,1,central,0.0601008288608444,0.0008442143038400839,201
circle_r5_v2,10.0,0.01,0.005,1,cubic_global,0.10458519772683339,0.003685099837690564,201
circle_r5_v2,10.0,0.01,0.005,1,smoothing_spline,0.16970450087505817,0.010320004558014058,201
circle_r5_v2,10.0,0.01,0.005,1,savgol_w5p2,0.039439621591405266,0.0014869966034090996,201
circle_r5_v2,10.0,0.01,0.005,1,savgol_w7p3,0.06800078640306596,0.0037176138071771075,201
circle_r5_v2,10.0,0.01,0.005,1,savgol_w9p3,0.04089631237837921,0.0032819655721195366,201
circle_r5_v2,10.0,0.01,0.005,1,savgol_w11p3,0.02748392610937023,0.003267079928691974,201
circle_r5_v2,10.0,0.01,0.005,1,family_a_W3,0.04314070435541491,0.0005559820973348347,201
circle_r5_v2,10.0,0.01,0.005,1,family_a_W5,0.020159654415415493,0.000513202721570746,201
circle_r5_v2,10.0,0.01,0.005,1,family_a_W7,0.012285248359000179,0.0003008606438861078,201
circle_r5_v2,10.0,0.01,0.005,1,family_a_midspan_W5,0.010552434943601377,0.00041010424550059327,201
circle_r5_v2,10.0,0.01,0.005,2,forward,0.13600846793435298,0.003360937908024721,201
circle_r5_v2,10.0,0.01,0.005,2,central,0.06913831545276412,-4.91617057711283e-05,201
circle_r5_v2,10.0,0.01,0.005,2,cubic_global,0.11336730802109171,0.0015057578450143896,201
circle_r5_v2,10.0,0.01,0.005,2,smoothing_spline,0.16988448711531767,0.010621402525008056,201
circle_r5_v2,10.0,0.01,0.005,2,savgol_w5p2,0.04241829214562515,0.0035916162033357117,201
circle_r5_v2,10.0,0.01,0.005,2,savgol_w7p3,0.06773459380545971,0.005533644407605535,201
circle_r5_v2,10.0,0.01,0.005,2,savgol_w9p3,0.04570995967906029,0.0053751815361635265,201
circle_r5_v2,10.0,0.01,0.005,2,savgol_w11p3,0.034000595837736285,0.005331489830074258,201
circle_r5_v2,10.0,0.01,0.005,2,family_a_W3,0.05352901577947507,7.496628590370753e-05,201
circle_r5_v2,10.0,0.01,0.005,2,family_a_W5,0.026399557254254503,4.804294237072395e-05,201
circle_r5_v2,10.0,0.01,0.005,2,family_a_W7,0.01721889890398761,0.00020840400539257983,201
circle_r5_v2,10.0,0.01,0.005,2,family_a_midspan_W5,0.013826350463501448,0.0007821514778766721,201
circle_r5_v2,10.0,0.01,0.005,3,forward,0.1394076639463509,0.004055059031294407,201
circle_r5_v2,10.0,0.01,0.005,3,central,0.07360424845879832,-0.00021853822962586146,201
circle_r5_v2,10.0,0.01,0.005,3,cubic_global,0.1203623027219625,0.0022883580384250885,201
circle_r5_v2,10.0,0.01,0.005,3,smoothing_spline,0.16970988212995214,0.009581900457221614,201
circle_r5_v2,10.0,0.01,0.005,3,savgol_w5p2,0.04582444509548394,-0.002659063969898108,201
circle_r5_v2,10.0,0.01,0.005,3,savgol_w7p3,0.07527058276436721,-0.0007222480385409732,201
circle_r5_v2,10.0,0.01,0.005,3,savgol_w9p3,0.04793437375198798,-0.0008887528240288013,201
circle_r5_v2,10.0,0.01,0.005,3,savgol_w11p3,0.035201085303657224,-0.0008399482798942056,201
circle_r5_v2,10.0,0.01,0.005,3,family_a_W3,0.054136877405103256,-3.068361769134164e-06,201
circle_r5_v2,10.0,0.01,0.005,3,family_a_W5,0.02415831719869954,-0.0005566251592696981,201
circle_r5_v2,10.0,0.01,0.005,3,family_a_W7,0.015576585691280391,-0.0005564567413506887,201
circle_r5_v2,10.0,0.01,0.005,3,family_a_midspan_W5,0.013638978063637466,-0.00024889444565327713,201
circle_r5_v2,10.0,0.01,0.005,4,forward,0.14389949221229104,0.004623839397834114,201
circle_r5_v2,10.0,0.01,0.005,4,central,0.07343770524024695,-0.00032182867268078653,201
circle_r5_v2,10.0,0.01,0.005,4,cubic_global,0.12473334883361377,0.002559562550915324,201
circle_r5_v2,10.0,0.01,0.005,4,smoothing_spline,0.17005749772823012,0.009959802717912355,201
circle_r5_v2,10.0,0.01,0.005,4,savgol_w5p2,0.04020254154878246,-0.001690213724805491,201
circle_r5_v2,10.0,0.01,0.005,4,savgol_w7p3,0.06608107552516096,8.146701442504484e-05,201
circle_r5_v2,10.0,0.01,0.005,4,savgol_w9p3,0.04197679261551328,0.00019163217996890708,201
circle_r5_v2,10.0,0.01,0.005,4,savgol_w11p3,0.031568597538849295,0.00010257892711739042,201
circle_r5_v2,10.0,0.01,0.005,4,family_a_W3,0.05305880692194752,-0.0008779750623084167,201
circle_r5_v2,10.0,0.01,0.005,4,family_a_W5,0.023292707424017407,-0.0007064031236200651,201
circle_r5_v2,10.0,0.01,0.005,4,family_a_W7,0.013405384379827542,-0.0005085507640924614,201
circle_r5_v2,10.0,0.01,0.005,4,family_a_midspan_W5,0.012213928339692114,0.00014303314931770266,201
circle_r5_v2,10.0,0.05,0.0,0,forward,0.6795655223443834,0.13225672050822126,201
circle_r5_v2,10.0,0.05,0.0,0,central,0.3302404174030162,0.034360323810832614,201
circle_r5_v2,10.0,0.05,0.0,0,cubic_global,0.5429176604907251,0.09967152519831173,201
circle_r5_v2,10.0,0.05,0.0,0,smoothing_spline,0.16949650665329125,0.00925444702553986,201
circle_r5_v2,10.0,0.05,0.0,0,savgol_w5p2,0.14883980309516556,0.002631033513114373,201
circle_r5_v2,10.0,0.05,0.0,0,savgol_w7p3,0.24429649522244165,0.016569711606373074,201
circle_r5_v2,10.0,0.05,0.0,0,savgol_w9p3,0.15888849383729914,0.005159233327903246,201
circle_r5_v2,10.0,0.05,0.0,0,savgol_w11p3,0.11361939646454246,0.0015713553219040962,201
circle_r5_v2,10.0,0.05,0.0,0,family_a_W3,0.24429649522243901,0.01656971160636212,201
circle_r5_v2,10.0,0.05,0.0,0,family_a_W5,0.11361939646454133,0.0015713553218935645,201
circle_r5_v2,10.0,0.05,0.0,0,family_a_W7,0.07258532620501315,-0.0012011452221997428,201
circle_r5_v2,10.0,0.05,0.0,0,family_a_midspan_W5,0.06500609993536602,0.006594776946394342,201
circle_r5_v2,10.0,0.05,0.0,1,forward,0.6438878608333312,0.12297161598807055,201
circle_r5_v2,10.0,0.05,0.0,1,central,0.35036273265174267,0.025376348224243013,201
circle_r5_v2,10.0,0.05,0.0,1,cubic_global,0.5891488914166788,0.08091851871740262,201
circle_r5_v2,10.0,0.05,0.0,1,smoothing_spline,0.1699136567751983,0.009867205100357478,201
circle_r5_v2,10.0,0.05,0.0,1,savgol_w5p2,0.134861102293278,0.0009392590356038187,201
circle_r5_v2,10.0,0.05,0.0,1,savgol_w7p3,0.23726823607880212,0.009408962473818993,201
circle_r5_v2,10.0,0.05,0.0,1,savgol_w9p3,0.1408653188808443,0.004354101648532325,201
circle_r5_v2,10.0,0.05,0.0,1,savgol_w11p3,0.09785299606789064,0.00160027012439592,201
circle_r5_v2,10.0,0.05,0.0,1,family_a_W3,0.23726823607880182,0.009408962473810786,201
circle_r5_v2,10.0,0.05,0.0,1,family_a_W5,0.09785299606788994,0.0016002701243854446,201
circle_r5_v2,10.0,0.05,0.0,1,family_a_W7,0.06083567544280955,0.0013866629131603864,201
circle_r5_v2,10.0,0.05,0.0,1,family_a_midspan_W5,0.06143014611549141,0.006278770830711637,201
circle_r5_v2,10.0,0.05,0.0,2,forward,0.706806882668424,0.12149593394990181,201
circle_r5_v2,10.0,0.05,0.0,2,central,0.3579638928085395,0.026269728472501676,201
circle_r5_v2,10.0,0.05,0.0,2,cubic_global,0.5929493916276511,0.07329354835296617,201
circle_r5_v2,10.0,0.05,0.0,2,smoothing_spline,0.16976222722659307,0.00905692679038521,201
circle_r5_v2,10.0,0.05,0.0,2,savgol_w5p2,0.16425657089276524,0.004019378225887496,201
circle_r5_v2,10.0,0.05,0.0,2,savgol_w7p3,0.2557608723452279,0.016207826821265637,201
circle_r5_v2,10.0,0.05,0.0,2,savgol_w9p3,0.1785543899502606,0.0069540847798160174,201
circle_r5_v2,10.0,0.05,0.0,2,savgol_w11p3,0.1384486751280422,0.0030768099856167334,201
circle_r5_v2,10.0,0.05,0.0,2,family_a_W3,0.2557608723452253,0.01620782682125734,201
circle_r5_v2,10.0,0.05,0.0,2,family_a_W5,0.13844867512804127,0.003076809985606106,201
circle_r5_v2,10.0,0.05,0.0,2,family_a_W7,0.08775973094375104,0.0008830369021617993,201
circle_r5_v2,10.0,0.05,0.0,2,family_a_midspan_W5,0.0679693452801072,0.008050305847170432,201
circle_r5_v2,10.0,0.05,0.0,3,forward,0.7011584842235841,0.13440121972784222,201
circle_r5_v2,10.0,0.05,0.0,3,central,0.3538250222046288,0.036333655589185804,201
circle_r5_v2,10.0,0.05,0.0,3,cubic_global,0.5776079608362482,0.10173951318114262,201
circle_r5_v2,10.0,0.05,0.0,3,smoothing_spline,0.16965924211552535,0.012500988623952923,201
circle_r5_v2,10.0,0.05,0.0,3,savgol_w5p2,0.15378116098144368,0.007013414726512941,201
circle_r5_v2,10.0,0.05,0.0,3,savgol_w7p3,0.2542306020866858,0.01991976315380257,201
circle_r5_v2,10.0,0.05,0.0,3,savgol_w9p3,0.16367705732512614,0.009980905357434294,201
circle_r5_v2,10.0,0.05,0.0,3,savgol_w11p3,0.12406869746241307,0.005376459866088225,201
circle_r5_v2,10.0,0.05,0.0,3,family_a_W3,0.25423060208668513,0.019919763153792784,201
circle_r5_v2,10.0,0.05,0.0,3,family_a_W5,0.12406869746241146,0.005376459866077831,201
circle_r5_v2,10.0,0.05,0.0,3,family_a_W7,0.07055984344331234,0.0034308911625033777,201
circle_r5_v2,10.0,0.05,0.0,3,family_a_midspan_W5,0.07041378932238346,0.011055480790814254,201
circle_r5_v2,10.0,0.05,0.0,4,forward,0.7186531008619605,0.14134252596724528,201
circle_r5_v2,10.0,0.05,0.0,4,central,0.34163767324287597,0.029397779172397873,201
circle_r5_v2,10.0,0.05,0.0,4,cubic_global,0.6164828541462921,0.08312522302627387,201
circle_r5_v2,10.0,0.05,0.0,4,smoothing_spline,0.16881034999959524,0.010163181965969166,201
circle_r5_v2,10.0,0.05,0.0,4,savgol_w5p2,0.16290151703235123,0.005771125934754066,201
circle_r5_v2,10.0,0.05,0.0,4,savgol_w7p3,0.25272463029537995,0.01576438738392226,201
circle_r5_v2,10.0,0.05,0.0,4,savgol_w9p3,0.16742336915194228,0.008691774312033097,201
circle_r5_v2,10.0,0.05,0.0,4,savgol_w11p3,0.12189290851060268,0.006061312941874987,201
circle_r5_v2,10.0,0.05,0.0,4,family_a_W3,0.2527246302953777,0.0157643873839123,201
circle_r5_v2,10.0,0.05,0.0,4,family_a_W5,0.12189290851060117,0.006061312941864549,201
circle_r5_v2,10.0,0.05,0.0,4,family_a_W7,0.07816465246240127,0.0029244172126289816,201
circle_r5_v2,10.0,0.05,0.0,4,family_a_midspan_W5,0.06405562121501315,0.009236565065731799,201
circle_r5_v2,10.0,0.05,0.005,0,forward,0.7261215457587826,0.1377532386866054,201
circle_r5_v2,10.0,0.05,0.005,0,central,0.3824921240425689,0.035654767203572885,201
circle_r5_v2,10.0,0.05,0.005,0,cubic_global,0.6033737303883807,0.10121230693417815,201
circle_r5_v2,10.0,0.05,0.005,0,smoothing_spline,0.16851325670350234,0.01140082788489231,201
circle_r5_v2,10.0,0.05,0.005,0,savgol_w5p2,0.17334490528406735,0.009923649279249998,201
circle_r5_v2,10.0,0.05,0.005,0,savgol_w7p3,0.2853159226787969,0.021348793324733283,201
circle_r5_v2,10.0,0.05,0.005,0,savgol_w9p3,0.18794413011767253,0.01276631999071749,201
circle_r5_v2,10.0,0.05,0.005,0,savgol_w11p3,0.13722643681039468,0.009287713241541264,201
circle_r5_v2,10.0,0.05,0.005,0,family_a_W3,0.2874291881924387,0.01806521288377334,201
circle_r5_v2,10.0,0.05,0.005,0,family_a_W5,0.1388177875097214,0.006308697071186839,201
circle_r5_v2,10.0,0.05,0.005,0,family_a_W7,0.07154725004291644,0.0036683101777963056,201
circle_r5_v2,10.0,0.05,0.005,0,family_a_midspan_W5,0.07611466064925837,0.009177184664480089,201
circle_r5_v2,10.0,0.05,0.005,1,forward,0.5971589955947232,0.14466099763781357,201
circle_r5_v2,10.0,0.05,0.005,1,central,0.2994807633820077,0.03383838160653649,201
circle_r5_v2,10.0,0.05,0.005,1,cubic_global,0.5242840781684577,0.10018123219684427,201
circle_r5_v2,10.0,0.05,0.005,1,smoothing_spline,0.1693676655489151,0.010479674255899896,201
circle_r5_v2,10.0,0.05,0.005,1,savgol_w5p2,0.13609790812240033,0.007263083042493878,201
circle_r5_v2,10.0,0.05,0.005,1,savgol_w7p3,0.22269838364841812,0.016809305340838507,201
circle_r5_v2,10.0,0.05,0.005,1,savgol_w9p3,0.14489005525155038,0.010694416300554755,201
circle_r5_v2,10.0,0.05,0.005,1,savgol_w11p3,0.10154827077064146,0.008239437840753606,201
circle_r5_v2,10.0,0.05,0.005,1,family_a_W3,0.21487925996233986,0.01359419770189002,201
circle_r5_v2,10.0,0.05,0.005,1,family_a_W5,0.10048244017787288,0.005557854301704076,201
circle_r5_v2,10.0,0.05,0.005,1,family_a_W7,0.06158327776066482,0.0028349708802063167,201
circle_r5_v2,10.0,0.05,0.005,1,family_a_midspan_W5,0.053746656081332146,0.008705415308966725,201
circle_r5_v2,10.0,0.05,0.005,2,forward,0.6728648864667492,0.11805378328386378,201
circle_r5_v2,10.0,0.05,0.005,2,central,0.3474014116043654,0.024290069380997276,201
circle_r5_v2,10.0,0.05,0.005,2,cubic_global,0.570224133839436,0.07701620989029595,201
circle_r5_v2,10.0,0.05,0.005,2,smoothing_spline,0.17017594131582395,0.011924115114793955,201
circle_r5_v2,10.0,0.05,0.005,2,savgol_w5p2,0.16750756960229612,0.008465452521441041,201
circle_r5_v2,10.0,0.05,0.005,2,savgol_w7p3,0.26537818112832323,0.01757463825934847,201
circle_r5_v2,10.0,0.05,0.005,2,savgol_w9p3,0.18199562671327954,0.011010473621453042,201
circle_r5_v2,10.0,0.05,0.005,2,savgol_w11p3,0.13198113052694022,0.008839381850185962,201
circle_r5_v2,10.0,0.05,0.005,2,family_a_W3,0.2667189368844824,0.012048458283041517,201
circle_r5_v2,10.0,0.05,0.005,2,family_a_W5,0.13200168512583937,0.003512395392909721,201
circle_r5_v2,10.0,0.05,0.005,2,family_a_W7,0.0860436034323496,0.0026229275926576575,201
circle_r5_v2,10.0,0.05,0.005,2,family_a_midspan_W5,0.07059780012129102,0.010522446263921209,201
circle_r5_v2,10.0,0.05,0.005,3,forward,0.6856754413272486,0.12240138232381512,201
circle_r5_v2,10.0,0.05,0.005,3,central,0.36386253874165936,0.02471360816870412,201
circle_r5_v2,10.0,0.05,0.005,3,cubic_global,0.5850968100239166,0.08800110878832959,201
circle_r5_v2,10.0,0.05,0.005,3,smoothing_spline,0.1690593019462855,0.006812451424364368,201
circle_r5_v2,10.0,0.05,0.005,3,savgol_w5p2,0.16673259505585777,-0.000456017996849107,201
circle_r5_v2,10.0,0.05,0.005,3,savgol_w7p3,0.274232530037331,0.010390354524505813,201
circle_r5_v2,10.0,0.05,0.005,3,savgol_w9p3,0.17525831020217117,0.002006825904818505,201
circle_r5_v2,10.0,0.05,0.005,3,savgol_w11p3,0.12323521710490716,-0.0007435896029113577,201
circle_r5_v2,10.0,0.05,0.005,3,family_a_W3,0.270005205362342,0.011915215316164898,201
circle_r5_v2,10.0,0.05,0.005,3,family_a_W5,0.12054854683700102,-0.0003896224001858686,201
circle_r5_v2,10.0,0.05,0.005,3,family_a_W7,0.07771066621369692,-0.0018074185531639301,201
circle_r5_v2,10.0,0.05,0.005,3,family_a_midspan_W5,0.0682612753855938,0.004467773831221695,201
circle_r5_v2,10.0,0.05,0.005,4,forward,0.699536266005102,0.13643572768365145,201
circle_r5_v2,10.0,0.05,0.005,4,central,0.3660094926222779,0.020510866039502765,201
circle_r5_v2,10.0,0.05,0.005,4,cubic_global,0.6122145625591584,0.08485063319351326,201
circle_r5_v2,10.0,0.05,0.005,4,smoothing_spline,0.1713093653263183,0.008899181323798144,201
circle_r5_v2,10.0,0.05,0.005,4,savgol_w5p2,0.15540616361197437,-8.544248242568077e-05,201
circle_r5_v2,10.0,0.05,0.005,4,savgol_w7p3,0.261552097079376,0.007766081797664044,201
circle_r5_v2,10.0,0.05,0.005,4,savgol_w9p3,0.1603316873004642,0.0024797214998208274,201
circle_r5_v2,10.0,0.05,0.005,4,savgol_w11p3,0.11617654249706028,0.00032377898037123985,201
circle_r5_v2,10.0,0.05,0.005,4,family_a_W3,0.26409750910275975,0.00605633282432513,201
circle_r5_v2,10.0,0.05,0.005,4,family_a_W5,0.11656255772673238,-0.0006192763079485826,201
circle_r5_v2,10.0,0.05,0.005,4,family_a_W7,0.06679648195539553,-0.0012367653364069972,201
circle_r5_v2,10.0,0.05,0.005,4,family_a_midspan_W5,0.06169204136754543,0.00676430942119551,201
circle_r5_v2,10.0,0.2,0.0,0,forward,2.863341987850433,1.9727531768959778,201
circle_r5_v2,10.0,0.2,0.0,0,central,1.3099887985544014,0.5836570517109642,201
circle_r5_v2,10.0,0.2,0.0,0,cubic_global,2.2625140301566806,1.5063120351566652,201
circle_r5_v2,10.0,0.2,0.0,0,smoothing_spline,0.16878156300312783,0.005968957411657095,201
circle_r5_v2,10.0,0.2,0.0,0,savgol_w5p2,0.599661593502066,0.09597699168102598,201
circle_r5_v2,10.0,0.2,0.0,0,savgol_w7p3,0.9762600300881714,0.2905113420262057,201
circle_r5_v2,10.0,0.2,0.0,0,savgol_w9p3,0.6347602441618114,0.11380077874071987,201
circle_r5_v2,10.0,0.2,0.0,0,savgol_w11p3,0.4502899116764786,0.053359305940577785,201
circle_r5_v2,10.0,0.2,0.0,0,family_a_W3,0.9762600300881595,0.29051134202619244,201
circle_r5_v2,10.0,0.2,0.0,0,family_a_W5,0.45028991167647386,0.053359305940566835,201
circle_r5_v2,10.0,0.2,0.0,0,family_a_W7,0.28780015177486346,0.01215443786397541,201
circle_r5_v2,10.0,0.2,0.0,0,family_a_midspan_W5,0.2892946909679868,0.1380787153362211,201
circle_r5_v2,10.0,0.2,0.0,1,forward,2.6985367538157266,1.8370024280051016,201
circle_r5_v2,10.0,0.2,0.0,1,central,1.3096805982751225,0.49125223758956355,201
circle_r5_v2,10.0,0.2,0.0,1,cubic_global,2.29157354750544,1.3763835682180179,201
circle_r5_v2,10.0,0.2,0.0,1,smoothing_spline,0.17055681698842076,0.008448813818708073,201
circle_r5_v2,10.0,0.2,0.0,1,savgol_w5p2,0.5320602773735139,0.05815506432938437,201
circle_r5_v2,10.0,0.2,0.0,1,savgol_w7p3,0.8874042994159176,0.20926611158949984,201
circle_r5_v2,10.0,0.2,0.0,1,savgol_w9p3,0.54890941960861,0.07426096244541136,201
circle_r5_v2,10.0,0.2,0.0,1,savgol_w11p3,0.3850077247361586,0.03178372223738515,201
circle_r5_v2,10.0,0.2,0.0,1,family_a_W3,0.8874042994159107,0.20926611158949432,201
circle_r5_v2,10.0,0.2,0.0,1,family_a_W5,0.3850077247361559,0.03178372223737426,201
circle_r5_v2,10.0,0.2,0.0,1,family_a_W7,0.24201903573095215,0.015889653914133158,201
circle_r5_v2,10.0,0.2,0.0,1,family_a_midspan_W5,0.25010101840112936,0.09244190156177762,201
circle_r5_v2,10.0,0.2,0.0,2,forward,2.8254819001735023,1.965998112441161,201
circle_r5_v2,10.0,0.2,0.0,2,central,1.2920869622712376,0.5470668256215446,201
circle_r5_v2,10.0,0.2,0.0,2,cubic_global,2.1931108848697867,1.4124425361535056,201
circle_r5_v2,10.0,0.2,0.0,2,smoothing_spline,0.16980525525256965,0.005194736912404713,201
circle_r5_v2,10.0,0.2,0.0,2,savgol_w5p2,0.6301480318790368,0.10950468531488881,201
circle_r5_v2,10.0,0.2,0.0,2,savgol_w7p3,0.9646910922308684,0.3000195691243194,201
circle_r5_v2,10.0,0.2,0.0,2,savgol_w9p3,0.6870528139610581,0.132402154700947,201
circle_r5_v2,10.0,0.2,0.0,2,savgol_w11p3,0.5497145005001736,0.058556122512174055,201
circle_r5_v2,10.0,0.2,0.0,2,family_a_W3,0.9646910922308631,0.30001956912431194,201
circle_r5_v2,10.0,0.2,0.0,2,family_a_W5,0.5497145005001702,0.05855612251216293,201
circle_r5_v2,10.0,0.2,0.0,2,family_a_W7,0.35013174287140303,0.02155795042819639,201
circle_r5_v2,10.0,0.2,0.0,2,family_a_midspan_W5,0.28509581084805247,0.1568676047224943,201
circle_r5_v2,10.0,0.2,0.0,3,forward,2.8686256812713187,2.040421386854829,201
circle_r5_v2,10.0,0.2,0.0,3,central,1.332836923853026,0.5864330093200343,201
circle_r5_v2,10.0,0.2,0.0,3,cubic_global,2.363304749445644,1.4813538371186055,201
circle_r5_v2,10.0,0.2,0.0,3,smoothing_spline,0.16976679294344535,0.018991011855847034,201
circle_r5_v2,10.0,0.2,0.0,3,savgol_w5p2,0.6109411404263778,0.11112371783906114,201
circle_r5_v2,10.0,0.2,0.0,3,savgol_w7p3,0.988264856173446,0.2968601194816544,201
circle_r5_v2,10.0,0.2,0.0,3,savgol_w9p3,0.6442821047716718,0.1292729136950904,201
circle_r5_v2,10.0,0.2,0.0,3,savgol_w11p3,0.4987623140512957,0.06139299361662028,201
circle_r5_v2,10.0,0.2,0.0,3,family_a_W3,0.9882648561734356,0.2968601194816441,201
circle_r5_v2,10.0,0.2,0.0,3,family_a_W5,0.49876231405129123,0.06139299361660935,201
circle_r5_v2,10.0,0.2,0.0,3,family_a_W7,0.28271839957056527,0.027784581929012876,201
circle_r5_v2,10.0,0.2,0.0,3,family_a_midspan_W5,0.30208392835121894,0.15607384047925973,201
circle_r5_v2,10.0,0.2,0.0,4,forward,3.0104695964270314,2.0780172850508936,201
circle_r5_v2,10.0,0.2,0.0,4,central,1.3134865917576668,0.4993076997436335,201
circle_r5_v2,10.0,0.2,0.0,4,cubic_global,2.371697116765103,1.4367101687642307,201
circle_r5_v2,10.0,0.2,0.0,4,smoothing_spline,0.1660696943545351,0.009619722664619777,201
circle_r5_v2,10.0,0.2,0.0,4,savgol_w5p2,0.6380107814234365,0.10202246803519047,201
circle_r5_v2,10.0,0.2,0.0,4,savgol_w7p3,0.9386561363495606,0.26491997972345505,201
circle_r5_v2,10.0,0.2,0.0,4,savgol_w9p3,0.6570735436725172,0.12238943380940236,201
circle_r5_v2,10.0,0.2,0.0,4,savgol_w11p3,0.47947792409302137,0.07265367476605598,201
circle_r5_v2,10.0,0.2,0.0,4,family_a_W3,0.9386561363495524,0.26491997972344505,201
circle_r5_v2,10.0,0.2,0.0,4,family_a_W5,0.47947792409301604,0.07265367476604477,201
circle_r5_v2,10.0,0.2,0.0,4,family_a_W7,0.3108279505479554,0.027574855947527253,201
circle_r5_v2,10.0,0.2,0.0,4,family_a_midspan_W5,0.28048211214369734,0.15053151552053481,201
circle_r5_v2,10.0,0.2,0.005,0,forward,2.999505136592567,2.03571304427522,201
circle_r5_v2,10.0,0.2,0.005,0,central,1.3409015178286068,0.6815540310485505,201
circle_r5_v2,10.0,0.2,0.005,0,cubic_global,2.4162955062877423,1.656496207963217,201
circle_r5_v2,10.0,0.2,0.005,0,smoothing_spline,0.165638027462308,0.014602103772540072,201
circle_r5_v2,10.0,0.2,0.005,0,savgol_w5p2,0.6840904709550006,0.1060036006943513,201
circle_r5_v2,10.0,0.2,0.005,0,savgol_w7p3,1.0482850868163562,0.30748920073273794,201
circle_r5_v2,10.0,0.2,0.005,0,savgol_w9p3,0.7282016143430318,0.13188495551666793,201
circle_r5_v2,10.0,0.2,0.005,0,savgol_w11p3,0.5442239037211802,0.06419890057313096,201
circle_r5_v2,10.0,0.2,0.005,0,family_a_W3,1.054934076168123,0.3077039905053454,201
circle_r5_v2,10.0,0.2,0.005,0,family_a_W5,0.546297879924401,0.06191635937815932,201
circle_r5_v2,10.0,0.2,0.005,0,family_a_W7,0.28354026874885196,0.028203165967882683,201
circle_r5_v2,10.0,0.2,0.005,0,family_a_midspan_W5,0.31220733364137804,0.15898555141722187,201
circle_r5_v2,10.0,0.2,0.005,1,forward,2.7052095705854557,1.8856239529117493,201
circle_r5_v2,10.0,0.2,0.005,1,central,1.1918238686331464,0.5523593557266767,201
circle_r5_v2,10.0,0.2,0.005,1,cubic_global,2.28139276793426,1.4264328647054791,201
circle_r5_v2,10.0,0.2,0.005,1,smoothing_spline,0.16866336979980331,0.011115734196307936,201
circle_r5_v2,10.0,0.2,0.005,1,savgol_w5p2,0.5254134510922404,0.09142403457656081,201
circle_r5_v2,10.0,0.2,0.005,1,savgol_w7p3,0.8368562621857126,0.23046418136638377,201
circle_r5_v2,10.0,0.2,0.005,1,savgol_w9p3,0.5707968995719926,0.11583993107810908,201
circle_r5_v2,10.0,0.2,0.005,1,savgol_w11p3,0.4004189910178395,0.06926008655984052,201
circle_r5_v2,10.0,0.2,0.005,1,family_a_W3,0.836354471672746,0.22608402971068292,201
circle_r5_v2,10.0,0.2,0.005,1,family_a_W5,0.3986528097725745,0.06725329048838485,201
circle_r5_v2,10.0,0.2,0.005,1,family_a_W7,0.2485873759379394,0.029329780391927778,201
circle_r5_v2,10.0,0.2,0.005,1,family_a_midspan_W5,0.2582661972684202,0.13519240403999516,201
circle_r5_v2,10.0,0.2,0.005,2,forward,2.7809586686052366,1.8535884915095795,201
circle_r5_v2,10.0,0.2,0.005,2,central,1.2998282788107558,0.49601727406531293,201
circle_r5_v2,10.0,0.2,0.005,2,cubic_global,2.242791705607718,1.3963570133071592,201
circle_r5_v2,10.0,0.2,0.005,2,smoothing_spline,0.1716541278711678,0.01682288073551044,201
circle_r5_v2,10.0,0.2,0.005,2,savgol_w5p2,0.6633945283563024,0.0964870459809604,201
circle_r5_v2,10.0,0.2,0.005,2,savgol_w7p3,0.9953096825529534,0.26583700226503765,201
circle_r5_v2,10.0,0.2,0.005,2,savgol_w9p3,0.7241499305290853,0.11010503578879455,201
circle_r5_v2,10.0,0.2,0.005,2,savgol_w11p3,0.5253904928981635,0.06864012593586277,201
circle_r5_v2,10.0,0.2,0.005,2,family_a_W3,0.9948680823276868,0.2599812184750308,201
circle_r5_v2,10.0,0.2,0.005,2,family_a_W5,0.5254481274457103,0.06334260708791392,201
circle_r5_v2,10.0,0.2,0.005,2,family_a_W7,0.34299299734038474,0.03269495949688439,201
circle_r5_v2,10.0,0.2,0.005,2,family_a_midspan_W5,0.3068255781423301,0.15762365388157337,201
circle_r5_v2,10.0,0.2,0.005,3,forward,2.7501151403233037,1.9918910928310605,201
circle_r5_v2,10.0,0.2,0.005,3,central,1.3225361634014023,0.5455692484428346,201
circle_r5_v2,10.0,0.2,0.005,3,cubic_global,2.310916140395271,1.5197832091899863,201
circle_r5_v2,10.0,0.2,0.005,3,smoothing_spline,0.16816170033700328,-0.00352530336689229,201
circle_r5_v2,10.0,0.2,0.005,3,savgol_w5p2,0.6374659422779465,0.07436437602980638,201
circle_r5_v2,10.0,0.2,0.005,3,savgol_w7p3,0.9667313701676472,0.2787229018607016,201
circle_r5_v2,10.0,0.2,0.005,3,savgol_w9p3,0.6866230648257776,0.08077276314433196,201
circle_r5_v2,10.0,0.2,0.005,3,savgol_w11p3,0.4734342383660545,0.034770278934675,201
circle_r5_v2,10.0,0.2,0.005,3,family_a_W3,0.9732217684331749,0.28110365221491274,201
circle_r5_v2,10.0,0.2,0.005,3,family_a_W5,0.4767861937767741,0.03513214701659918,201
circle_r5_v2,10.0,0.2,0.005,3,family_a_W7,0.3075807470440862,0.006170348156712941,201
circle_r5_v2,10.0,0.2,0.005,3,family_a_midspan_W5,0.28004042419103586,0.11785881684496047,201
circle_r5_v2,10.0,0.2,0.005,4,forward,2.9329396845840514,2.0234748063552095,201
circle_r5_v2,10.0,0.2,0.005,4,central,1.3104376346663003,0.48931763515596577,201
circle_r5_v2,10.0,0.2,0.005,4,cubic_global,2.3647303158671833,1.510817347739491,201
circle_r5_v2,10.0,0.2,0.005,4,smoothing_spline,0.177151133541784,0.0049540733532244755,201
circle_r5_v2,10.0,0.2,0.005,4,savgol_w5p2,0.6094678864518819,0.07635628446072042,201
circle_r5_v2,10.0,0.2,0.005,4,savgol_w7p3,0.9480105936057972,0.24051267876836516,201
circle_r5_v2,10.0,0.2,0.005,4,savgol_w9p3,0.6349178305380203,0.08552390282240814,201
circle_r5_v2,10.0,0.2,0.005,4,savgol_w11p3,0.4611432053211251,0.04324605878357483,201
circle_r5_v2,10.0,0.2,0.005,4,family_a_W3,0.9434467842201796,0.23684925336132967,201
circle_r5_v2,10.0,0.2,0.005,4,family_a_W5,0.4616067851104238,0.04184400416002378,201
circle_r5_v2,10.0,0.2,0.005,4,family_a_W7,0.2631185782995456,0.013452286289918151,201
circle_r5_v2,10.0,0.2,0.005,4,family_a_midspan_W5,0.270128678507715,0.13127643337177652,201
circle_r5_v2,50.0,0.0,0.0,0,forward,5.333329066497584e-06,-5.333329066497583e-06,1001
circle_r5_v2,50.0,0.0,0.0,0,central,2.133326506661756e-05,-2.133326506661756e-05,1001
circle_r5_v2,50.0,0.0,0.0,0,cubic_global,4.551134776740953e-11,-4.551130566256788e-11,1001
circle_r5_v2,50.0,0.0,0.0,0,smoothing_spline,0.16739308688756427,0.010568777774577839,1001
circle_r5_v2,50.0,0.0,0.0,0,savgol_w5p2,7.253244582888064e-05,-7.253244582888064e-05,1001
circle_r5_v2,50.0,0.0,0.0,0,savgol_w7p3,1.7033402266199698e-09,-1.7033402260502748e-09,1001
circle_r5_v2,50.0,0.0,0.0,0,savgol_w9p3,5.430764900360398e-09,-5.430764900305818e-09,1001
circle_r5_v2,50.0,0.0,0.0,0,savgol_w11p3,1.3015431257624212e-08,-1.3015431257605891e-08,1001
circle_r5_v2,50.0,0.0,0.0,0,family_a_W3,1.7033853632525137e-09,-1.7033853629621177e-09,1001
circle_r5_v2,50.0,0.0,0.0,0,family_a_W5,1.3015476661421018e-08,-1.3015476661414858e-08,1001
circle_r5_v2,50.0,0.0,0.0,0,family_a_W7,4.794636915981509e-08,-4.794636915981454e-08,1001
circle_r5_v2,50.0,0.0,0.0,0,family_a_midspan_W5,2.6798829050564544e-08,2.6798829050563217e-08,1001
circle_r5_v2,50.0,0.0,0.0,1,forward,5.333329066497584e-06,-5.333329066497583e-06,1001
circle_r5_v2,50.0,0.0,0.0,1,central,2.133326506661756e-05,-2.133326506661756e-05,1001
circle_r5_v2,50.0,0.0,0.0,1,cubic_global,4.551134776740953e-11,-4.551130566256788e-11,1001
circle_r5_v2,50.0,0.0,0.0,1,smoothing_spline,0.16739308688756427,0.010568777774577839,1001
circle_r5_v2,50.0,0.0,0.0,1,savgol_w5p2,7.253244582888064e-05,-7.253244582888064e-05,1001
circle_r5_v2,50.0,0.0,0.0,1,savgol_w7p3,1.7033402266199698e-09,-1.7033402260502748e-09,1001
circle_r5_v2,50.0,0.0,0.0,1,savgol_w9p3,5.430764900360398e-09,-5.430764900305818e-09,1001
circle_r5_v2,50.0,0.0,0.0,1,savgol_w11p3,1.3015431257624212e-08,-1.3015431257605891e-08,1001
circle_r5_v2,50.0,0.0,0.0,1,family_a_W3,1.7033853632525137e-09,-1.7033853629621177e-09,1001
circle_r5_v2,50.0,0.0,0.0,1,family_a_W5,1.3015476661421018e-08,-1.3015476661414858e-08,1001
circle_r5_v2,50.0,0.0,0.0,1,family_a_W7,4.794636915981509e-08,-4.794636915981454e-08,1001
circle_r5_v2,50.0,0.0,0.0,1,family_a_midspan_W5,2.6798829050564544e-08,2.6798829050563217e-08,1001
circle_r5_v2,50.0,0.0,0.0,2,forward,5.333329066497584e-06,-5.333329066497583e-06,1001
circle_r5_v2,50.0,0.0,0.0,2,central,2.133326506661756e-05,-2.133326506661756e-05,1001
circle_r5_v2,50.0,0.0,0.0,2,cubic_global,4.551134776740953e-11,-4.551130566256788e-11,1001
circle_r5_v2,50.0,0.0,0.0,2,smoothing_spline,0.16739308688756427,0.010568777774577839,1001
circle_r5_v2,50.0,0.0,0.0,2,savgol_w5p2,7.253244582888064e-05,-7.253244582888064e-05,1001
circle_r5_v2,50.0,0.0,0.0,2,savgol_w7p3,1.7033402266199698e-09,-1.7033402260502748e-09,1001
circle_r5_v2,50.0,0.0,0.0,2,savgol_w9p3,5.430764900360398e-09,-5.430764900305818e-09,1001
circle_r5_v2,50.0,0.0,0.0,2,savgol_w11p3,1.3015431257624212e-08,-1.3015431257605891e-08,1001
circle_r5_v2,50.0,0.0,0.0,2,family_a_W3,1.7033853632525137e-09,-1.7033853629621177e-09,1001
circle_r5_v2,50.0,0.0,0.0,2,family_a_W5,1.3015476661421018e-08,-1.3015476661414858e-08,1001
circle_r5_v2,50.0,0.0,0.0,2,family_a_W7,4.794636915981509e-08,-4.794636915981454e-08,1001
circle_r5_v2,50.0,0.0,0.0,2,family_a_midspan_W5,2.6798829050564544e-08,2.6798829050563217e-08,1001
circle_r5_v2,50.0,0.0,0.0,3,forward,5.333329066497584e-06,-5.333329066497583e-06,1001
circle_r5_v2,50.0,0.0,0.0,3,central,2.133326506661756e-05,-2.133326506661756e-05,1001
circle_r5_v2,50.0,0.0,0.0,3,cubic_global,4.551134776740953e-11,-4.551130566256788e-11,1001
circle_r5_v2,50.0,0.0,0.0,3,smoothing_spline,0.16739308688756427,0.010568777774577839,1001
circle_r5_v2,50.0,0.0,0.0,3,savgol_w5p2,7.253244582888064e-05,-7.253244582888064e-05,1001
circle_r5_v2,50.0,0.0,0.0,3,savgol_w7p3,1.7033402266199698e-09,-1.7033402260502748e-09,1001
circle_r5_v2,50.0,0.0,0.0,3,savgol_w9p3,5.430764900360398e-09,-5.430764900305818e-09,1001
circle_r5_v2,50.0,0.0,0.0,3,savgol_w11p3,1.3015431257624212e-08,-1.3015431257605891e-08,1001
circle_r5_v2,50.0,0.0,0.0,3,family_a_W3,1.7033853632525137e-09,-1.7033853629621177e-09,1001
circle_r5_v2,50.0,0.0,0.0,3,family_a_W5,1.3015476661421018e-08,-1.3015476661414858e-08,1001
circle_r5_v2,50.0,0.0,0.0,3,family_a_W7,4.794636915981509e-08,-4.794636915981454e-08,1001
circle_r5_v2,50.0,0.0,0.0,3,family_a_midspan_W5,2.6798829050564544e-08,2.6798829050563217e-08,1001
circle_r5_v2,50.0,0.0,0.0,4,forward,5.333329066497584e-06,-5.333329066497583e-06,1001
circle_r5_v2,50.0,0.0,0.0,4,central,2.133326506661756e-05,-2.133326506661756e-05,1001
circle_r5_v2,50.0,0.0,0.0,4,cubic_global,4.551134776740953e-11,-4.551130566256788e-11,1001
circle_r5_v2,50.0,0.0,0.0,4,smoothing_spline,0.16739308688756427,0.010568777774577839,1001
circle_r5_v2,50.0,0.0,0.0,4,savgol_w5p2,7.253244582888064e-05,-7.253244582888064e-05,1001
circle_r5_v2,50.0,0.0,0.0,4,savgol_w7p3,1.7033402266199698e-09,-1.7033402260502748e-09,1001
circle_r5_v2,50.0,0.0,0.0,4,savgol_w9p3,5.430764900360398e-09,-5.430764900305818e-09,1001
circle_r5_v2,50.0,0.0,0.0,4,savgol_w11p3,1.3015431257624212e-08,-1.3015431257605891e-08,1001
circle_r5_v2,50.0,0.0,0.0,4,family_a_W3,1.7033853632525137e-09,-1.7033853629621177e-09,1001
circle_r5_v2,50.0,0.0,0.0,4,family_a_W5,1.3015476661421018e-08,-1.3015476661414858e-08,1001
circle_r5_v2,50.0,0.0,0.0,4,family_a_W7,4.794636915981509e-08,-4.794636915981454e-08,1001
circle_r5_v2,50.0,0.0,0.0,4,family_a_midspan_W5,2.6798829050564544e-08,2.6798829050563217e-08,1001
circle_r5_v2,50.0,0.0,0.005,0,forward,7.104931241997276e-06,-5.973522774462304e-06,1001
circle_r5_v2,50.0,0.0,0.005,0,central,2.3207374112920093e-05,-2.1967224749964263e-05,1001
circle_r5_v2,50.0,0.0,0.005,0,cubic_global,1.317672407949468e-10,-6.839848381845789e-11,1001
circle_r5_v2,50.0,0.0,0.005,0,smoothing_spline,0.1673682434057288,0.010553235570992076,1001
circle_r5_v2,50.0,0.0,0.005,0,savgol_w5p2,0.15370114401825338,-0.017190550098791592,1001
circle_r5_v2,50.0,0.0,0.005,0,savgol_w7p3,0.24697421221907953,-0.016982159772655242,1001
circle_r5_v2,50.0,0.0,0.005,0,savgol_w9p3,0.1665689239418684,-0.01717268799951233,1001
circle_r5_v2,50.0,0.0,0.005,0,savgol_w11p3,0.12143689769156583,-0.017395846303713103,1001
circle_r5_v2,50.0,0.0,0.005,0,family_a_W3,2.1217277445667067e-09,-2.0297175184887733e-09,1001
circle_r5_v2,50.0,0.0,0.005,0,family_a_W5,1.417452233429978e-08,-1.3963702555322147e-08,1001
circle_r5_v2,50.0,0.0,0.005,0,family_a_W7,5.005843531761981e-08,-4.9708485053635764e-08,1001
circle_r5_v2,50.0,0.0,0.005,0,family_a_midspan_W5,2.641021907847141e-08,2.6093826793965022e-08,1001
circle_r5_v2,50.0,0.0,0.005,1,forward,7.161791211706555e-06,-6.003338935571511e-06,1001
circle_r5_v2,50.0,0.0,0.005,1,central,2.326222066152843e-05,-2.198172104567772e-05,1001
circle_r5_v2,50.0,0.0,0.005,1,cubic_global,1.3105161856822975e-10,-6.907425402406738e-11,1001
circle_r5_v2,50.0,0.0,0.005,1,smoothing_spline,0.16736861052243038,0.010570039506601235,1001
circle_r5_v2,50.0,0.0,0.005,1,savgol_w5p2,0.15521276467713502,0.007150271188511192,1001
circle_r5_v2,50.0,0.0,0.005,1,savgol_w7p3,0.2522203523688119,0.006963157109749404,1001
circle_r5_v2,50.0,0.0,0.005,1,savgol_w9p3,0.1665085252936163,0.007112566867621233,1001
circle_r5_v2,50.0,0.0,0.005,1,savgol_w11p3,0.1199887989779664,0.0073123906364778845,1001
circle_r5_v2,50.0,0.0,0.005,1,family_a_W3,2.126739085583545e-09,-2.035447030802864e-09,1001
circle_r5_v2,50.0,0.0,0.005,1,family_a_W5,1.4111409202112058e-08,-1.392522042034448e-08,1001
circle_r5_v2,50.0,0.0,0.005,1,family_a_W7,5.029309295028518e-08,-4.991935804048449e-08,1001
circle_r5_v2,50.0,0.0,0.005,1,family_a_midspan_W5,2.646064414067679e-08,2.611508266364009e-08,1001
circle_r5_v2,50.0,0.0,0.005,2,forward,7.159332270712354e-06,-6.002877719989568e-06,1001
circle_r5_v2,50.0,0.0,0.005,2,central,2.326204835133252e-05,-2.1998165015813702e-05,1001
circle_r5_v2,50.0,0.0,0.005,2,cubic_global,1.309389485317082e-10,-6.876859151187145e-11,1001
circle_r5_v2,50.0,0.0,0.005,2,smoothing_spline,0.16736662120854537,0.010563166260039813,1001
circle_r5_v2,50.0,0.0,0.005,2,savgol_w5p2,0.1614288373170712,5.9869776667006735e-05,1001
circle_r5_v2,50.0,0.0,0.005,2,savgol_w7p3,0.256990846079563,3.5491913050478075e-05,1001
circle_r5_v2,50.0,0.0,0.005,2,savgol_w9p3,0.17411802270264104,0.00026247950598073813,1001
circle_r5_v2,50.0,0.0,0.005,2,savgol_w11p3,0.12821044780515,8.33004218701257e-05,1001
circle_r5_v2,50.0,0.0,0.005,2,family_a_W3,2.159228455400227e-09,-2.059764104746174e-09,1001
circle_r5_v2,50.0,0.0,0.005,2,family_a_W5,1.4217928383194951e-08,-1.3994296153269409e-08,1001
circle_r5_v2,50.0,0.0,0.005,2,family_a_W7,5.0388972135100756e-08,-5.004078751591232e-08,1001
circle_r5_v2,50.0,0.0,0.005,2,family_a_midspan_W5,2.645726509352857e-08,2.611285098918208e-08,1001
circle_r5_v2,50.0,0.0,0.005,3,forward,7.088441482891859e-06,-5.984710937377848e-06,1001
circle_r5_v2,50.0,0.0,0.005,3,central,2.322933619157589e-05,-2.1985832950959146e-05,1001
circle_r5_v2,50.0,0.0,0.005,3,cubic_global,1.296119181341938e-10,-6.879661792768776e-11,1001
circle_r5_v2,50.0,0.0,0.005,3,smoothing_spline,0.16742681258986444,0.01059647042238676,1001
circle_r5_v2,50.0,0.0,0.005,3,savgol_w5p2,0.15906286851180534,0.009032768360060978,1001
circle_r5_v2,50.0,0.0,0.005,3,savgol_w7p3,0.25965582495553474,0.009134944464634294,1001
circle_r5_v2,50.0,0.0,0.005,3,savgol_w9p3,0.1694956483405344,0.009136501357391085,1001
circle_r5_v2,50.0,0.0,0.005,3,savgol_w11p3,0.12304849487805837,0.009048074709425107,1001
circle_r5_v2,50.0,0.0,0.005,3,family_a_W3,2.1387993857309896e-09,-2.049079579832571e-09,1001
circle_r5_v2,50.0,0.0,0.005,3,family_a_W5,1.4107824464430236e-08,-1.3923448672224455e-08,1001
circle_r5_v2,50.0,0.0,0.005,3,family_a_W7,5.023942649507644e-08,-4.9914573304305884e-08,1001
circle_r5_v2,50.0,0.0,0.005,3,family_a_midspan_W5,2.6453784854808234e-08,2.6125818443398183e-08,1001
circle_r5_v2,50.0,0.0,0.005,4,forward,7.2218636107881194e-06,-6.030716110965883e-06,1001
circle_r5_v2,50.0,0.0,0.005,4,central,2.321694293402309e-05,-2.1977162576240305e-05,1001
circle_r5_v2,50.0,0.0,0.005,4,cubic_global,1.3277820855551742e-10,-6.883108856589495e-11,1001
circle_r5_v2,50.0,0.0,0.005,4,smoothing_spline,0.1674113393308002,0.01055602727301517,1001
circle_r5_v2,50.0,0.0,0.005,4,savgol_w5p2,0.15662052984328267,-0.02188883004479346,1001
circle_r5_v2,50.0,0.0,0.005,4,savgol_w7p3,0.24722018540688764,-0.021862283572492206,1001
circle_r5_v2,50.0,0.0,0.005,4,savgol_w9p3,0.16592604746495476,-0.0218291089748022,1001
circle_r5_v2,50.0,0.0,0.005,4,savgol_w11p3,0.12279137582128129,-0.021761711031809093,1001
circle_r5_v2,50.0,0.0,0.005,4,family_a_W3,2.139692336469195e-09,-2.0385662209969495e-09,1001
circle_r5_v2,50.0,0.0,0.005,4,family_a_W5,1.4156328042149263e-08,-1.395244620270805e-08,1001
circle_r5_v2,50.0,0.0,0.005,4,family_a_W7,5.0428434155642555e-08,-5.006143470242555e-08,1001
circle_r5_v2,50.0,0.0,0.005,4,family_a_midspan_W5,2.636502966248673e-08,2.6043487929059727e-08,1001
circle_r5_v2,50.0,0.01,0.0,0,forward,0.6928539656093586,0.1346783875590073,1001
circle_r5_v2,50.0,0.01,0.0,0,central,0.35646931204935334,0.03149671125520731,1001
circle_r5_v2,50.0,0.01,0.0,0,cubic_global,0.5956082370070038,0.0898310769505825,1001
circle_r5_v2,50.0,0.01,0.0,0,smoothing_spline,0.16748392028108813,0.010684173045582132,1001
circle_r5_v2,50.0,0.01,0.0,0,savgol_w5p2,0.1563406200523738,0.0062030832625367405,1001
circle_r5_v2,50.0,0.01,0.0,0,savgol_w7p3,0.2499233664231323,0.016290034880677273,1001
circle_r5_v2,50.0,0.01,0.0,0,savgol_w9p3,0.16749303747725144,0.007377352609146992,1001
circle_r5_v2,50.0,0.01,0.0,0,savgol_w11p3,0.1245220755560843,0.0040748330518345696,1001
circle_r5_v2,50.0,0.01,0.0,0,family_a_W3,0.2499233664231247,0.016290034880631594,1001
circle_r5_v2,50.0,0.01,0.0,0,family_a_W5,0.12452207555607898,0.004074833051789327,1001
circle_r5_v2,50.0,0.01,0.0,0,family_a_W7,0.07618894864473112,0.0016134463749230366,1001
circle_r5_v2,50.0,0.01,0.0,0,family_a_midspan_W5,0.06551159162284168,0.008791238768265739,1001
circle_r5_v2,50.0,0.01,0.0,1,forward,0.709370661996327,0.13081809737605893,1001
circle_r5_v2,50.0,0.01,0.0,1,central,0.3621470495102396,0.0333692697371035,1001
circle_r5_v2,50.0,0.01,0.0,1,cubic_global,0.6011648151765138,0.0925018096353752,1001
circle_r5_v2,50.0,0.01,0.0,1,smoothing_spline,0.16743883994004238,0.010556463159902494,1001
circle_r5_v2,50.0,0.01,0.0,1,savgol_w5p2,0.15493120902086077,0.007366448528194328,1001
circle_r5_v2,50.0,0.01,0.0,1,savgol_w7p3,0.25301129711352954,0.01783847082050307,1001
circle_r5_v2,50.0,0.01,0.0,1,savgol_w9p3,0.1680952001770796,0.008664891322785676,1001
circle_r5_v2,50.0,0.01,0.0,1,savgol_w11p3,0.1201818311120721,0.004830172206134678,1001
circle_r5_v2,50.0,0.01,0.0,1,family_a_W3,0.25301129711352005,0.017838470820456528,1001
circle_r5_v2,50.0,0.01,0.0,1,family_a_W5,0.1201818311120662,0.004830172206089257,1001
circle_r5_v2,50.0,0.01,0.0,1,family_a_W7,0.07653178375917605,0.0020836623794126515,1001
circle_r5_v2,50.0,0.01,0.0,1,family_a_midspan_W5,0.06588934424167502,0.009459973730878821,1001
circle_r5_v2,50.0,0.01,0.0,2,forward,0.6836831852223794,0.1325064152593457,1001
circle_r5_v2,50.0,0.01,0.0,2,central,0.34741372984677865,0.032508085556480604,1001
circle_r5_v2,50.0,0.01,0.0,2,cubic_global,0.5728780452271597,0.09379874610549163,1001
circle_r5_v2,50.0,0.01,0.0,2,smoothing_spline,0.16743830666125076,0.010535553751346812,1001
circle_r5_v2,50.0,0.01,0.0,2,savgol_w5p2,0.16134549828044717,0.0059869440479218255,1001
circle_r5_v2,50.0,0.01,0.0,2,savgol_w7p3,0.2547551726976566,0.01636556728365415,1001
circle_r5_v2,50.0,0.01,0.0,2,savgol_w9p3,0.17572066032937175,0.006920149408166732,1001
circle_r5_v2,50.0,0.01,0.0,2,savgol_w11p3,0.12905950356274307,0.0035756728466027248,1001
circle_r5_v2,50.0,0.01,0.0,2,family_a_W3,0.2547551726976497,0.016365567283608162,1001
circle_r5_v2,50.0,0.01,0.0,2,family_a_W5,0.12905950356273904,0.0035756728465573136,1001
circle_r5_v2,50.0,0.01,0.0,2,family_a_W7,0.07802546140199774,0.0011259650927305507,1001
circle_r5_v2,50.0,0.01,0.0,2,family_a_midspan_W5,0.06655430032541544,0.008350778794189813,1001
circle_r5_v2,50.0,0.01,0.0,3,forward,0.6762036319431116,0.11738275417711994,1001
circle_r5_v2,50.0,0.01,0.0,3,central,0.3488477929826935,0.02926126446298765,1001
circle_r5_v2,50.0,0.01,0.0,3,cubic_global,0.5722826396300521,0.08219039672866459,1001
circle_r5_v2,50.0,0.01,0.0,3,smoothing_spline,0.16734104517064197,0.010294049901809776,1001
circle_r5_v2,50.0,0.01,0.0,3,savgol_w5p2,0.15678268639677714,0.005464925013265724,1001
circle_r5_v2,50.0,0.01,0.0,3,savgol_w7p3,0.25803249458818556,0.014876433135017825,1001
circle_r5_v2,50.0,0.01,0.0,3,savgol_w9p3,0.1673651340215301,0.006493685349990263,1001
circle_r5_v2,50.0,0.01,0.0,3,savgol_w11p3,0.11890054789760801,0.003584124342425397,1001
circle_r5_v2,50.0,0.01,0.0,3,family_a_W3,0.25803249458818045,0.014876433134971915,1001
circle_r5_v2,50.0,0.01,0.0,3,family_a_W5,0.11890054789760242,0.0035841243423802072,1001
circle_r5_v2,50.0,0.01,0.0,3,family_a_W7,0.07670178295432727,0.0013314132253599191,1001
circle_r5_v2,50.0,0.01,0.0,3,family_a_midspan_W5,0.06581957207060686,0.008612415792747494,1001
circle_r5_v2,50.0,0.01,0.0,4,forward,0.6813562828897223,0.12871532456001902,1001
circle_r5_v2,50.0,0.01,0.0,4,central,0.34042826126360826,0.029622314531087757,1001
circle_r5_v2,50.0,0.01,0.0,4,cubic_global,0.570760508071845,0.08865756010502465,1001
circle_r5_v2,50.0,0.01,0.0,4,smoothing_spline,0.16734450074508225,0.010501901106047084,1001
circle_r5_v2,50.0,0.01,0.0,4,savgol_w5p2,0.15100684381772514,0.005647232465695098,1001
circle_r5_v2,50.0,0.01,0.0,4,savgol_w7p3,0.24276327531624473,0.014990837451929688,1001
circle_r5_v2,50.0,0.01,0.0,4,savgol_w9p3,0.16034867912537695,0.006557239178682139,1001
circle_r5_v2,50.0,0.01,0.0,4,savgol_w11p3,0.11693509707847312,0.0034247964536098375,1001
circle_r5_v2,50.0,0.01,0.0,4,family_a_W3,0.24276327531623978,0.014990837451884374,1001
circle_r5_v2,50.0,0.01,0.0,4,family_a_W5,0.11693509707847034,0.0034247964535642082,1001
circle_r5_v2,50.0,0.01,0.0,4,family_a_W7,0.07356607095115189,0.001356219623727581,1001
circle_r5_v2,50.0,0.01,0.0,4,family_a_midspan_W5,0.06346005989913542,0.008564490339850173,1001
circle_r5_v2,50.0,0.01,0.005,0,forward,1.2964267396631817,0.27819805502530504,1001
circle_r5_v2,50.0,0.01,0.005,0,central,0.3756322836578324,0.03226917721561221,1001
circle_r5_v2,50.0,0.01,0.005,0,cubic_global,1.6848037758507945,0.37804742393332746,1001
circle_r5_v2,50.0,0.01,0.005,0,smoothing_spline,0.16737388933659303,0.010443264186307963,1001
circle_r5_v2,50.0,0.01,0.005,0,savgol_w5p2,0.21821949532008605,-0.011517202488810064,1001
circle_r5_v2,50.0,0.01,0.005,0,savgol_w7p3,0.3547735875127332,-0.001243436722493262,1001
circle_r5_v2,50.0,0.01,0.005,0,savgol_w9p3,0.23269239026539287,-0.010631486734037323,1001
circle_r5_v2,50.0,0.01,0.005,0,savgol_w11p3,0.170666273229232,-0.01411897368846971,1001
circle_r5_v2,50.0,0.01,0.005,0,family_a_W3,0.2638759766571798,0.017669277311299327,1001
circle_r5_v2,50.0,0.01,0.005,0,family_a_W5,0.12425369107063508,0.004263345723728924,1001
circle_r5_v2,50.0,0.01,0.005,0,family_a_W7,0.07834894573200508,0.0010071055751900866,1001
circle_r5_v2,50.0,0.01,0.005,0,family_a_midspan_W5,0.06574867400714819,0.008425274266968603,1001
circle_r5_v2,50.0,0.01,0.005,1,forward,2.4195373051460094,0.3960297494181869,1001
circle_r5_v2,50.0,0.01,0.005,1,central,0.3652845879170517,0.04293173600704495,1001
circle_r5_v2,50.0,0.01,0.005,1,cubic_global,3.3115706397051676,0.6458169540436678,1001
circle_r5_v2,50.0,0.01,0.005,1,smoothing_spline,0.16733906604388704,0.01046664998962801,1001
circle_r5_v2,50.0,0.01,0.005,1,savgol_w5p2,0.21546257356490764,0.013089019107448889,1001
circle_r5_v2,50.0,0.01,0.005,1,savgol_w7p3,0.3460590512187408,0.023922268794106798,1001
circle_r5_v2,50.0,0.01,0.005,1,savgol_w9p3,0.23379921727551425,0.01403595411419766,1001
circle_r5_v2,50.0,0.01,0.005,1,savgol_w11p3,0.1693174942264974,0.010929662106357787,1001
circle_r5_v2,50.0,0.01,0.005,1,family_a_W3,0.2590079990964329,0.015364450427167652,1001
circle_r5_v2,50.0,0.01,0.005,1,family_a_W5,0.1238524722430916,0.0040818392033120455,1001
circle_r5_v2,50.0,0.01,0.005,1,family_a_W7,0.07573368632679939,0.0015051273349423677,1001
circle_r5_v2,50.0,0.01,0.005,1,family_a_midspan_W5,0.06565256472330463,0.0070345568297255036,1001
circle_r5_v2,50.0,0.01,0.005,2,forward,1.809372732100713,0.3454167114570811,1001
circle_r5_v2,50.0,0.01,0.005,2,central,0.3533197878869364,0.03567510562846903,1001
circle_r5_v2,50.0,0.01,0.005,2,cubic_global,2.412274596875945,0.5285486751559435,1001
circle_r5_v2,50.0,0.01,0.005,2,smoothing_spline,0.1673476291945724,0.010360800128298318,1001
circle_r5_v2,50.0,0.01,0.005,2,savgol_w5p2,0.2189624998413127,0.006443140526258352,1001
circle_r5_v2,50.0,0.01,0.005,2,savgol_w7p3,0.3508026726598011,0.01699421244829496,1001
circle_r5_v2,50.0,0.01,0.005,2,savgol_w9p3,0.23474085170857342,0.007442160749974472,1001
circle_r5_v2,50.0,0.01,0.005,2,savgol_w11p3,0.17293596681397827,0.003973348026093209,1001
circle_r5_v2,50.0,0.01,0.005,2,family_a_W3,0.26069510434350407,0.019983525002203007,1001
circle_r5_v2,50.0,0.01,0.005,2,family_a_W5,0.11939262512109793,0.0036786294698813423,1001
circle_r5_v2,50.0,0.01,0.005,2,family_a_W7,0.071223217026273,0.0012133267424223027,1001
circle_r5_v2,50.0,0.01,0.005,2,family_a_midspan_W5,0.06335628593838047,0.008769299330368433,1001
circle_r5_v2,50.0,0.01,0.005,3,forward,4.5957994020364366,0.38414866620435045,1001
circle_r5_v2,50.0,0.01,0.005,3,central,0.3793198467854471,0.03977480262714568,1001
circle_r5_v2,50.0,0.01,0.005,3,cubic_global,6.510462292642537,0.6411806510403688,1001
circle_r5_v2,50.0,0.01,0.005,3,smoothing_spline,0.16744472486537657,0.010638369800459629,1001
circle_r5_v2,50.0,0.01,0.005,3,savgol_w5p2,0.2221960037818388,0.0145715605631195,1001
circle_r5_v2,50.0,0.01,0.005,3,savgol_w7p3,0.3539325154060298,0.02557731768637315,1001
circle_r5_v2,50.0,0.01,0.005,3,savgol_w9p3,0.23713440081877787,0.015473882911929214,1001
circle_r5_v2,50.0,0.01,0.005,3,savgol_w11p3,0.17921325746378575,0.011839913166515852,1001
circle_r5_v2,50.0,0.01,0.005,3,family_a_W3,0.2658651968145588,0.017632415563976368,1001
circle_r5_v2,50.0,0.01,0.005,3,family_a_W5,0.12724730325807765,0.002767072796083075,1001
circle_r5_v2,50.0,0.01,0.005,3,family_a_W7,0.07787647939295861,0.0007051302769488215,1001
circle_r5_v2,50.0,0.01,0.005,3,family_a_midspan_W5,0.0692011021742282,0.00796089525067867,1001
circle_r5_v2,50.0,0.01,0.005,4,forward,1.9975576153750463,0.38088557960137737,1001
circle_r5_v2,50.0,0.01,0.005,4,central,0.34539223833520816,0.03217051896272027,1001
circle_r5_v2,50.0,0.01,0.005,4,cubic_global,2.6930569213018165,0.5904689123028221,1001
circle_r5_v2,50.0,0.01,0.005,4,smoothing_spline,0.16747945328880814,0.010642787942282437,1001
circle_r5_v2,50.0,0.01,0.005,4,savgol_w5p2,0.21783330024062983,-0.015422795939249459,1001
circle_r5_v2,50.0,0.01,0.005,4,savgol_w7p3,0.3461166146557928,-0.005190880968436024,1001
circle_r5_v2,50.0,0.01,0.005,4,savgol_w9p3,0.2321596099087885,-0.01476523772946361,1001
circle_r5_v2,50.0,0.01,0.005,4,savgol_w11p3,0.16976193071954998,-0.017854680070884785,1001
circle_r5_v2,50.0,0.01,0.005,4,family_a_W3,0.2459361469574865,0.02111506694648765,1001
circle_r5_v2,50.0,0.01,0.005,4,family_a_W5,0.11873827642511213,0.004214603614985894,1001
circle_r5_v2,50.0,0.01,0.005,4,family_a_W7,0.07456611732720055,0.0016881009365396446,1001
circle_r5_v2,50.0,0.01,0.005,4,family_a_midspan_W5,0.06330315004316285,0.008055223318625505,1001
circle_r5_v2,50.0,0.05,0.0,0,forward,3.7685470992285772,2.8381695365133615,1001
circle_r5_v2,50.0,0.05,0.0,0,central,1.6739076628291185,0.8878460351343036,1001
circle_r5_v2,50.0,0.05,0.0,0,cubic_global,3.055977495351693,2.139138749407325,1001
circle_r5_v2,50.0,0.05,0.0,0,smoothing_spline,0.16785167689950908,0.011146000385149202,1001
circle_r5_v2,50.0,0.05,0.0,0,savgol_w5p2,0.7594340281773876,0.16426888875265916,1001
circle_r5_v2,50.0,0.05,0.0,0,savgol_w7p3,1.1809328402970314,0.45237494251557603,1001
circle_r5_v2,50.0,0.05,0.0,0,savgol_w9p3,0.8103831014495855,0.19383591040806583,1001
circle_r5_v2,50.0,0.05,0.0,0,savgol_w11p3,0.6107488390153616,0.09880319307851448,1001
circle_r5_v2,50.0,0.05,0.0,0,family_a_W3,1.180932840296991,0.4523749425155166,1001
circle_r5_v2,50.0,0.05,0.0,0,family_a_W5,0.6107488390153388,0.09880319307846815,1001
circle_r5_v2,50.0,0.05,0.0,0,family_a_W7,0.378068035480336,0.03646279307071473,1001
circle_r5_v2,50.0,0.05,0.0,0,family_a_midspan_W5,0.38775712133953005,0.23506097643863588,1001
circle_r5_v2,50.0,0.05,0.0,1,forward,3.767585410178574,2.8506429715733734,1001
circle_r5_v2,50.0,0.05,0.0,1,central,1.7111226024206478,0.8950012627069848,1001
circle_r5_v2,50.0,0.05,0.0,1,cubic_global,3.0915812271468823,2.149810597384514,1001
circle_r5_v2,50.0,0.05,0.0,1,smoothing_spline,0.16763345495897392,0.010507784685212565,1001
circle_r5_v2,50.0,0.05,0.0,1,savgol_w5p2,0.7702452332283094,0.16836554773079518,1001
circle_r5_v2,50.0,0.05,0.0,1,savgol_w7p3,1.2148855036074602,0.45086180352334526,1001
circle_r5_v2,50.0,0.05,0.0,1,savgol_w9p3,0.8279825138864545,0.2011879932248507,1001
circle_r5_v2,50.0,0.05,0.0,1,savgol_w11p3,0.5913741165954293,0.1090886064170005,1001
circle_r5_v2,50.0,0.05,0.0,1,family_a_W3,1.2148855036074138,0.4508618035232882,1001
circle_r5_v2,50.0,0.05,0.0,1,family_a_W5,0.5913741165954036,0.10908860641695307,1001
circle_r5_v2,50.0,0.05,0.0,1,family_a_W7,0.37738896334876576,0.041179920117280215,1001
circle_r5_v2,50.0,0.05,0.0,1,family_a_midspan_W5,0.39555190114293964,0.24279131616613014,1001
circle_r5_v2,50.0,0.05,0.0,2,forward,3.7059751924366506,2.8042969303761573,1001
circle_r5_v2,50.0,0.05,0.0,2,central,1.6413445319093571,0.8949516576041814,1001
circle_r5_v2,50.0,0.05,0.0,2,cubic_global,3.003937494923626,2.1364420436389917,1001
circle_r5_v2,50.0,0.05,0.0,2,smoothing_spline,0.16762121352808046,0.010403020780294507,1001
circle_r5_v2,50.0,0.05,0.0,2,savgol_w5p2,0.7804692473362702,0.16824665539340544,1001
circle_r5_v2,50.0,0.05,0.0,2,savgol_w7p3,1.2068202025226693,0.4566521065291984,1001
circle_r5_v2,50.0,0.05,0.0,2,savgol_w9p3,0.8360619018893153,0.19787587439148155,1001
circle_r5_v2,50.0,0.05,0.0,2,savgol_w11p3,0.6279900974093529,0.09963843080204661,1001
circle_r5_v2,50.0,0.05,0.0,2,family_a_W3,1.206820202522626,0.4566521065291423,1001
circle_r5_v2,50.0,0.05,0.0,2,family_a_W5,0.6279900974093312,0.09963843080199931,1001
circle_r5_v2,50.0,0.05,0.0,2,family_a_W7,0.3873496380863962,0.03428183418731309,1001
circle_r5_v2,50.0,0.05,0.0,2,family_a_midspan_W5,0.382053102229773,0.24022226242389652,1001
circle_r5_v2,50.0,0.05,0.0,3,forward,3.547650878404701,2.6722182299323443,1001
circle_r5_v2,50.0,0.05,0.0,3,central,1.6630091027275329,0.8209449968615952,1001
circle_r5_v2,50.0,0.05,0.0,3,cubic_global,2.934887308154597,1.9740102245683,1001
circle_r5_v2,50.0,0.05,0.0,3,smoothing_spline,0.16714480518384495,0.009195524130016683,1001
circle_r5_v2,50.0,0.05,0.0,3,savgol_w5p2,0.7552078590678297,0.15921366154340152,1001
circle_r5_v2,50.0,0.05,0.0,3,savgol_w7p3,1.1938014951620768,0.4480641987283182,1001
circle_r5_v2,50.0,0.05,0.0,3,savgol_w9p3,0.8064915014464524,0.1841690670867616,1001
circle_r5_v2,50.0,0.05,0.0,3,savgol_w11p3,0.5886859467952226,0.09656781270128272,1001
circle_r5_v2,50.0,0.05,0.0,3,family_a_W3,1.1938014951620377,0.448064198728258,1001
circle_r5_v2,50.0,0.05,0.0,3,family_a_W5,0.5886859467951995,0.0965678127012358,1001
circle_r5_v2,50.0,0.05,0.0,3,family_a_W7,0.3793218529938387,0.03667567396624933,1001
circle_r5_v2,50.0,0.05,0.0,3,family_a_midspan_W5,0.37924864062113783,0.2298802957874983,1001
circle_r5_v2,50.0,0.05,0.0,4,forward,3.682173240961209,2.7646289720039343,1001
circle_r5_v2,50.0,0.05,0.0,4,central,1.6039419374293769,0.8304678347182763,1001
circle_r5_v2,50.0,0.05,0.0,4,cubic_global,2.9466082916319642,2.089569121213456,1001
circle_r5_v2,50.0,0.05,0.0,4,smoothing_spline,0.1671569731137355,0.01023516601972943,1001
circle_r5_v2,50.0,0.05,0.0,4,savgol_w5p2,0.7391068837111335,0.15677934568577032,1001
circle_r5_v2,50.0,0.05,0.0,4,savgol_w7p3,1.1496040027224719,0.4225143259343768,1001
circle_r5_v2,50.0,0.05,0.0,4,savgol_w9p3,0.782331799692718,0.1802989800525073,1001
circle_r5_v2,50.0,0.05,0.0,4,savgol_w11p3,0.5754442503481644,0.09652778155950166,1001
circle_r5_v2,50.0,0.05,0.0,4,family_a_W3,1.1496040027224375,0.4225143259343225,1001
circle_r5_v2,50.0,0.05,0.0,4,family_a_W5,0.5754442503481454,0.09652778155945306,1001
circle_r5_v2,50.0,0.05,0.0,4,family_a_W7,0.36497099547928236,0.03769861746211307,1001
circle_r5_v2,50.0,0.05,0.0,4,family_a_midspan_W5,0.3757835871277835,0.2256342310492155,1001
circle_r5_v2,50.0,0.05,0.005,0,forward,7.62310466913169,3.848688738720942,1001
circle_r5_v2,50.0,0.05,0.005,0,central,1.7853744407259111,0.9698598217127373,1001
circle_r5_v2,50.0,0.05,0.005,0,cubic_global,9.78584627619642,4.606093545068527,1001
circle_r5_v2,50.0,0.05,0.005,0,smoothing_spline,0.16739854806055116,0.010003529532977135,1001
circle_r5_v2,50.0,0.05,0.005,0,savgol_w5p2,0.7773745583548891,0.14171559576709641,1001
circle_r5_v2,50.0,0.05,0.005,0,savgol_w7p3,1.2041583348071543,0.43177563081101644,1001
circle_r5_v2,50.0,0.05,0.005,0,savgol_w9p3,0.8130696095419779,0.16992029602140934,1001
circle_r5_v2,50.0,0.05,0.005,0,savgol_w11p3,0.6202799401348011,0.07558109099069903,1001
circle_r5_v2,50.0,0.05,0.005,0,family_a_W3,1.2613213869189188,0.4846326695970434,1001
circle_r5_v2,50.0,0.05,0.005,0,family_a_W5,0.6159616424176654,0.10022374086908385,1001
circle_r5_v2,50.0,0.05,0.005,0,family_a_W7,0.39151850754870143,0.03302458381152954,1001
circle_r5_v2,50.0,0.05,0.005,0,family_a_midspan_W5,0.38331091453689353,0.23147435137626204,1001
circle_r5_v2,50.0,0.05,0.005,1,forward,12.794809234083017,4.266308825387227,1001
circle_r5_v2,50.0,0.05,0.005,1,central,1.8000213021019027,0.9781218560533934,1001
circle_r5_v2,50.0,0.05,0.005,1,cubic_global,17.528440176518952,5.81493491126569,1001
circle_r5_v2,50.0,0.05,0.005,1,smoothing_spline,0.1672303779269338,0.01005409434961211,1001
circle_r5_v2,50.0,0.05,0.005,1,savgol_w5p2,0.7683319319020999,0.1724461494445652,1001
circle_r5_v2,50.0,0.05,0.005,1,savgol_w7p3,1.1834385112163337,0.4785057900650828,1001
circle_r5_v2,50.0,0.05,0.005,1,savgol_w9p3,0.8280847238017746,0.20262139507955607,1001
circle_r5_v2,50.0,0.05,0.005,1,savgol_w11p3,0.6119862628185808,0.10885447890895754,1001
circle_r5_v2,50.0,0.05,0.005,1,family_a_W3,1.2238470182442633,0.5025459661954693,1001
circle_r5_v2,50.0,0.05,0.005,1,family_a_W5,0.6040068234654282,0.10645679330879987,1001
circle_r5_v2,50.0,0.05,0.005,1,family_a_W7,0.37815488033608596,0.039335710884913506,1001
circle_r5_v2,50.0,0.05,0.005,1,family_a_midspan_W5,0.3879249887934623,0.23023118785830365,1001
circle_r5_v2,50.0,0.05,0.005,2,forward,9.787645841103588,4.079715401645242,1001
circle_r5_v2,50.0,0.05,0.005,2,central,1.704542436110969,0.9034266805714644,1001
circle_r5_v2,50.0,0.05,0.005,2,cubic_global,13.060804814140864,5.309432091863115,1001
circle_r5_v2,50.0,0.05,0.005,2,smoothing_spline,0.16728051775723915,0.00955183014603171,1001
circle_r5_v2,50.0,0.05,0.005,2,savgol_w5p2,0.7621003065614931,0.16850721206607902,1001
circle_r5_v2,50.0,0.05,0.005,2,savgol_w7p3,1.1855457435788614,0.4655561085722703,1001
circle_r5_v2,50.0,0.05,0.005,2,savgol_w9p3,0.8136347148208395,0.19638775347384402,1001
circle_r5_v2,50.0,0.05,0.005,2,savgol_w11p3,0.6004536995835236,0.09928251810779513,1001
circle_r5_v2,50.0,0.05,0.005,2,family_a_W3,1.2444691716678304,0.5091626817433699,1001
circle_r5_v2,50.0,0.05,0.005,2,family_a_W5,0.5979211901412497,0.09884484851543965,1001
circle_r5_v2,50.0,0.05,0.005,2,family_a_W7,0.3566965289520226,0.03318573072562679,1001
circle_r5_v2,50.0,0.05,0.005,2,family_a_midspan_W5,0.3873812020259256,0.23578199447723824,1001
circle_r5_v2,50.0,0.05,0.005,3,forward,23.22326316645971,4.307164885084466,1001
circle_r5_v2,50.0,0.05,0.005,3,central,1.8316846904844477,0.9572789826746866,1001
circle_r5_v2,50.0,0.05,0.005,3,cubic_global,32.92030878251303,5.993680855075893,1001
circle_r5_v2,50.0,0.05,0.005,3,smoothing_spline,0.16752172955985595,0.010806858836323329,1001
circle_r5_v2,50.0,0.05,0.005,3,savgol_w5p2,0.8091515712152062,0.16522431975438015,1001
circle_r5_v2,50.0,0.05,0.005,3,savgol_w7p3,1.2300484977164299,0.4716966253215685,1001
circle_r5_v2,50.0,0.05,0.005,3,savgol_w9p3,0.8658513017548416,0.1936432596916026,1001
circle_r5_v2,50.0,0.05,0.005,3,savgol_w11p3,0.6452260399629702,0.09823545567365964,1001
circle_r5_v2,50.0,0.05,0.005,3,family_a_W3,1.2588018100947882,0.4887522737367683,1001
circle_r5_v2,50.0,0.05,0.005,3,family_a_W5,0.6261081404431215,0.08950233755225061,1001
circle_r5_v2,50.0,0.05,0.005,3,family_a_W7,0.3866369510535989,0.03244112153158435,1001
circle_r5_v2,50.0,0.05,0.005,3,family_a_midspan_W5,0.3947668158768727,0.2261450440800688,1001
circle_r5_v2,50.0,0.05,0.005,4,forward,10.955249835322707,4.2718690864213515,1001
circle_r5_v2,50.0,0.05,0.005,4,central,1.6992619992481681,0.8756279021940968,1001
circle_r5_v2,50.0,0.05,0.005,4,cubic_global,14.69199906781736,5.734668814003598,1001
circle_r5_v2,50.0,0.05,0.005,4,smoothing_spline,0.16775486033287723,0.010990413217597849,1001
circle_r5_v2,50.0,0.05,0.005,4,savgol_w5p2,0.7316467408420455,0.13604949996141946,1001
circle_r5_v2,50.0,0.05,0.005,4,savgol_w7p3,1.1445292340101159,0.4105477558284323,1001
circle_r5_v2,50.0,0.05,0.005,4,savgol_w9p3,0.781791747722565,0.1565590003483507,1001
circle_r5_v2,50.0,0.05,0.005,4,savgol_w11p3,0.5884080207732459,0.06961263211143003,1001
circle_r5_v2,50.0,0.05,0.005,4,family_a_W3,1.1988165626579772,0.47467125682434885,1001
circle_r5_v2,50.0,0.05,0.005,4,family_a_W5,0.580264877215756,0.091624571559476,1001
circle_r5_v2,50.0,0.05,0.005,4,family_a_W7,0.3724220391911007,0.035114323584028585,1001
circle_r5_v2,50.0,0.05,0.005,4,family_a_midspan_W5,0.36254087775392063,0.21396700848396513,1001
circle_r5_v2,50.0,0.2,0.0,0,forward,18.571136091476244,16.060639500052115,1001
circle_r5_v2,50.0,0.2,0.0,0,central,8.573061707452695,7.058031730692885,1001
circle_r5_v2,50.0,0.2,0.0,0,cubic_global,15.308260813294794,13.029288855519573,1001
circle_r5_v2,50.0,0.2,0.0,0,smoothing_spline,0.1692931438500271,0.012881358041388272,1001
circle_r5_v2,50.0,0.2,0.0,0,savgol_w5p2,3.2417220458580775,2.305773313777039,1001
circle_r5_v2,50.0,0.2,0.0,0,savgol_w7p3,5.745049182461833,4.5751782702354244,1001
circle_r5_v2,50.0,0.2,0.0,0,savgol_w9p3,3.52901326887403,2.60950958727492,1001
circle_r5_v2,50.0,0.2,0.0,0,savgol_w11p3,2.402051362817592,1.6102691841346435,1001
circle_r5_v2,50.0,0.2,0.0,0,family_a_W3,5.745049182461662,4.575178270235272,1001
circle_r5_v2,50.0,0.2,0.0,0,family_a_W5,2.4020513628175038,1.6102691841345622,1001
circle_r5_v2,50.0,0.2,0.0,0,family_a_W7,1.4017500814095996,0.6506601989529192,1001
circle_r5_v2,50.0,0.2,0.0,0,family_a_midspan_W5,2.89729260174779,2.5597728234118966,1001
circle_r5_v2,50.0,0.2,0.0,1,forward,18.5663537041491,16.16288054775437,1001
circle_r5_v2,50.0,0.2,0.0,1,central,8.673900793987926,7.1406200854424835,1001
circle_r5_v2,50.0,0.2,0.0,1,cubic_global,15.424340617696329,13.054864770236213,1001
circle_r5_v2,50.0,0.2,0.0,1,smoothing_spline,0.16852776825298785,0.010333488215482751,1001
circle_r5_v2,50.0,0.2,0.0,1,savgol_w5p2,3.2690945691810107,2.338582842829175,1001
circle_r5_v2,50.0,0.2,0.0,1,savgol_w7p3,5.798970106020093,4.631946589588057,1001
circle_r5_v2,50.0,0.2,0.0,1,savgol_w9p3,3.6077432971827528,2.645338312552883,1001
circle_r5_v2,50.0,0.2,0.0,1,savgol_w11p3,2.431152393660397,1.6231614068063205,1001
circle_r5_v2,50.0,0.2,0.0,1,family_a_W3,5.798970106019927,4.631946589587903,1001
circle_r5_v2,50.0,0.2,0.0,1,family_a_W5,2.4311523936603074,1.6231614068062377,1001
circle_r5_v2,50.0,0.2,0.0,1,family_a_W7,1.4165055335790144,0.6912047439367648,1001
circle_r5_v2,50.0,0.2,0.0,1,family_a_midspan_W5,2.9272080149091426,2.584887982588548,1001
circle_r5_v2,50.0,0.2,0.0,2,forward,18.322586630681105,15.887583343759943,1001
circle_r5_v2,50.0,0.2,0.0,2,central,8.477373480748936,7.131794580016677,1001
circle_r5_v2,50.0,0.2,0.0,2,cubic_global,15.137050234313746,12.983664142601828,1001
circle_r5_v2,50.0,0.2,0.0,2,smoothing_spline,0.1683358951000694,0.009911192880859156,1001
circle_r5_v2,50.0,0.2,0.0,2,savgol_w5p2,3.311075222943095,2.4079978260807184,1001
circle_r5_v2,50.0,0.2,0.0,2,savgol_w7p3,5.825739232083691,4.665255523606621,1001
circle_r5_v2,50.0,0.2,0.0,2,savgol_w9p3,3.622239543346468,2.701765092683976,1001
circle_r5_v2,50.0,0.2,0.0,2,savgol_w11p3,2.4628171351572625,1.669545176295638,1001
circle_r5_v2,50.0,0.2,0.0,2,family_a_W3,5.825739232083531,4.665255523606474,1001
circle_r5_v2,50.0,0.2,0.0,2,family_a_W5,2.4628171351571737,1.669545176295555,1001
circle_r5_v2,50.0,0.2,0.0,2,family_a_W7,1.4032741730750817,0.6731494217969995,1001
circle_r5_v2,50.0,0.2,0.0,2,family_a_midspan_W5,2.953083984721308,2.655304925460806,1001
circle_r5_v2,50.0,0.2,0.0,3,forward,17.64584216406355,15.33341362554041,1001
circle_r5_v2,50.0,0.2,0.0,3,central,8.338138309685052,6.875825882956063,1001
circle_r5_v2,50.0,0.2,0.0,3,cubic_global,14.652647769328532,12.440555408583192,1001
circle_r5_v2,50.0,0.2,0.0,3,smoothing_spline,0.16657956372673682,0.005081566932837289,1001
circle_r5_v2,50.0,0.2,0.0,3,savgol_w5p2,3.205103672052594,2.2911031544908798,1001
circle_r5_v2,50.0,0.2,0.0,3,savgol_w7p3,5.768378930852977,4.6000684629986734,1001
circle_r5_v2,50.0,0.2,0.0,3,savgol_w9p3,3.4664302263049502,2.572478607822547,1001
circle_r5_v2,50.0,0.2,0.0,3,savgol_w11p3,2.354247733065431,1.5614005799402482,1001
circle_r5_v2,50.0,0.2,0.0,3,family_a_W3,5.7683789308528075,4.600068462998525,1001
circle_r5_v2,50.0,0.2,0.0,3,family_a_W5,2.3542477330653435,1.5614005799401636,1001
circle_r5_v2,50.0,0.2,0.0,3,family_a_W7,1.4315945076069585,0.6577581299328745,1001
circle_r5_v2,50.0,0.2,0.0,3,family_a_midspan_W5,2.830543649059499,2.525186808747752,1001
circle_r5_v2,50.0,0.2,0.0,4,forward,18.205441783486037,15.712248727513892,1001
circle_r5_v2,50.0,0.2,0.0,4,central,8.191505281226489,6.8278370756585876,1001
circle_r5_v2,50.0,0.2,0.0,4,cubic_global,14.878005465580502,12.847469945095956,1001
circle_r5_v2,50.0,0.2,0.0,4,smoothing_spline,0.16655133589621515,0.009245910320155573,1001
circle_r5_v2,50.0,0.2,0.0,4,savgol_w5p2,3.157984800946703,2.2251815352688324,1001
circle_r5_v2,50.0,0.2,0.0,4,savgol_w7p3,5.5439661613648,4.39210591474476,1001
circle_r5_v2,50.0,0.2,0.0,4,savgol_w9p3,3.4102094839816943,2.451615300409333,1001
circle_r5_v2,50.0,0.2,0.0,4,savgol_w11p3,2.353592442817441,1.5088303645733838,1001
circle_r5_v2,50.0,0.2,0.0,4,family_a_W3,5.543966161364648,4.392105914744622,1001
circle_r5_v2,50.0,0.2,0.0,4,family_a_W5,2.3535924428173614,1.508830364573303,1001
circle_r5_v2,50.0,0.2,0.0,4,family_a_W7,1.4133279464486541,0.6464243594149706,1001
circle_r5_v2,50.0,0.2,0.0,4,family_a_midspan_W5,2.7969621944555363,2.4568341827708338,1001
circle_r5_v2,50.0,0.2,0.005,0,forward,33.27462742759554,19.976833628820092,1001
circle_r5_v2,50.0,0.2,0.005,0,central,9.16971948430831,7.480258601734282,1001
circle_r5_v2,50.0,0.2,0.005,0,cubic_global,41.839690000411395,23.172475037655612,1001
circle_r5_v2,50.0,0.2,0.005,0,smoothing_spline,0.1675205501510908,0.00835667575155302,1001
circle_r5_v2,50.0,0.2,0.005,0,savgol_w5p2,3.213368562074437,2.3093413068158433,1001
circle_r5_v2,50.0,0.2,0.005,0,savgol_w7p3,5.712683922588617,4.567050516765988,1001
circle_r5_v2,50.0,0.2,0.005,0,savgol_w9p3,3.4695602358590865,2.55781866562802,1001
circle_r5_v2,50.0,0.2,0.005,0,savgol_w11p3,2.4077796320972684,1.5456118429829093,1001
circle_r5_v2,50.0,0.2,0.005,0,family_a_W3,6.078847829039287,4.896079914054644,1001
circle_r5_v2,50.0,0.2,0.005,0,family_a_W5,2.446045031306602,1.6014259457111295,1001
circle_r5_v2,50.0,0.2,0.005,0,family_a_W7,1.467359789349725,0.6266592270488769,1001
circle_r5_v2,50.0,0.2,0.005,0,family_a_midspan_W5,2.873827735242963,2.5485730890308793,1001
circle_r5_v2,50.0,0.2,0.005,1,forward,52.819630787241174,21.72236155390081,1001
circle_r5_v2,50.0,0.2,0.005,1,central,9.127852524699568,7.422257888347084,1001
circle_r5_v2,50.0,0.2,0.005,1,cubic_global,71.77432512694908,27.956699345208644,1001
circle_r5_v2,50.0,0.2,0.005,1,smoothing_spline,0.1669585936786784,0.008521280252235456,1001
circle_r5_v2,50.0,0.2,0.005,1,savgol_w5p2,3.24395206676065,2.3484904314365034,1001
circle_r5_v2,50.0,0.2,0.005,1,savgol_w7p3,5.782320563239369,4.649107912289891,1001
circle_r5_v2,50.0,0.2,0.005,1,savgol_w9p3,3.586545391960539,2.614058399484336,1001
circle_r5_v2,50.0,0.2,0.005,1,savgol_w11p3,2.449829227304007,1.6115339643415854,1001
circle_r5_v2,50.0,0.2,0.005,1,family_a_W3,6.1123978627179145,4.9123983485029115,1001
circle_r5_v2,50.0,0.2,0.005,1,family_a_W5,2.474796362063657,1.6306868297125376,1001
circle_r5_v2,50.0,0.2,0.005,1,family_a_W7,1.4473226456125183,0.6825183545559467,1001
circle_r5_v2,50.0,0.2,0.005,1,family_a_midspan_W5,2.910589280830807,2.555301819445807,1001
circle_r5_v2,50.0,0.2,0.005,2,forward,41.19239288708905,21.060935375438618,1001
circle_r5_v2,50.0,0.2,0.005,2,central,8.67264408592335,7.14483575453343,1001
circle_r5_v2,50.0,0.2,0.005,2,cubic_global,54.272418587652716,26.03362193234014,1001
circle_r5_v2,50.0,0.2,0.005,2,smoothing_spline,0.1671548911374416,0.006525271072973974,1001
circle_r5_v2,50.0,0.2,0.005,2,savgol_w5p2,3.2171790672380083,2.3654227306886475,1001
circle_r5_v2,50.0,0.2,0.005,2,savgol_w7p3,5.737099920111267,4.6543672123501905,1001
circle_r5_v2,50.0,0.2,0.005,2,savgol_w9p3,3.5348314184353007,2.6077473941086002,1001
circle_r5_v2,50.0,0.2,0.005,2,savgol_w11p3,2.4053129735021948,1.53280623951085,1001
circle_r5_v2,50.0,0.2,0.005,2,family_a_W3,6.119698836886216,4.894703386568214,1001
circle_r5_v2,50.0,0.2,0.005,2,family_a_W5,2.4332813900756323,1.5528371137504515,1001
circle_r5_v2,50.0,0.2,0.005,2,family_a_W7,1.3467524334650915,0.5953309623429001,1001
circle_r5_v2,50.0,0.2,0.005,2,family_a_midspan_W5,2.9067172489181567,2.548248913818009,1001
circle_r5_v2,50.0,0.2,0.005,3,forward,93.74118778727951,21.916114554063903,1001
circle_r5_v2,50.0,0.2,0.005,3,central,9.147348997933348,7.5241992013329115,1001
circle_r5_v2,50.0,0.2,0.005,3,cubic_global,132.51242918470834,28.962648203933362,1001
circle_r5_v2,50.0,0.2,0.005,3,smoothing_spline,0.16788647300286277,0.01145140946350613,1001
circle_r5_v2,50.0,0.2,0.005,3,savgol_w5p2,3.281062292486688,2.4147018907004756,1001
circle_r5_v2,50.0,0.2,0.005,3,savgol_w7p3,5.8682854426539,4.7542492105080125,1001
circle_r5_v2,50.0,0.2,0.005,3,savgol_w9p3,3.5885951541891057,2.736046727536669,1001
circle_r5_v2,50.0,0.2,0.005,3,savgol_w11p3,2.4262297549232126,1.613633964254665,1001
circle_r5_v2,50.0,0.2,0.005,3,family_a_W3,6.098113334842139,4.868549163024699,1001
circle_r5_v2,50.0,0.2,0.005,3,family_a_W5,2.404736380968354,1.605780382929155,1001
circle_r5_v2,50.0,0.2,0.005,3,family_a_W7,1.3887085003853414,0.6777205067582582,1001
circle_r5_v2,50.0,0.2,0.005,3,family_a_midspan_W5,2.900562153166419,2.584887929509071,1001
circle_r5_v2,50.0,0.2,0.005,4,forward,45.87556578878814,21.723053343151612,1001
circle_r5_v2,50.0,0.2,0.005,4,central,8.651697911233928,6.988706998841553,1001
circle_r5_v2,50.0,0.2,0.005,4,cubic_global,60.86750241496826,27.78538322122452,1001
circle_r5_v2,50.0,0.2,0.005,4,smoothing_spline,0.1688295314627335,0.012302294146158797,1001
circle_r5_v2,50.0,0.2,0.005,4,savgol_w5p2,3.0529042584773785,2.166478420120098,1001
circle_r5_v2,50.0,0.2,0.005,4,savgol_w7p3,5.46942745402737,4.311903752561761,1001
circle_r5_v2,50.0,0.2,0.005,4,savgol_w9p3,3.303626528609173,2.394193789086721,1001
circle_r5_v2,50.0,0.2,0.005,4,savgol_w11p3,2.2826737548350695,1.4377367808197206,1001
circle_r5_v2,50.0,0.2,0.005,4,family_a_W3,5.84197202782931,4.595393883652048,1001
circle_r5_v2,50.0,0.2,0.005,4,family_a_W5,2.2923996456600944,1.4460044731719541,1001
circle_r5_v2,50.0,0.2,0.005,4,family_a_W7,1.40399006797442,0.6023290444205984,1001
circle_r5_v2,50.0,0.2,0.005,4,family_a_midspan_W5,2.7013363105314503,2.362387091123641,1001
straight_var,2.0,0.0,0.0,0,forward,0.11874999999999956,0.11874999999999955,41
straight_var,2.0,0.0,0.0,0,central,2.9771718234126792e-15,-7.879002110243047e-17,41
straight_var,2.0,0.0,0.0,0,cubic_global,2.4965936779561287e-05,7.162729191130042e-17,41
straight_var,2.0,0.0,0.0,0,smoothing_spline,4.803228142298442e-15,-1.2749657960211476e-15,41
straight_var,2.0,0.0,0.0,0,savgol_w5p2,2.685762806188533e-14,2.199674134596036e-14,41
straight_var,2.0,0.0,0.0,0,savgol_w7p3,1.1715878008431808e-14,9.282897031704534e-15,41
straight_var,2.0,0.0,0.0,0,savgol_w9p3,9.768008949769657e-15,-8.939086030530293e-15,41
straight_var,2.0,0.0,0.0,0,savgol_w11p3,2.435317391536153e-15,1.869472318884941e-15,41
straight_var,2.0,0.0,0.0,0,family_a_W3,1.0532122889989352e-14,-4.247498410340115e-15,41
straight_var,2.0,0.0,0.0,0,family_a_W5,1.1871903305812924e-14,-9.440477073909396e-15,41
straight_var,2.0,0.0,0.0,0,family_a_W7,2.6337305562201642e-14,2.1660093073977247e-14,41
straight_var,2.0,0.0,0.0,0,family_a_midspan_W5,2.4126810951204928e-15,6.159947104371837e-16,41
straight_var,2.0,0.0,0.0,1,forward,0.11874999999999956,0.11874999999999955,41
straight_var,2.0,0.0,0.0,1,central,2.9771718234126792e-15,-7.879002110243047e-17,41
straight_var,2.0,0.0,0.0,1,cubic_global,2.4965936779561287e-05,7.162729191130042e-17,41
straight_var,2.0,0.0,0.0,1,smoothing_spline,4.803228142298442e-15,-1.2749657960211476e-15,41
straight_var,2.0,0.0,0.0,1,savgol_w5p2,2.685762806188533e-14,2.199674134596036e-14,41
straight_var,2.0,0.0,0.0,1,savgol_w7p3,1.1715878008431808e-14,9.282897031704534e-15,41
straight_var,2.0,0.0,0.0,1,savgol_w9p3,9.768008949769657e-15,-8.939086030530293e-15,41
straight_var,2.0,0.0,0.0,1,savgol_w11p3,2.435317391536153e-15,1.869472318884941e-15,41
straight_var,2.0,0.0,0.0,1,family_a_W3,1.0532122889989352e-14,-4.247498410340115e-15,41
straight_var,2.0,0.0,0.0,1,family_a_W5,1.1871903305812924e-14,-9.440477073909396e-15,41
straight_var,2.0,0.0,0.0,1,family_a_W7,2.6337305562201642e-14,2.1660093073977247e-14,41
straight_var,2.0,0.0,0.0,1,family_a_midspan_W5,2.4126810951204928e-15,6.159947104371837e-16,41
straight_var,2.0,0.0,0.0,2,forward,0.11874999999999956,0.11874999999999955,41
straight_var,2.0,0.0,0.0,2,central,2.9771718234126792e-15,-7.879002110243047e-17,41
straight_var,2.0,0.0,0.0,2,cubic_global,2.4965936779561287e-05,7.162729191130042e-17,41
straight_var,2.0,0.0,0.0,2,smoothing_spline,4.803228142298442e-15,-1.2749657960211476e-15,41
straight_var,2.0,0.0,0.0,2,savgol_w5p2,2.685762806188533e-14,2.199674134596036e-14,41
straight_var,2.0,0.0,0.0,2,savgol_w7p3,1.1715878008431808e-14,9.282897031704534e-15,41
straight_var,2.0,0.0,0.0,2,savgol_w9p3,9.768008949769657e-15,-8.939086030530293e-15,41
straight_var,2.0,0.0,0.0,2,savgol_w11p3,2.435317391536153e-15,1.869472318884941e-15,41
straight_var,2.0,0.0,0.0,2,family_a_W3,1.0532122889989352e-14,-4.247498410340115e-15,41
straight_var,2.0,0.0,0.0,2,family_a_W5,1.1871903305812924e-14,-9.440477073909396e-15,41
straight_var,2.0,0.0,0.0,2,family_a_W7,2.6337305562201642e-14,2.1660093073977247e-14,41
straight_var,2.0,0.0,0.0,2,family_a_midspan_W5,2.4126810951204928e-15,6.159947104371837e-16,41
straight_var,2.0,0.0,0.0,3,forward,0.11874999999999956,0.11874999999999955,41
straight_var,2.0,0.0,0.0,3,central,2.9771718234126792e-15,-7.879002110243047e-17,41
straight_var,2.0,0.0,0.0,3,cubic_global,2.4965936779561287e-05,7.162729191130042e-17,41
straight_var,2.0,0.0,0.0,3,smoothing_spline,4.803228142298442e-15,-1.2749657960211476e-15,41
straight_var,2.0,0.0,0.0,3,savgol_w5p2,2.685762806188533e-14,2.199674134596036e-14,41
straight_var,2.0,0.0,0.0,3,savgol_w7p3,1.1715878008431808e-14,9.282897031704534e-15,41
straight_var,2.0,0.0,0.0,3,savgol_w9p3,9.768008949769657e-15,-8.939086030530293e-15,41
straight_var,2.0,0.0,0.0,3,savgol_w11p3,2.435317391536153e-15,1.869472318884941e-15,41
straight_var,2.0,0.0,0.0,3,family_a_W3,1.0532122889989352e-14,-4.247498410340115e-15,41
straight_var,2.0,0.0,0.0,3,family_a_W5,1.1871903305812924e-14,-9.440477073909396e-15,41
straight_var,2.0,0.0,0.0,3,family_a_W7,2.6337305562201642e-14,2.1660093073977247e-14,41
straight_var,2.0,0.0,0.0,3,family_a_midspan_W5,2.4126810951204928e-15,6.159947104371837e-16,41
straight_var,2.0,0.0,0.0,4,forward,0.11874999999999956,0.11874999999999955,41
straight_var,2.0,0.0,0.0,4,central,2.9771718234126792e-15,-7.879002110243047e-17,41
straight_var,2.0,0.0,0.0,4,cubic_global,2.4965936779561287e-05,7.162729191130042e-17,41
straight_var,2.0,0.0,0.0,4,smoothing_spline,4.803228142298442e-15,-1.2749657960211476e-15,41
straight_var,2.0,0.0,0.0,4,savgol_w5p2,2.685762806188533e-14,2.199674134596036e-14,41
straight_var,2.0,0.0,0.0,4,savgol_w7p3,1.1715878008431808e-14,9.282897031704534e-15,41
straight_var,2.0,0.0,0.0,4,savgol_w9p3,9.768008949769657e-15,-8.939086030530293e-15,41
straight_var,2.0,0.0,0.0,4,savgol_w11p3,2.435317391536153e-15,1.869472318884941e-15,41
straight_var,2.0,0.0,0.0,4,family_a_W3,1.0532122889989352e-14,-4.247498410340115e-15,41
straight_var,2.0,0.0,0.0,4,family_a_W5,1.1871903305812924e-14,-9.440477073909396e-15,41
straight_var,2.0,0.0,0.0,4,family_a_W7,2.6337305562201642e-14,2.1660093073977247e-14,41
straight_var,2.0,0.0,0.0,4,family_a_midspan_W5,2.4126810951204928e-15,6.159947104371837e-16,41
straight_var,2.0,0.0,0.005,0,forward,0.11871726674102875,0.11871110272253542,41
straight_var,2.0,0.0,0.005,0,central,0.0020693624737648723,-7.302993787144761e-05,41
straight_var,2.0,0.0,0.005,0,cubic_global,2.484590480617642e-05,-3.802794502233599e-08,41
straight_var,2.0,0.0,0.005,0,smoothing_spline,7.085814702191597e-15,-3.5312254912271106e-15,41
straight_var,2.0,0.0,0.005,0,savgol_w5p2,0.01702606378433876,-0.010963034070454571,41
straight_var,2.0,0.0,0.005,0,savgol_w7p3,0.02331765763472658,-0.01130234628235901,41
straight_var,2.0,0.0,0.005,0,savgol_w9p3,0.017319838093816944,-0.011192617159809943,41
straight_var,2.0,0.0,0.005,0,savgol_w11p3,0.01448171765528485,-0.010421061732601395,41
straight_var,2.0,0.0,0.005,0,family_a_W3,1.9882243513258726e-14,-4.061267451370734e-15,41
straight_var,2.0,0.0,0.005,0,family_a_W5,7.476482668645181e-15,-1.8336586729292908e-15,41
straight_var,2.0,0.0,0.005,0,family_a_W7,9.126424502865335e-15,1.0600839202872463e-15,41
straight_var,2.0,0.0,0.005,0,family_a_midspan_W5,0.00239546441532125,-3.630756716622683e-05,41
straight_var,2.0,0.0,0.005,1,forward,0.118723008506438,0.11871321121383675,41
straight_var,2.0,0.0,0.005,1,central,0.0024532799044346206,-2.750742045425573e-05,41
straight_var,2.0,0.0,0.005,1,cubic_global,2.4855290053207884e-05,3.4093482517436672e-09,41
straight_var,2.0,0.0,0.005,1,smoothing_spline,2.7039373849361275e-15,-5.658556060992733e-16,41
straight_var,2.0,0.0,0.005,1,savgol_w5p2,0.025143285730092457,0.0069289321850535945,41
straight_var,2.0,0.0,0.005,1,savgol_w7p3,0.03975826312773393,0.006466753972551765,41
straight_var,2.0,0.0,0.005,1,savgol_w9p3,0.026283907212134004,0.007243310967627945,41
straight_var,2.0,0.0,0.005,1,savgol_w11p3,0.018351197835301286,0.007918855705079374,41
straight_var,2.0,0.0,0.005,1,family_a_W3,1.7337101552268955e-14,-1.847984131311551e-15,41
straight_var,2.0,0.0,0.005,1,family_a_W5,7.87857233477011e-15,1.360918546314708e-15,41
straight_var,2.0,0.0,0.005,1,family_a_W7,8.545018846915815e-15,-4.0111283470328235e-16,41
straight_var,2.0,0.0,0.005,1,family_a_midspan_W5,0.002910087444884502,-0.00019250038690896053,41
straight_var,2.0,0.0,0.005,2,forward,0.11870832917646804,0.11869966814309436,41
straight_var,2.0,0.0,0.005,2,central,0.0023966088147434074,7.728053400596526e-06,41
straight_var,2.0,0.0,0.005,2,cubic_global,2.488226400322269e-05,4.303696878441458e-08,41
straight_var,2.0,0.0,0.005,2,smoothing_spline,5.04845393256263e-15,1.5543122344752192e-15,41
straight_var,2.0,0.0,0.005,2,savgol_w5p2,0.02099634390305484,0.0032079574330104678,41
straight_var,2.0,0.0,0.005,2,savgol_w7p3,0.03432123588013402,0.003158577246014681,41
straight_var,2.0,0.0,0.005,2,savgol_w9p3,0.022975238852018402,0.0030390277774646505,41
straight_var,2.0,0.0,0.005,2,savgol_w11p3,0.016160287964439708,0.0029665461993392513,41
straight_var,2.0,0.0,0.005,2,family_a_W3,5.1104939880396796e-14,1.1976083207569431e-14,41
straight_var,2.0,0.0,0.005,2,family_a_W5,5.5697070846447216e-15,6.518083563928339e-16,41
straight_var,2.0,0.0,0.005,2,family_a_W7,9.683299924917497e-15,-1.7620313810179904e-15,41
straight_var,2.0,0.0,0.005,2,family_a_midspan_W5,0.0027938085455814147,-0.00021997446158842252,41
straight_var,2.0,0.0,0.005,3,forward,0.1186634467782118,0.1186499218997359,41
straight_var,2.0,0.0,0.005,3,central,0.0029190321235362097,-0.00014308680851397995,41
straight_var,2.0,0.0,0.005,3,cubic_global,2.473889030938254e-05,1.104929812806478e-07,41
straight_var,2.0,0.0,0.005,3,smoothing_spline,1.8658737691593947e-15,2.6502098007181157e-16,41
straight_var,2.0,0.0,0.005,3,savgol_w5p2,0.01859262754428367,-0.00370276234859108,41
straight_var,2.0,0.0,0.005,3,savgol_w7p3,0.029471482225602086,-0.004341055836763378,41
straight_var,2.0,0.0,0.005,3,savgol_w9p3,0.01841228985401511,-0.0036939634466105807,41
straight_var,2.0,0.0,0.005,3,savgol_w11p3,0.0147310615038281,-0.003408214023033481,41
straight_var,2.0,0.0,0.005,3,family_a_W3,2.7798919260472456e-14,1.511335859328439e-15,41
straight_var,2.0,0.0,0.005,3,family_a_W5,7.461896681031702e-15,-1.9554250691785016e-15,41
straight_var,2.0,0.0,0.005,3,family_a_W7,7.416572877013874e-15,5.945065228637935e-16,41
straight_var,2.0,0.0,0.005,3,family_a_midspan_W5,0.0027438349648352626,-0.0002757605173331847,41
straight_var,2.0,0.0,0.005,4,forward,0.11880641480814362,0.11878694228696356,41
straight_var,2.0,0.0,0.005,4,central,0.004084898538535013,-6.450292924695033e-05,41
straight_var,2.0,0.0,0.005,4,cubic_global,2.5026089539246708e-05,4.1509899589304985e-08,41
straight_var,2.0,0.0,0.005,4,smoothing_spline,1.85175598422522e-15,-3.581364595565021e-16,41
straight_var,2.0,0.0,0.005,4,savgol_w5p2,0.01719067900769742,-0.002868138605036523,41
straight_var,2.0,0.0,0.005,4,savgol_w7p3,0.025827113532846575,-0.002082410084721918,41
straight_var,2.0,0.0,0.005,4,savgol_w9p3,0.017109038433165975,-0.0025761103398599205,41
straight_var,2.0,0.0,0.005,4,savgol_w11p3,0.01414925371825389,-0.0033413605230147993,41
straight_var,2.0,0.0,0.005,4,family_a_W3,2.6128746623356868e-14,2.019889631898672e-15,41
straight_var,2.0,0.0,0.005,4,family_a_W5,1.0075146922688612e-14,9.454802532291655e-16,41
straight_var,2.0,0.0,0.005,4,family_a_W7,6.3149685108771735e-15,-1.4038949214614882e-15,41
straight_var,2.0,0.0,0.005,4,family_a_midspan_W5,0.003327768983793225,4.5304281553216714e-05,41
straight_var,2.0,0.01,0.0,0,forward,0.11992390118130004,0.1181767247896358,41
straight_var,2.0,0.01,0.0,0,central,0.010513445958406116,-1.2548367474526834e-05,41
straight_var,2.0,0.01,0.0,0,cubic_global,0.01664043602078384,0.00013641049700132977,41
straight_var,2.0,0.01,0.0,0,smoothing_spline,0.0008179968546523141,-6.685078097685847e-05,41
straight_var,2.0,0.01,0.0,0,savgol_w5p2,0.005154868588554919,-0.00018787940581587565,41
straight_var,2.0,0.01,0.0,0,savgol_w7p3,0.008178594262668643,-0.00015341203096162724,41
straight_var,2.0,0.01,0.0,0,savgol_w9p3,0.005051113737848034,-0.00030463799455819753,41
straight_var,2.0,0.01,0.0,0,savgol_w11p3,0.004179438316079543,-0.00019370006705433614,41
straight_var,2.0,0.01,0.0,0,family_a_W3,0.008178594262668077,-0.00015341203097646127,41
straight_var,2.0,0.01,0.0,0,family_a_W5,0.004179438316078814,-0.0001937000670659899,41
straight_var,2.0,0.01,0.0,0,family_a_W7,0.0035261118652763503,-4.207568614865744e-05,41
straight_var,2.0,0.01,0.0,0,family_a_midspan_W5,0.0022631287508299218,4.443592213322678e-05,41
straight_var,2.0,0.01,0.0,1,forward,0.1209515845975262,0.11819065922491627,41
straight_var,2.0,0.01,0.0,1,central,0.01502906566121017,-0.00037379524328199964,41
straight_var,2.0,0.01,0.0,1,cubic_global,0.024021534104087937,-0.0004996687765586039,41
straight_var,2.0,0.01,0.0,1,smoothing_spline,0.0009789937040278825,0.00010291249637358361,41
straight_var,2.0,0.01,0.0,1,savgol_w5p2,0.006945760799032958,-0.00012287168866741092,41
straight_var,2.0,0.01,0.0,1,savgol_w7p3,0.01133377384256742,-0.0002876275407984705,41
straight_var,2.0,0.01,0.0,1,savgol_w9p3,0.007558781158846758,-2.2368783326781783e-05,41
straight_var,2.0,0.01,0.0,1,savgol_w11p3,0.004856507458058289,0.00010796420769509212,41
straight_var,2.0,0.01,0.0,1,family_a_W3,0.011333773842567783,-0.00028762754081137056,41
straight_var,2.0,0.01,0.0,1,family_a_W5,0.004856507458057258,0.00010796420768426925,41
straight_var,2.0,0.01,0.0,1,family_a_W7,0.0030607397915503056,2.8711161713112695e-05,41
straight_var,2.0,0.01,0.0,1,family_a_midspan_W5,0.003061037705624739,-0.0001952285136428064,41
straight_var,2.0,0.01,0.0,2,forward,0.12048173494007625,0.1180388090654973,41
straight_var,2.0,0.01,0.0,2,central,0.013332213337277153,-0.0008815437386251027,41
straight_var,2.0,0.01,0.0,2,cubic_global,0.02159414997690768,-0.0015140576688976368,41
straight_var,2.0,0.01,0.0,2,smoothing_spline,0.0004483228199846186,5.9760714756071634e-05,41
straight_var,2.0,0.01,0.0,2,savgol_w5p2,0.006346670905586771,-4.684915014654687e-05,41
straight_var,2.0,0.01,0.0,2,savgol_w7p3,0.010386295229417255,-0.0002474632868124839,41
straight_var,2.0,0.01,0.0,2,savgol_w9p3,0.006809635567498653,-0.00011608169898832507,41
straight_var,2.0,0.01,0.0,2,savgol_w11p3,0.0045305267190658425,-4.911474839366309e-05,41
straight_var,2.0,0.01,0.0,2,family_a_W3,0.010386295229418608,-0.00024746328682372223,41
straight_var,2.0,0.01,0.0,2,family_a_W5,0.004530526719066282,-4.9114748405159275e-05,41
straight_var,2.0,0.01,0.0,2,family_a_W7,0.002968573769548282,5.500442704872262e-05,41
straight_var,2.0,0.01,0.0,2,family_a_midspan_W5,0.002231439243299759,0.000146871909411145,41
straight_var,2.0,0.01,0.0,3,forward,0.12099107247743979,0.1171707366835293,41
straight_var,2.0,0.01,0.0,3,central,0.015183328272383764,-0.00045741501671395685,41
straight_var,2.0,0.01,0.0,3,cubic_global,0.0251040674565365,-0.000986076345008261,41
straight_var,2.0,0.01,0.0,3,smoothing_spline,0.0010702235543221161,0.0001118389991000521,41
straight_var,2.0,0.01,0.0,3,savgol_w5p2,0.007038417619363687,0.0001920199747266885,41
straight_var,2.0,0.01,0.0,3,savgol_w7p3,0.011307377764073393,7.409097153424172e-05,41
straight_var,2.0,0.01,0.0,3,savgol_w9p3,0.007765234756317036,6.038228173724684e-05,41
straight_var,2.0,0.01,0.0,3,savgol_w11p3,0.005445862469321043,0.00039466182237946426,41
straight_var,2.0,0.01,0.0,3,family_a_W3,0.011307377764076363,7.409097152064685e-05,41
straight_var,2.0,0.01,0.0,3,family_a_W5,0.0054458624693212426,0.0003946618223687775,41
straight_var,2.0,0.01,0.0,3,family_a_W7,0.0032777828724339826,0.0003778459035360778,41
straight_var,2.0,0.01,0.0,3,family_a_midspan_W5,0.002822902947253688,8.018759840778429e-06,41
straight_var,2.0,0.01,0.0,4,forward,0.12484246020608018,0.11947969288120282,41
straight_var,2.0,0.01,0.0,4,central,0.012115425975101143,0.0011863393566649148,41
straight_var,2.0,0.01,0.0,4,cubic_global,0.02280699118977936,0.0015962625836140017,41
straight_var,2.0,0.01,0.0,4,smoothing_spline,0.0008458851941319295,0.00012745751670678774,41
straight_var,2.0,0.01,0.0,4,savgol_w5p2,0.005717480247547481,0.0005949778199564648,41
straight_var,2.0,0.01,0.0,4,savgol_w7p3,0.009063161968180808,0.0009556084070732338,41
straight_var,2.0,0.01,0.0,4,savgol_w9p3,0.0060751782273800155,0.0005725244103359184,41
straight_var,2.0,0.01,0.0,4,savgol_w11p3,0.004762507529169137,0.0003354548099819223,41
straight_var,2.0,0.01,0.0,4,family_a_W3,0.009063161968176497,0.0009556084070585073,41
straight_var,2.0,0.01,0.0,4,family_a_W5,0.004762507529166348,0.0003354548099699892,41
straight_var,2.0,0.01,0.0,4,family_a_W7,0.002949996332132658,0.00032779435867511246,41
straight_var,2.0,0.01,0.0,4,family_a_midspan_W5,0.0025178095727920423,0.0001230543150044174,41
straight_var,2.0,0.01,0.005,0,forward,0.12224412882047261,0.1184571214746645,41
straight_var,2.0,0.01,0.005,0,central,0.015251145649799357,-0.0003329229566809449,41
straight_var,2.0,0.01,0.005,0,cubic_global,0.025094322398847846,5.423745726964508e-05,41
straight_var,2.0,0.01,0.005,0,smoothing_spline,0.001343474627287938,-0.0004530335797272291,41
straight_var,2.0,0.01,0.005,0,savgol_w5p2,0.01872404177521235,-0.01157790106723539,41
straight_var,2.0,0.01,0.005,0,savgol_w7p3,0.025468730164620722,-0.011993458472402343,41
straight_var,2.0,0.01,0.005,0,savgol_w9p3,0.01902927746227322,-0.011656137144993924,41
straight_var,2.0,0.01,0.005,0,savgol_w11p3,0.01628210728489564,-0.010873266077847514,41
straight_var,2.0,0.01,0.005,0,family_a_W3,0.011619787797275998,-0.0006944381584554259,41
straight_var,2.0,0.01,0.005,0,family_a_W5,0.00540985293204413,-0.00045152644081087305,41
straight_var,2.0,0.01,0.005,0,family_a_W7,0.0029097590553504088,-0.0004934146441803437,41
straight_var,2.0,0.01,0.005,0,family_a_midspan_W5,0.0036655108621953866,-0.0005265533262840369,41
straight_var,2.0,0.01,0.005,1,forward,0.12017001220742034,0.11771736042743258,41
straight_var,2.0,0.01,0.005,1,central,0.012710634081361184,-0.0006610657575121606,41
straight_var,2.0,0.01,0.005,1,cubic_global,0.02061023708055491,-0.0010449976751660817,41
straight_var,2.0,0.01,0.005,1,smoothing_spline,0.0005739134694639974,-0.00011059799582792094,41
straight_var,2.0,0.01,0.005,1,savgol_w5p2,0.025785492637986056,0.006731720431085376,41
straight_var,2.0,0.01,0.005,1,savgol_w7p3,0.04153033284179071,0.006108255578546157,41
straight_var,2.0,0.01,0.005,1,savgol_w9p3,0.027283223458216654,0.007006909013099448,41
straight_var,2.0,0.01,0.005,1,savgol_w11p3,0.018583292987625004,0.007793958893579703,41
straight_var,2.0,0.01,0.005,1,family_a_W3,0.007808295296411629,-0.0003532575816282681,41
straight_var,2.0,0.01,0.005,1,family_a_W5,0.002572565143902495,-0.00012718319581223584,41
straight_var,2.0,0.01,0.005,1,family_a_W7,0.0016840894875054034,-0.0001724280015153367,41
straight_var,2.0,0.01,0.005,1,family_a_midspan_W5,0.0033875307240616454,-0.00015583425652629647,41
straight_var,2.0,0.01,0.005,2,forward,0.12422234484831429,0.12029232287493763,41
straight_var,2.0,0.01,0.005,2,central,0.01623772113207773,0.00011859089437400224,41
straight_var,2.0,0.01,0.005,2,cubic_global,0.026767684301707565,0.0007159811076986671,41
straight_var,2.0,0.01,0.005,2,smoothing_spline,0.0018766476735581619,0.00037219591439748234,41
straight_var,2.0,0.01,0.005,2,savgol_w5p2,0.018342023091828804,0.003025393994009602,41
straight_var,2.0,0.01,0.005,2,savgol_w7p3,0.029932684423225536,0.00282654796456758,41
straight_var,2.0,0.01,0.005,2,savgol_w9p3,0.020505695381512826,0.002956550854663133,41
straight_var,2.0,0.01,0.005,2,savgol_w11p3,0.014056639220344955,0.003157368965686861,41
straight_var,2.0,0.01,0.005,2,family_a_W3,0.01117349893746666,-0.00034614028890523143,41
straight_var,2.0,0.01,0.005,2,family_a_W5,0.005984480883140999,0.00018456172671135125,41
straight_var,2.0,0.01,0.005,2,family_a_W7,0.002771301685276214,0.00014793674059329184,41
straight_var,2.0,0.01,0.005,2,family_a_midspan_W5,0.0039147499637953226,-0.0003327268096637429,41
straight_var,2.0,0.01,0.005,3,forward,0.12266138323054766,0.117755714510196,41
straight_var,2.0,0.01,0.005,3,central,0.015962147333625838,-0.00011682592740077048,41
straight_var,2.0,0.01,0.005,3,cubic_global,0.02671788036052862,0.00020603943265754077,41
straight_var,2.0,0.01,0.005,3,smoothing_spline,0.001014750572235725,-0.00026496304065238446,41
straight_var,2.0,0.01,0.005,3,savgol_w5p2,0.018143698633525874,-0.003974766882721677,41
straight_var,2.0,0.01,0.005,3,savgol_w7p3,0.030399225399347404,-0.0045432192961497265,41
straight_var,2.0,0.01,0.005,3,savgol_w9p3,0.018442297676802784,-0.003985275393521347,41
straight_var,2.0,0.01,0.005,3,savgol_w11p3,0.01590324690697069,-0.0037839866867947114,41
straight_var,2.0,0.01,0.005,3,family_a_W3,0.009635443710610776,-0.00020840767056552073,41
straight_var,2.0,0.01,0.005,3,family_a_W5,0.003541156256472353,-0.00037053019696028114,41
straight_var,2.0,0.01,0.005,3,family_a_W7,0.0018934209437312666,-0.00037885175749620816,41
straight_var,2.0,0.01,0.005,3,family_a_midspan_W5,0.0039922276299136725,-0.00034497921666137675,41
straight_var,2.0,0.01,0.005,4,forward,0.12310275035283423,0.11909429528346557,41
straight_var,2.0,0.01,0.005,4,central,0.014168709520365166,-9.255529063311927e-05,41
straight_var,2.0,0.01,0.005,4,cubic_global,0.02674993724534716,0.00021565546801133496,41
straight_var,2.0,0.01,0.005,4,smoothing_spline,0.000989081490058423,-0.0001442549055318516,41
straight_var,2.0,0.01,0.005,4,savgol_w5p2,0.016316001098044416,-0.0028747074538430775,41
straight_var,2.0,0.01,0.005,4,savgol_w7p3,0.023723006081923396,-0.0018994585653471015,41
straight_var,2.0,0.01,0.005,4,savgol_w9p3,0.01660067444201906,-0.002793297725530103,41
straight_var,2.0,0.01,0.005,4,savgol_w11p3,0.01415494723864237,-0.003518204171391467,41
straight_var,2.0,0.01,0.005,4,family_a_W3,0.007488958106029552,0.0001495170545899298,41
straight_var,2.0,0.01,0.005,4,family_a_W5,0.004088159024862543,-0.0001727761289710954,41
straight_var,2.0,0.01,0.005,4,family_a_W7,0.0031403109044965483,-0.0002630229272990868,41
straight_var,2.0,0.01,0.005,4,family_a_midspan_W5,0.004088123135036765,-0.00016875001553410513,41
straight_var,2.0,0.05,0.0,0,forward,0.15585035809208203,0.1175107452010795,41
straight_var,2.0,0.05,0.0,0,central,0.05257847617394338,0.00048624224095426426,41
straight_var,2.0,0.05,0.0,0,cubic_global,0.08306554972207703,0.0019872833213643018,41
straight_var,2.0,0.05,0.0,0,smoothing_spline,0.004080798430530096,-0.00032741420303333645,41
straight_var,2.0,0.05,0.0,0,savgol_w5p2,0.02572057078576906,-0.0007985831133198854,41
straight_var,2.0,0.05,0.0,0,savgol_w7p3,0.04089869024564795,-0.00042537446057644424,41
straight_var,2.0,0.05,0.0,0,savgol_w9p3,0.025173698789095738,-0.0013414917216205977,41
straight_var,2.0,0.05,0.0,0,savgol_w11p3,0.0208248190484235,-0.00088252390300934,41
straight_var,2.0,0.05,0.0,0,family_a_W3,0.0408986902456468,-0.0004253744605901967,41
straight_var,2.0,0.05,0.0,0,family_a_W5,0.020824819048422864,-0.000882523903021309,41
straight_var,2.0,0.05,0.0,0,family_a_W7,0.017609183557966198,-0.00018865603620383235,41
straight_var,2.0,0.05,0.0,0,family_a_midspan_W5,0.011215823078515309,0.00044215982194943437,41
straight_var,2.0,0.05,0.0,1,forward,0.17397966638890566,0.11715384438098755,41
straight_var,2.0,0.05,0.0,1,central,0.07515790682172982,-0.001585870725565654,41
straight_var,2.0,0.05,0.0,1,cubic_global,0.12012399108820779,-0.0016758747228941676,41
straight_var,2.0,0.05,0.0,1,smoothing_spline,0.004894565392872386,0.0005156126377019669,41
straight_var,2.0,0.05,0.0,1,savgol_w5p2,0.0347149744170566,-0.00058068611073865,41
straight_var,2.0,0.05,0.0,1,savgol_w7p3,0.05665039102442656,-0.0013173936523270275,41
straight_var,2.0,0.05,0.0,1,savgol_w9p3,0.037779818141216524,-7.782989266838961e-05,41
straight_var,2.0,0.05,0.0,1,savgol_w11p3,0.024282996247427396,0.0005558653841464328,41
straight_var,2.0,0.05,0.0,1,family_a_W3,0.056650391024427704,-0.0013173936523368118,41
straight_var,2.0,0.05,0.0,1,family_a_W5,0.02428299624742665,0.0005558653841358176,41
straight_var,2.0,0.05,0.0,1,family_a_W7,0.015303992086859737,0.0001501344756945597,41
straight_var,2.0,0.05,0.0,1,family_a_midspan_W5,0.015292255502607705,-0.0009325120175928662,41
straight_var,2.0,0.05,0.0,2,forward,0.168542668260482,0.11791427170244542,41
straight_var,2.0,0.05,0.0,2,central,0.06639327917736249,-0.003778047054918981,41
straight_var,2.0,0.05,0.0,2,cubic_global,0.1072436192570548,-0.005689036538562561,41
straight_var,2.0,0.05,0.0,2,smoothing_spline,0.002243983663081814,0.00030736542052101795,41
straight_var,2.0,0.05,0.0,2,savgol_w5p2,0.031698175996290386,-0.00014276456889720485,41
straight_var,2.0,0.05,0.0,2,savgol_w7p3,0.05184084882557256,-0.0009891338116727742,41
straight_var,2.0,0.05,0.0,2,savgol_w9p3,0.034012527228072215,-0.00047211113276890784,41
straight_var,2.0,0.05,0.0,2,savgol_w11p3,0.02267278929482702,-0.00017016107787339434,41
straight_var,2.0,0.05,0.0,2,family_a_W3,0.051840848825570836,-0.0009891338116845712,41
straight_var,2.0,0.05,0.0,2,family_a_W5,0.02267278929482853,-0.000170161077885528,41
straight_var,2.0,0.05,0.0,2,family_a_W7,0.014845088199605035,0.00029216737641354814,41
straight_var,2.0,0.05,0.0,2,family_a_midspan_W5,0.011163825099117815,0.0009460428108534703,41
straight_var,2.0,0.05,0.0,3,forward,0.1882501175129123,0.1129849068243325,41
straight_var,2.0,0.05,0.0,3,central,0.07597533113166556,-0.0018245106385375522,41
straight_var,2.0,0.05,0.0,3,cubic_global,0.12580596324299667,-0.0034509204019062636,41
straight_var,2.0,0.05,0.0,3,smoothing_spline,0.005354042228533164,0.0005622552635159965,41
straight_var,2.0,0.05,0.0,3,savgol_w5p2,0.035223406279829894,0.0010171696240686503,41
straight_var,2.0,0.05,0.0,3,savgol_w7p3,0.05656706026007398,0.0005450602995321093,41
straight_var,2.0,0.05,0.0,3,savgol_w9p3,0.03884690262158753,0.00037427138874488526,41
straight_var,2.0,0.05,0.0,3,savgol_w11p3,0.027250321698580413,0.0020099643085299294,41
straight_var,2.0,0.05,0.0,3,family_a_W3,0.05656706026007515,0.0005450602995195458,41
straight_var,2.0,0.05,0.0,3,family_a_W5,0.027250321698580594,0.002009964308518985,41
straight_var,2.0,0.05,0.0,3,family_a_W7,0.016387140553631677,0.0018985888000136542,41
straight_var,2.0,0.05,0.0,3,family_a_midspan_W5,0.014143011484333308,0.0001706955189298868,41
straight_var,2.0,0.05,0.0,4,forward,0.21913196474743335,0.12457830936354265,41
straight_var,2.0,0.05,0.0,4,central,0.06065407493807048,0.006349807361574143,41
straight_var,2.0,0.05,0.0,4,cubic_global,0.1144209241948446,0.009445666217722793,41
straight_var,2.0,0.05,0.0,4,smoothing_spline,0.004230743682915315,0.0006389436097108439,41
straight_var,2.0,0.05,0.0,4,savgol_w5p2,0.028603250708824943,0.0030493861220290603,41
straight_var,2.0,0.05,0.0,4,savgol_w7p3,0.04537405945211193,0.004933577319551753,41
straight_var,2.0,0.05,0.0,4,savgol_w9p3,0.030372777928385147,0.0029395585817795296,41
straight_var,2.0,0.05,0.0,4,savgol_w11p3,0.02380009040523719,0.001719572252625212,41
straight_var,2.0,0.05,0.0,4,family_a_W3,0.045374059452106985,0.004933577319538201,41
straight_var,2.0,0.05,0.0,4,family_a_W5,0.0238000904052353,0.0017195722526125409,41
straight_var,2.0,0.05,0.0,4,family_a_W7,0.014750048285542479,0.0016587032488556742,41
straight_var,2.0,0.05,0.0,4,family_a_midspan_W5,0.012610291403507824,0.0007183581674120337,41
straight_var,2.0,0.05,0.005,0,forward,0.19184037763093892,0.119695308254686,41
straight_var,2.0,0.05,0.005,0,central,0.0779349632580647,-0.0010217932404516213,41
straight_var,2.0,0.05,0.005,0,cubic_global,0.12569233554419554,0.0013497415665837684,41
straight_var,2.0,0.05,0.005,0,smoothing_spline,0.006713629945950054,-0.0022585854172299186,41
straight_var,2.0,0.05,0.005,0,savgol_w5p2,0.040078529536731154,-0.013968041791610247,41
straight_var,2.0,0.05,0.005,0,savgol_w7p3,0.06110287195706222,-0.014563047435772834,41
straight_var,2.0,0.05,0.005,0,savgol_w9p3,0.04356620337292015,-0.013440543988860592,41
straight_var,2.0,0.05,0.005,0,savgol_w11p3,0.03269952199320262,-0.012648509212353703,41
straight_var,2.0,0.05,0.005,0,family_a_W3,0.058059305973730914,-0.0032774845603933686,41
straight_var,2.0,0.05,0.005,0,family_a_W5,0.027054229915020867,-0.0022238627755370353,41
straight_var,2.0,0.05,0.005,0,family_a_W7,0.014545569602621993,-0.0024533064780798562,41
straight_var,2.0,0.05,0.005,0,family_a_midspan_W5,0.015440938754495565,-0.0023858184276896294,41
straight_var,2.0,0.05,0.005,1,forward,0.16542940241640425,0.11514859851242695,41
straight_var,2.0,0.05,0.005,1,central,0.06083100075523333,-0.002884228102809144,41
straight_var,2.0,0.05,0.005,1,cubic_global,0.10308434098567959,-0.0042271764375277805,41
straight_var,2.0,0.05,0.005,1,smoothing_spline,0.0028684708178043756,-0.0005497698603577753,41
straight_var,2.0,0.05,0.005,1,savgol_w5p2,0.033766166561907195,0.005995801461344095,41
straight_var,2.0,0.05,0.005,1,savgol_w7p3,0.05932141691970791,0.0048163253265080365,41
straight_var,2.0,0.05,0.005,1,savgol_w9p3,0.03593587317121839,0.006120325108267594,41
straight_var,2.0,0.05,0.005,1,savgol_w11p3,0.022628434194879834,0.007326875542897145,41
straight_var,2.0,0.05,0.005,1,family_a_W3,0.039072807045089,-0.0016244181144495415,41
straight_var,2.0,0.05,0.005,1,family_a_W5,0.012851267393568292,-0.0006033210669501469,41
straight_var,2.0,0.05,0.005,1,family_a_W7,0.008410987806445573,-0.0008455816340605481,41
straight_var,2.0,0.05,0.005,1,family_a_midspan_W5,0.009089910948376132,9.240441091991571e-05,41
straight_var,2.0,0.05,0.005,2,forward,0.20383664912263313,0.12866140658819095,41
straight_var,2.0,0.05,0.005,2,central,0.0812427727790047,0.0008729252176211176,41
straight_var,2.0,0.05,0.005,2,cubic_global,0.1335361053180103,0.00471887625366418,41
straight_var,2.0,0.05,0.005,2,smoothing_spline,0.009383751760203422,0.0018628997291801788,41
straight_var,2.0,0.05,0.005,2,savgol_w5p2,0.02921841849220348,0.002361422853687012,41
straight_var,2.0,0.05,0.005,2,savgol_w7p3,0.04739445279212822,0.0016189069670273066,41
straight_var,2.0,0.05,0.005,2,savgol_w9p3,0.03374168281495593,0.0027154552082020588,41
straight_var,2.0,0.05,0.005,2,savgol_w11p3,0.02576263050733914,0.003977703237936634,41
straight_var,2.0,0.05,0.005,2,family_a_W3,0.055853862776673854,-0.0016100458483139664,41
straight_var,2.0,0.05,0.005,2,family_a_W5,0.02993796896045881,0.0009794117381014544,41
straight_var,2.0,0.05,0.005,2,family_a_W7,0.013850041575745759,0.0007681038217302325,41
straight_var,2.0,0.05,0.005,2,family_a_midspan_W5,0.015292417655225111,-0.0006599385413311338,41
straight_var,2.0,0.05,0.005,3,forward,0.20607765770912692,0.11628311300064766,41
straight_var,2.0,0.05,0.005,3,central,0.07557924663858973,0.000534719662244749,41
straight_var,2.0,0.05,0.005,3,cubic_global,0.13382595080608992,0.0023050094755047265,41
straight_var,2.0,0.05,0.005,3,smoothing_spline,0.005071629768803006,-0.001319811622349735,41
straight_var,2.0,0.05,0.005,3,savgol_w5p2,0.02828015414435506,-0.004964792063235813,41
straight_var,2.0,0.05,0.005,3,savgol_w7p3,0.05472637866794292,-0.005048452339176422,41
straight_var,2.0,0.05,0.005,3,savgol_w9p3,0.030314122923697263,-0.005045665842878384,41
straight_var,2.0,0.05,0.005,3,savgol_w11p3,0.025468077812094023,-0.005230093305346041,41
straight_var,2.0,0.05,0.005,3,family_a_W3,0.048159596533121164,-0.0007392988313204724,41
straight_var,2.0,0.05,0.005,3,family_a_W5,0.017707089204966407,-0.001795833971210826,41
straight_var,2.0,0.05,0.005,3,family_a_W7,0.009468120332961292,-0.0018751038163298476,41
straight_var,2.0,0.05,0.005,3,family_a_midspan_W5,0.014036664613901356,-0.000471160574071261,41
straight_var,2.0,0.05,0.005,4,forward,0.2002084117517701,0.12128475688332599,41
straight_var,2.0,0.05,0.005,4,central,0.0684052111838211,-1.5212235921043565e-05,41
straight_var,2.0,0.05,0.005,4,cubic_global,0.13392847284140233,0.0016531860193752846,41
straight_var,2.0,0.05,0.005,4,smoothing_spline,0.004950205424113044,-0.0007141399899654436,41
straight_var,2.0,0.05,0.005,4,savgol_w5p2,0.026439532619946002,-0.0028244314707269484,41
straight_var,2.0,0.05,0.005,4,savgol_w7p3,0.035884835345239514,-0.0010123589220638535,41
straight_var,2.0,0.05,0.005,4,savgol_w9p3,0.02871294576231014,-0.0035883803560267354,41
straight_var,2.0,0.05,0.005,4,savgol_w11p3,0.02319445861389735,-0.004169482855489252,41
straight_var,2.0,0.05,0.005,4,family_a_W3,0.037565241547772694,0.0009024259214752516,41
straight_var,2.0,0.05,0.005,4,family_a_W5,0.020444634099294062,-0.000808158240755888,41
straight_var,2.0,0.05,0.005,4,family_a_W7,0.015707442879660305,-0.001282958340630607,41
straight_var,2.0,0.05,0.005,4,family_a_midspan_W5,0.011258475935403325,-0.0008932843374782403,41
straight_var,2.0,0.2,0.0,0,forward,0.43586476732441726,0.13779609325633135,41
straight_var,2.0,0.2,0.0,0,central,0.2101189468744755,0.010087001997250423,41
straight_var,2.0,0.2,0.0,0,cubic_global,0.32917253262131113,0.027536448401780687,41
straight_var,2.0,0.2,0.0,0,smoothing_spline,0.016184183665692672,-0.0012060107105017373,41
straight_var,2.0,0.2,0.0,0,savgol_w5p2,0.10198992456144765,-0.0010483454513274028,41
straight_var,2.0,0.2,0.0,0,savgol_w7p3,0.1632600823093078,0.003430179953902519,41
straight_var,2.0,0.2,0.0,0,savgol_w9p3,0.09945373424198226,-0.002595813695566234,41
straight_var,2.0,0.2,0.0,0,savgol_w11p3,0.08217702497836366,-0.0022063349555300955,41
straight_var,2.0,0.2,0.0,0,family_a_W3,0.16326008230930467,0.0034301799538896333,41
straight_var,2.0,0.2,0.0,0,family_a_W5,0.082177024978363,-0.0022063349555427308,41
straight_var,2.0,0.2,0.0,0,family_a_W7,0.07010742291654153,-0.00042086459290969016,41
straight_var,2.0,0.2,0.0,0,family_a_midspan_W5,0.0437812312608078,0.005003952927376668,41
straight_var,2.0,0.2,0.0,1,forward,0.5321876536128122,0.130160510372265,41
straight_var,2.0,0.2,0.0,1,central,0.3007735799176746,-0.0021025774084354786,41
straight_var,2.0,0.2,0.0,1,cubic_global,0.48075424419056273,0.005708597743396059,41
straight_var,2.0,0.2,0.0,1,smoothing_spline,0.019572208354839245,0.0020782404631939115,41
straight_var,2.0,0.2,0.0,1,savgol_w5p2,0.13864352026778684,-0.0018127840383831454,41
straight_var,2.0,0.2,0.0,1,savgol_w7p3,0.2262749014891442,-0.0034497503260744046,41
straight_var,2.0,0.2,0.0,1,savgol_w9p3,0.1508940203418962,0.00020063868723233405,41
straight_var,2.0,0.2,0.0,1,savgol_w11p3,0.09713785843063456,0.0024631149907151113,41
straight_var,2.0,0.2,0.0,1,family_a_W3,0.2262749014891442,-0.0034497503260897257,41
straight_var,2.0,0.2,0.0,1,family_a_W5,0.09713785843063337,0.0024631149907033646,41
straight_var,2.0,0.2,0.0,1,family_a_W7,0.06121970927093373,0.0006987556104697221,41
straight_var,2.0,0.2,0.0,1,family_a_midspan_W5,0.06096769671174473,-0.0030672480908751436,41
straight_var,2.0,0.2,0.0,2,forward,0.49940920486229523,0.15557629937388298,41
straight_var,2.0,0.2,0.0,2,central,0.26159053296881957,-0.005394191798652164,41
straight_var,2.0,0.2,0.0,2,cubic_global,0.4190428422261671,0.007008021394676664,41
straight_var,2.0,0.2,0.0,2,smoothing_spline,0.009013193007909873,0.0013577256647487378,41
straight_var,2.0,0.2,0.0,2,savgol_w5p2,0.12623736939175306,0.00081068240752087,41
straight_var,2.0,0.2,0.0,2,savgol_w7p3,0.20583110954333222,-0.00016491788862359145,41
straight_var,2.0,0.2,0.0,2,savgol_w9p3,0.13551183096925387,-0.00025128098282537376,41
straight_var,2.0,0.2,0.0,2,savgol_w11p3,0.09098611861267579,0.00044142028782914104,41
straight_var,2.0,0.2,0.0,2,family_a_W3,0.20583110954333078,-0.00016491788863853292,41
straight_var,2.0,0.2,0.0,2,family_a_W5,0.09098611861267532,0.00044142028781794573,41
straight_var,2.0,0.2,0.0,2,family_a_W7,0.05941295824767741,0.0014253871157128427,41
straight_var,2.0,0.2,0.0,2,family_a_midspan_W5,0.04496511775778705,0.006881810300931408,41
straight_var,2.0,0.2,0.0,3,forward,0.6096293283307833,0.12845189983649274,41
straight_var,2.0,0.2,0.0,3,central,0.30465377890129225,-0.0003900772991020705,41
straight_var,2.0,0.2,0.0,3,cubic_global,0.5065410574599709,0.008183973474380239,41
straight_var,2.0,0.2,0.0,3,smoothing_spline,0.02145976002586581,0.0022946109560048377,41
straight_var,2.0,0.2,0.0,3,savgol_w5p2,0.1413114281142048,0.004901564686020303,41
straight_var,2.0,0.2,0.0,3,savgol_w7p3,0.22655635617756298,0.0047712691711739325,41
straight_var,2.0,0.2,0.0,3,savgol_w9p3,0.1555926256668454,0.0025787394097319706,41
straight_var,2.0,0.2,0.0,3,savgol_w11p3,0.10929101688615885,0.008572609985542065,41
straight_var,2.0,0.2,0.0,3,family_a_W3,0.22655635617756348,0.004771269171158891,41
straight_var,2.0,0.2,0.0,3,family_a_W5,0.10929101688615894,0.008572609985530942,41
straight_var,2.0,0.2,0.0,3,family_a_W7,0.06552001565497827,0.007734751924580859,41
straight_var,2.0,0.2,0.0,3,family_a_midspan_W5,0.057106017390733746,0.0029995367316695202,41
straight_var,2.0,0.2,0.0,4,forward,0.724626567617454,0.17750377741196527,41
straight_var,2.0,0.2,0.0,4,central,0.2438210533138323,0.031581466982532704,41
straight_var,2.0,0.2,0.0,4,cubic_global,0.4630016225366848,0.059090347026205456,41
straight_var,2.0,0.2,0.0,4,smoothing_spline,0.016942680122473852,0.002580561582071195,41
straight_var,2.0,0.2,0.0,4,savgol_w5p2,0.11465989630525929,0.01330297566551346,41
straight_var,2.0,0.2,0.0,4,savgol_w7p3,0.18230289199412636,0.02198489804361397,41
straight_var,2.0,0.2,0.0,4,savgol_w9p3,0.12140124229374169,0.012924564575356609,41
straight_var,2.0,0.2,0.0,4,savgol_w11p3,0.0949897096055889,0.00752419070096782,41
straight_var,2.0,0.2,0.0,4,family_a_W3,0.1823028919941236,0.02198489804360051,41
straight_var,2.0,0.2,0.0,4,family_a_W5,0.09498970960558765,0.007524190700955815,41
straight_var,2.0,0.2,0.0,4,family_a_W7,0.05899890220264291,0.006932151737693022,41
straight_var,2.0,0.2,0.0,4,family_a_midspan_W5,0.050722816975521445,0.004395187870192397,41
straight_var,2.0,0.2,0.005,0,forward,0.6120670482737826,0.1571147893971009,41
straight_var,2.0,0.2,0.005,0,central,0.3139474692719048,0.0012992170014842835,41
straight_var,2.0,0.2,0.005,0,cubic_global,0.5052994504653118,0.021101668775923014,41
straight_var,2.0,0.2,0.005,0,smoothing_spline,0.026797532800656266,-0.008934925000498087,41
straight_var,2.0,0.2,0.005,0,savgol_w5p2,0.14375798368907605,-0.021927526244627783,41
straight_var,2.0,0.2,0.005,0,savgol_w7p3,0.2301531374569906,-0.02136005568890527,41
straight_var,2.0,0.2,0.005,0,savgol_w9p3,0.16085362700283604,-0.01911945943001278,41
straight_var,2.0,0.2,0.005,0,savgol_w11p3,0.11134500812678451,-0.018830755125853606,41
straight_var,2.0,0.2,0.005,0,family_a_W3,0.23152760336115558,-0.010125821941771487,41
straight_var,2.0,0.2,0.005,0,family_a_W5,0.10826914112832152,-0.008392344218373867,41
straight_var,2.0,0.2,0.005,0,family_a_W7,0.05813206673091923,-0.009605607179699908,41
straight_var,2.0,0.2,0.005,0,family_a_midspan_W5,0.061332879062180885,-0.00789034864228129,41
straight_var,2.0,0.2,0.005,1,forward,0.48816390346667715,0.12583124278680796,41
straight_var,2.0,0.2,0.005,1,central,0.24198736599952092,-0.006771742174183705,41
straight_var,2.0,0.2,0.005,1,cubic_global,0.4127949955608107,-0.0019230135990645455,41
straight_var,2.0,0.2,0.005,1,smoothing_spline,0.011457324722795792,-0.0021507456052358206,41
straight_var,2.0,0.2,0.005,1,savgol_w5p2,0.08869216332969455,0.003984170256059403,41
straight_var,2.0,0.2,0.005,1,savgol_w7p3,0.1665531944821674,0.0019801468804921127,41
straight_var,2.0,0.2,0.005,1,savgol_w9p3,0.08982066305852468,0.0036357671218591727,41
straight_var,2.0,0.2,0.005,1,savgol_w11p3,0.054843163130223936,0.006040789386294326,41
straight_var,2.0,0.2,0.005,1,family_a_W3,0.15674413466570222,-0.004385168995848202,41
straight_var,2.0,0.2,0.005,1,family_a_W5,0.051233389216927314,-0.0019220306636467193,41
straight_var,2.0,0.2,0.005,1,family_a_W7,0.03350333520692079,-0.0031328815688478557,41
straight_var,2.0,0.2,0.005,1,family_a_midspan_W5,0.03465409422161376,0.002460716502828108,41
straight_var,2.0,0.2,0.005,2,forward,0.6547518115696235,0.19132538628686677,41
straight_var,2.0,0.2,0.005,2,central,0.3242554299788668,0.008222415179605284,41
straight_var,2.0,0.2,0.005,2,cubic_global,0.5284513930238165,0.03658389185943039,41
straight_var,2.0,0.2,0.005,2,smoothing_spline,0.03754234108458855,0.007480214776846784,41
straight_var,2.0,0.2,0.005,2,savgol_w5p2,0.12683828414648873,0.0008215104059210014,41
straight_var,2.0,0.2,0.005,2,savgol_w7p3,0.20620887585826236,-0.0011680545089198515,41
straight_var,2.0,0.2,0.005,2,savgol_w9p3,0.14217037064416976,0.003076605871410146,41
straight_var,2.0,0.2,0.005,2,savgol_w11p3,0.11282275349306163,0.007856861575943378,41
straight_var,2.0,0.2,0.005,2,family_a_W3,0.22316924462903703,-0.004604921267933584,41
straight_var,2.0,0.2,0.005,2,family_a_W5,0.11997467359686305,0.00475691116513304,41
straight_var,2.0,0.2,0.005,2,family_a_W7,0.05530096160528812,0.0034993590534420655,41
straight_var,2.0,0.2,0.005,2,family_a_midspan_W5,0.05997138340987128,0.00029491581180059043,41
straight_var,2.0,0.2,0.005,3,forward,0.6905437821089065,0.14138177897587187,41
straight_var,2.0,0.2,0.005,3,central,0.3007476090996925,0.010627170005227537,41
straight_var,2.0,0.2,0.005,3,cubic_global,0.5385938304419129,0.027407258966281187,41
straight_var,2.0,0.2,0.005,3,smoothing_spline,0.02025468553522914,-0.005203944869958172,41
straight_var,2.0,0.2,0.005,3,savgol_w5p2,0.10105897622414473,-0.007272418771972972,41
straight_var,2.0,0.2,0.005,3,savgol_w7p3,0.19233709130153448,-0.0025674150389682114,41
straight_var,2.0,0.2,0.005,3,savgol_w9p3,0.10633530280733407,-0.007523782213082525,41
straight_var,2.0,0.2,0.005,3,savgol_w11p3,0.07568377025594206,-0.009839226282823528,41
straight_var,2.0,0.2,0.005,3,family_a_W3,0.19231415012440536,0.0016370519735705831,41
straight_var,2.0,0.2,0.005,3,family_a_W5,0.07085163544504364,-0.006329310904662495,41
straight_var,2.0,0.2,0.005,3,family_a_W7,0.03788970953500405,-0.0072130859614191085,41
straight_var,2.0,0.2,0.005,3,family_a_midspan_W5,0.05444109615424833,0.0012185690760037169,41
straight_var,2.0,0.2,0.005,4,forward,0.6522748175046302,0.1435926548730573,41
straight_var,2.0,0.2,0.005,4,central,0.2740717723202473,0.002892440172640124,41
straight_var,2.0,0.2,0.005,4,cubic_global,0.5374039251041276,0.0148517482185949,41
straight_var,2.0,0.2,0.005,4,smoothing_spline,0.019873281990151637,-0.0027500063192355735,41
straight_var,2.0,0.2,0.005,4,savgol_w5p2,0.10143168527008772,-0.0015882697723000846,41
straight_var,2.0,0.2,0.005,4,savgol_w7p3,0.14390980192031938,0.004395209845727639,41
straight_var,2.0,0.2,0.005,4,savgol_w9p3,0.10788010884029732,-0.00551886651831502,41
straight_var,2.0,0.2,0.005,4,savgol_w11p3,0.08130668690869311,-0.005820184310036166,41
straight_var,2.0,0.2,0.005,4,family_a_W3,0.15178726150969712,0.005799028602674002,41
straight_var,2.0,0.2,0.005,4,family_a_W5,0.08181135084460801,-0.0024045218499128534,41
straight_var,2.0,0.2,0.005,4,family_a_W7,0.06291682696917875,-0.004654695788841324,41
straight_var,2.0,0.2,0.005,4,family_a_midspan_W5,0.04254772770398857,-0.0017871209785842446,41
straight_var,5.0,0.0,0.0,0,forward,0.04749999999999956,0.04749999999999957,101
straight_var,5.0,0.0,0.0,0,central,1.2432689492516096e-14,-1.683634916464523e-16,101
straight_var,5.0,0.0,0.0,0,cubic_global,5.828650411108005e-06,-3.53807337517907e-16,101
straight_var,5.0,0.0,0.0,0,smoothing_spline,9.797547542815936e-15,9.455196088840619e-16,101
straight_var,5.0,0.0,0.0,0,savgol_w5p2,6.669654037951944e-14,5.194501727413768e-14,101
straight_var,5.0,0.0,0.0,0,savgol_w7p3,3.202992210246901e-14,-1.7925831759140027e-14,101
straight_var,5.0,0.0,0.0,0,savgol_w9p3,1.3157024370641432e-14,-8.540177112501204e-15,101
straight_var,5.0,0.0,0.0,0,savgol_w11p3,1.374548224149467e-14,-8.648759364360148e-15,101
straight_var,5.0,0.0,0.0,0,family_a_W3,2.9997601499327183e-13,1.9365461615247372e-14,101
straight_var,5.0,0.0,0.0,0,family_a_W5,1.8972621575029275e-13,3.4837822492495986e-14,101
straight_var,5.0,0.0,0.0,0,family_a_W7,5.1880876773801307e-14,-4.8776611565399735e-15,101
straight_var,5.0,0.0,0.0,0,family_a_midspan_W5,1.2402871473132477e-13,-2.1903114242962016e-14,101
straight_var,5.0,0.0,0.0,1,forward,0.04749999999999956,0.04749999999999957,101
straight_var,5.0,0.0,0.0,1,central,1.2432689492516096e-14,-1.683634916464523e-16,101
straight_var,5.0,0.0,0.0,1,cubic_global,5.828650411108005e-06,-3.53807337517907e-16,101
straight_var,5.0,0.0,0.0,1,smoothing_spline,9.797547542815936e-15,9.455196088840619e-16,101
straight_var,5.0,0.0,0.0,1,savgol_w5p2,6.669654037951944e-14,5.194501727413768e-14,101
straight_var,5.0,0.0,0.0,1,savgol_w7p3,3.202992210246901e-14,-1.7925831759140027e-14,101
straight_var,5.0,0.0,0.0,1,savgol_w9p3,1.3157024370641432e-14,-8.540177112501204e-15,101
straight_var,5.0,0.0,0.0,1,savgol_w11p3,1.374548224149467e-14,-8.648759364360148e-15,101
straight_var,5.0,0.0,0.0,1,family_a_W3,2.9997601499327183e-13,1.9365461615247372e-14,101
straight_var,5.0,0.0,0.0,1,family_a_W5,1.8972621575029275e-13,3.4837822492495986e-14,101
straight_var,5.0,0.0,0.0,1,family_a_W7,5.1880876773801307e-14,-4.8776611565399735e-15,101
straight_var,5.0,0.0,0.0,1,family_a_midspan_W5,1.2402871473132477e-13,-2.1903114242962016e-14,101
straight_var,5.0,0.0,0.0,2,forward,0.04749999999999956,0.04749999999999957,101
straight_var,5.0,0.0,0.0,2,central,1.2432689492516096e-14,-1.683634916464523e-16,101
straight_var,5.0,0.0,0.0,2,cubic_global,5.828650411108005e-06,-3.53807337517907e-16,101
straight_var,5.0,0.0,0.0,2,smoothing_spline,9.797547542815936e-15,9.455196088840619e-16,101
straight_var,5.0,0.0,0.0,2,savgol_w5p2,6.669654037951944e-14,5.194501727413768e-14,101
straight_var,5.0,0.0,0.0,2,savgol_w7p3,3.202992210246901e-14,-1.7925831759140027e-14,101
straight_var,5.0,0.0,0.0,2,savgol_w9p3,1.3157024370641432e-14,-8.540177112501204e-15,101
straight_var,5.0,0.0,0.0,2,savgol_w11p3,1.374548224149467e-14,-8.648759364360148e-15,101
straight_var,5.0,0.0,0.0,2,family_a_W3,2.9997601499327183e-13,1.9365461615247372e-14,101
straight_var,5.0,0.0,0.0,2,family_a_W5,1.8972621575029275e-13,3.4837822492495986e-14,101
straight_var,5.0,0.0,0.0,2,family_a_W7,5.1880876773801307e-14,-4.8776611565399735e-15,101
straight_var,5.0,0.0,0.0,2,family_a_midspan_W5,1.2402871473132477e-13,-2.1903114242962016e-14,101
straight_var,5.0,0.0,0.0,3,forward,0.04749999999999956,0.04749999999999957,101
straight_var,5.0,0.0,0.0,3,central,1.2432689492516096e-14,-1.683634916464523e-16,101
straight_var,5.0,0.0,0.0,3,cubic_global,5.828650411108005e-06,-3.53807337517907e-16,101
straight_var,5.0,0.0,0.0,3,smoothing_spline,9.797547542815936e-15,9.455196088840619e-16,101
straight_var,5.0,0.0,0.0,3,savgol_w5p2,6.669654037951944e-14,5.194501727413768e-14,101
straight_var,5.0,0.0,0.0,3,savgol_w7p3,3.202992210246901e-14,-1.7925831759140027e-14,101
straight_var,5.0,0.0,0.0,3,savgol_w9p3,1.3157024370641432e-14,-8.540177112501204e-15,101
straight_var,5.0,0.0,0.0,3,savgol_w11p3,1.374548224149467e-14,-8.648759364360148e-15,101
straight_var,5.0,0.0,0.0,3,family_a_W3,2.9997601499327183e-13,1.9365461615247372e-14,101
straight_var,5.0,0.0,0.0,3,family_a_W5,1.8972621575029275e-13,3.4837822492495986e-14,101
straight_var,5.0,0.0,0.0,3,family_a_W7,5.1880876773801307e-14,-4.8776611565399735e-15,101
straight_var,5.0,0.0,0.0,3,family_a_midspan_W5,1.2402871473132477e-13,-2.1903114242962016e-14,101
straight_var,5.0,0.0,0.0,4,forward,0.04749999999999956,0.04749999999999957,101
straight_var,5.0,0.0,0.0,4,central,1.2432689492516096e-14,-1.683634916464523e-16,101
straight_var,5.0,0.0,0.0,4,cubic_global,5.828650411108005e-06,-3.53807337517907e-16,101
straight_var,5.0,0.0,0.0,4,smoothing_spline,9.797547542815936e-15,9.455196088840619e-16,101
straight_var,5.0,0.0,0.0,4,savgol_w5p2,6.669654037951944e-14,5.194501727413768e-14,101
straight_var,5.0,0.0,0.0,4,savgol_w7p3,3.202992210246901e-14,-1.7925831759140027e-14,101
straight_var,5.0,0.0,0.0,4,savgol_w9p3,1.3157024370641432e-14,-8.540177112501204e-15,101
straight_var,5.0,0.0,0.0,4,savgol_w11p3,1.374548224149467e-14,-8.648759364360148e-15,101
straight_var,5.0,0.0,0.0,4,family_a_W3,2.9997601499327183e-13,1.9365461615247372e-14,101
straight_var,5.0,0.0,0.0,4,family_a_W5,1.8972621575029275e-13,3.4837822492495986e-14,101
straight_var,5.0,0.0,0.0,4,family_a_W7,5.1880876773801307e-14,-4.8776611565399735e-15,101
straight_var,5.0,0.0,0.0,4,family_a_midspan_W5,1.2402871473132477e-13,-2.1903114242962016e-14,101
straight_var,5.0,0.0,0.005,0,forward,0.04752361517674268,0.04749738246972202,101
straight_var,5.0,0.0,0.005,0,central,0.0027414504570559706,-2.306761729955939e-05,101
straight_var,5.0,0.0,0.005,0,cubic_global,5.938683006356909e-06,6.418326118447974e-09,101
straight_var,5.0,0.0,0.005,0,smoothing_spline,1.6664175672378513e-14,-2.0520825576038606e-15,101
straight_var,5.0,0.0,0.005,0,savgol_w5p2,0.04876355145802803,-0.005158945615687618,101
straight_var,5.0,0.0,0.005,0,savgol_w7p3,0.07850402252799245,-0.0042709816472198394,101
straight_var,5.0,0.0,0.005,0,savgol_w9p3,0.05220467986556079,-0.005065217912326479,101
straight_var,5.0,0.0,0.005,0,savgol_w11p3,0.03815973214351602,-0.0062296513975325695,101
straight_var,5.0,0.0,0.005,0,family_a_W3,2.0998159252856013e-13,3.04798921145168e-14,101
straight_var,5.0,0.0,0.005,0,family_a_W5,9.267860939355965e-14,-1.5746866570150436e-14,101
straight_var,5.0,0.0,0.005,0,family_a_W7,3.9336497195889996e-14,-3.0952041906307936e-15,101
straight_var,5.0,0.0,0.005,0,family_a_midspan_W5,0.002767777724214513,-6.253550549019824e-05,101
straight_var,5.0,0.0,0.005,1,forward,0.047514423022413516,0.04749236568128325,101
straight_var,5.0,0.0,0.005,1,central,0.0023977816448320917,3.355248945209137e-05,101
straight_var,5.0,0.0,0.005,1,cubic_global,5.673580979706606e-06,-1.6961618885981243e-08,101
straight_var,5.0,0.0,0.005,1,smoothing_spline,7.832947439103117e-15,2.854859206178974e-16,101
straight_var,5.0,0.0,0.005,1,savgol_w5p2,0.03699643997520835,0.006639943403557912,101
straight_var,5.0,0.0,0.005,1,savgol_w7p3,0.06588238468245441,0.00626755731941934,101
straight_var,5.0,0.0,0.005,1,savgol_w9p3,0.03729872088023305,0.0063142077238743325,101
straight_var,5.0,0.0,0.005,1,savgol_w11p3,0.024574973193180593,0.00651009019218152,101
straight_var,5.0,0.0,0.005,1,family_a_W3,1.551353349096732e-13,-1.9361801539342017e-14,101
straight_var,5.0,0.0,0.005,1,family_a_W5,9.491357009957276e-14,7.916744183288616e-15,101
straight_var,5.0,0.0,0.005,1,family_a_W7,3.5901028641472275e-14,-5.319310315786464e-15,101
straight_var,5.0,0.0,0.005,1,family_a_midspan_W5,0.002446121251679108,-7.91547852642969e-06,101
straight_var,5.0,0.0,0.005,2,forward,0.04750664582409724,0.04747939686432264,101
straight_var,5.0,0.0,0.005,2,central,0.0027571704735775368,2.263455280315796e-06,101
straight_var,5.0,0.0,0.005,2,cubic_global,5.734477531978213e-06,9.7339262071917e-09,101
straight_var,5.0,0.0,0.005,2,smoothing_spline,1.1928008057821363e-14,9.87000469144782e-16,101
straight_var,5.0,0.0,0.005,2,savgol_w5p2,0.04704017971998643,0.014612427675492791,101
straight_var,5.0,0.0,0.005,2,savgol_w7p3,0.07478020552390698,0.014821609782796463,101
straight_var,5.0,0.0,0.005,2,savgol_w9p3,0.048851178091373036,0.014506075845134398,101
straight_var,5.0,0.0,0.005,2,savgol_w11p3,0.0378410189547533,0.014605560076150874,101
straight_var,5.0,0.0,0.005,2,family_a_W3,2.0643774413159685e-13,-1.584324856899152e-14,101
straight_var,5.0,0.0,0.005,2,family_a_W5,3.0636136539063036e-14,-2.7206564229825267e-16,101
straight_var,5.0,0.0,0.005,2,family_a_W7,2.6229807281377527e-14,-1.7946572189270387e-15,101
straight_var,5.0,0.0,0.005,2,family_a_midspan_W5,0.002797998410107509,-7.033301469038501e-05,101
straight_var,5.0,0.0,0.005,3,forward,0.047539440225279575,0.04750275582120771,101
straight_var,5.0,0.0,0.005,3,central,0.0032596911551274143,1.9424721636439125e-05,101
straight_var,5.0,0.0,0.005,3,cubic_global,5.569974175962348e-06,2.657559170529098e-08,101
straight_var,5.0,0.0,0.005,3,smoothing_spline,6.977206729293343e-15,1.4140093247698421e-15,101
straight_var,5.0,0.0,0.005,3,savgol_w5p2,0.04345272540787133,0.004301428816796292,101
straight_var,5.0,0.0,0.005,3,savgol_w7p3,0.07789374601361555,0.0035034889363880673,101
straight_var,5.0,0.0,0.005,3,savgol_w9p3,0.04376882246424927,0.004269859518945591,101
straight_var,5.0,0.0,0.005,3,savgol_w11p3,0.030525621863793588,0.005031424007932792,101
straight_var,5.0,0.0,0.005,3,family_a_W3,1.9292810229435255e-13,1.2041649728626698e-14,101
straight_var,5.0,0.0,0.005,3,family_a_W5,5.525138199024324e-14,5.307110062768605e-16,101
straight_var,5.0,0.0,0.005,3,family_a_W7,5.6208278641209426e-14,1.800757345435968e-15,101
straight_var,5.0,0.0,0.005,3,family_a_midspan_W5,0.0028446777928022877,4.251187395690711e-05,101
straight_var,5.0,0.0,0.005,4,forward,0.0475387331541127,0.04750222416731841,101
straight_var,5.0,0.0,0.005,4,central,0.0034107825668083197,-2.1191988664956144e-05,101
straight_var,5.0,0.0,0.005,4,cubic_global,5.772236986797639e-06,-2.5427336439085103e-09,101
straight_var,5.0,0.0,0.005,4,smoothing_spline,2.690839305082816e-15,6.197728533072302e-16,101
straight_var,5.0,0.0,0.005,4,savgol_w5p2,0.052044723535638084,-0.011613410031007944,101
straight_var,5.0,0.0,0.005,4,savgol_w7p3,0.0713271373352989,-0.011547606962679405,101
straight_var,5.0,0.0,0.005,4,savgol_w9p3,0.056241331031235776,-0.011604024088368334,101
straight_var,5.0,0.0,0.005,4,savgol_w11p3,0.0470919418476266,-0.011551607966138062,101
straight_var,5.0,0.0,0.005,4,family_a_W3,1.86114483998471e-13,3.023954713006498e-14,101
straight_var,5.0,0.0,0.005,4,family_a_W5,6.141051661786157e-14,6.7967609562491725e-15,101
straight_var,5.0,0.0,0.005,4,family_a_W7,1.7815682344095638e-14,-5.892722207625831e-16,101
straight_var,5.0,0.0,0.005,4,family_a_midspan_W5,0.003263066941740818,5.9262781882001245e-05,101
straight_var,5.0,0.01,0.0,0,forward,0.08199233360689526,0.04804112119851348,101
straight_var,5.0,0.01,0.0,0,central,0.03299902723459855,0.0005012259805699203,101
straight_var,5.0,0.01,0.0,0,cubic_global,0.053078170630129366,0.0009758435768393523,101
straight_var,5.0,0.01,0.0,0,smoothing_spline,0.0013479328501755804,1.0969592726285503e-05,101
straight_var,5.0,0.01,0.0,0,savgol_w5p2,0.01575041003283961,5.920417730770527e-05,101
straight_var,5.0,0.01,0.0,0,savgol_w7p3,0.02551131220655667,0.0003701208093981505,101
straight_var,5.0,0.01,0.0,0,savgol_w9p3,0.016582985570531648,7.179493239290085e-06,101
straight_var,5.0,0.01,0.0,0,savgol_w11p3,0.012191347655304436,-0.0002897881511764605,101
straight_var,5.0,0.01,0.0,0,family_a_W3,0.02551131220660273,0.0003701208094314157,101
straight_var,5.0,0.01,0.0,0,family_a_W5,0.012191347655300508,-0.00028978815113073393,101
straight_var,5.0,0.01,0.0,0,family_a_W7,0.00786191347782658,-0.00034228189643542757,101
straight_var,5.0,0.01,0.0,0,family_a_midspan_W5,0.006750951343249207,-0.00012721974336323132,101
straight_var,5.0,0.01,0.0,1,forward,0.0774555441149637,0.047933668640310824,101
straight_var,5.0,0.01,0.0,1,central,0.033289086201321504,-0.0007919799761827122,101
straight_var,5.0,0.01,0.0,1,cubic_global,0.054381599120790686,-0.0009937902688920764,101
straight_var,5.0,0.01,0.0,1,smoothing_spline,0.0007162579115847859,-0.00020817137408255673,101
straight_var,5.0,0.01,0.0,1,savgol_w5p2,0.013437374683172324,-0.0002691283480315865,101
straight_var,5.0,0.01,0.0,1,savgol_w7p3,0.023222768574858676,-0.00033218915774877724,101
straight_var,5.0,0.01,0.0,1,savgol_w9p3,0.014273241293576606,-0.0003128474836587957,101
straight_var,5.0,0.01,0.0,1,savgol_w11p3,0.00940041516974396,-0.00030790937567245526,101
straight_var,5.0,0.01,0.0,1,family_a_W3,0.023222768574783826,-0.00033218915770992307,101
straight_var,5.0,0.01,0.0,1,family_a_W5,0.009400415169747406,-0.00030790937562871247,101
straight_var,5.0,0.01,0.0,1,family_a_W7,0.006407901906979702,-0.0003138726628018404,101
straight_var,5.0,0.01,0.0,1,family_a_midspan_W5,0.006019189591749489,-0.00025593203921720235,101
straight_var,5.0,0.01,0.0,2,forward,0.0827085469146339,0.04743601122573307,101
straight_var,5.0,0.01,0.0,2,central,0.03491313344628705,-0.0007681489595389754,101
straight_var,5.0,0.01,0.0,2,cubic_global,0.0568991466012845,-0.0008862657421555931,101
straight_var,5.0,0.01,0.0,2,smoothing_spline,0.0008530650323358453,-0.00023045863918040206,101
straight_var,5.0,0.01,0.0,2,savgol_w5p2,0.015581529290383339,-0.0003184219271726632,101
straight_var,5.0,0.01,0.0,2,savgol_w7p3,0.0259803662122508,-0.00041131989474482315,101
straight_var,5.0,0.01,0.0,2,savgol_w9p3,0.016411128431084242,-0.0003623444958312342,101
straight_var,5.0,0.01,0.0,2,savgol_w11p3,0.011735294408312466,-0.0002964022509963418,101
straight_var,5.0,0.01,0.0,2,family_a_W3,0.025980366212251322,-0.0004113198947100939,101
straight_var,5.0,0.01,0.0,2,family_a_W5,0.01173529440829425,-0.00029640225095070306,101
straight_var,5.0,0.01,0.0,2,family_a_W7,0.006386850210124161,-0.0002330179506180454,101
straight_var,5.0,0.01,0.0,2,family_a_midspan_W5,0.006267985282873889,-0.0002534969967899231,101
straight_var,5.0,0.01,0.0,3,forward,0.09234101956818866,0.048359350819322085,101
straight_var,5.0,0.01,0.0,3,central,0.037783790338671554,-0.00010237942369889935,101
straight_var,5.0,0.01,0.0,3,cubic_global,0.06384901412068143,-0.00018231706217409027,101
straight_var,5.0,0.01,0.0,3,smoothing_spline,0.0006054381395346545,9.105997020743349e-05,101
straight_var,5.0,0.01,0.0,3,savgol_w5p2,0.015527317251198073,0.00015531718210514268,101
straight_var,5.0,0.01,0.0,3,savgol_w7p3,0.026532697048988505,8.039659005328063e-05,101
straight_var,5.0,0.01,0.0,3,savgol_w9p3,0.016506798029650462,4.82129276419875e-05,101
straight_var,5.0,0.01,0.0,3,savgol_w11p3,0.0114632765400647,0.00041879087922777093,101
straight_var,5.0,0.01,0.0,3,family_a_W3,0.02653269704903545,8.039659009252762e-05,101
straight_var,5.0,0.01,0.0,3,family_a_W5,0.011463276540061691,0.00041879087927136247,101
straight_var,5.0,0.01,0.0,3,family_a_W7,0.006871281422101812,0.0005209102023383148,101
straight_var,5.0,0.01,0.0,3,family_a_midspan_W5,0.0069824823488982045,0.00018859998489207319,101
straight_var,5.0,0.01,0.0,4,forward,0.09197024493775487,0.04828892117551419,101
straight_var,5.0,0.01,0.0,4,central,0.03211683614657545,0.0006986847752199183,101
straight_var,5.0,0.01,0.0,4,cubic_global,0.0575997378898648,0.0008782785131110955,101
straight_var,5.0,0.01,0.0,4,smoothing_spline,0.00107042560854901,-1.558482653183759e-05,101
straight_var,5.0,0.01,0.0,4,savgol_w5p2,0.01591627296752492,0.0006115184934450213,101
straight_var,5.0,0.01,0.0,4,savgol_w7p3,0.023495122656720484,0.0008416581335482576,101
straight_var,5.0,0.01,0.0,4,savgol_w9p3,0.01733424232967565,0.0005204468683233489,101
straight_var,5.0,0.01,0.0,4,savgol_w11p3,0.013593941638313617,0.00046881478726120855,101
straight_var,5.0,0.01,0.0,4,family_a_W3,0.0234951226567234,0.0008416581335845766,101
straight_var,5.0,0.01,0.0,4,family_a_W5,0.01359394163832767,0.0004688147873051441,101
straight_var,5.0,0.01,0.0,4,family_a_W7,0.009027792785754624,0.0004704763575125305,101
straight_var,5.0,0.01,0.0,4,family_a_midspan_W5,0.0060353510433776465,0.0002074849742088383,101
straight_var,5.0,0.01,0.005,0,forward,0.08429885298058319,0.04842340291220791,101
straight_var,5.0,0.01,0.005,0,central,0.032794908753330784,0.0001680158795152921,101
straight_var,5.0,0.01,0.005,0,cubic_global,0.0548398736705485,0.0008863211643589105,101
straight_var,5.0,0.01,0.005,0,smoothing_spline,0.0005579076460157982,-7.299725493082996e-05,101
straight_var,5.0,0.01,0.005,0,savgol_w5p2,0.051449069951385394,-0.005125101469438787,101
straight_var,5.0,0.01,0.005,0,savgol_w7p3,0.08342230935524,-0.0043176807058586805,101
straight_var,5.0,0.01,0.005,0,savgol_w9p3,0.055215273278981326,-0.004891218465637998,101
straight_var,5.0,0.01,0.005,0,savgol_w11p3,0.04026779699236173,-0.006016847285137472,101
straight_var,5.0,0.01,0.005,0,family_a_W3,0.022754409063875058,3.665976561520731e-05,101
straight_var,5.0,0.01,0.005,0,family_a_W5,0.011752962488928306,0.00022944013252594337,101
straight_var,5.0,0.01,0.005,0,family_a_W7,0.007716284252287471,0.0003726990457321496,101
straight_var,5.0,0.01,0.005,0,family_a_midspan_W5,0.007594244002097732,0.00016171380497689633,101
straight_var,5.0,0.01,0.005,1,forward,0.09035962509974363,0.04871961303500324,101
straight_var,5.0,0.01,0.005,1,central,0.040131590220313915,0.0006359662400861336,101
straight_var,5.0,0.01,0.005,1,cubic_global,0.06728517776827135,0.0011531316457643664,101
straight_var,5.0,0.01,0.005,1,smoothing_spline,0.0011673444257084451,-4.552340816687606e-06,101
straight_var,5.0,0.01,0.005,1,savgol_w5p2,0.03733693156295316,0.006859884738961592,101
straight_var,5.0,0.01,0.005,1,savgol_w7p3,0.06665644491652689,0.006788361290488606,101
straight_var,5.0,0.01,0.005,1,savgol_w9p3,0.03832826764152608,0.00648476828126116,101
straight_var,5.0,0.01,0.005,1,savgol_w11p3,0.02488385841858212,0.006398521980812143,101
straight_var,5.0,0.01,0.005,1,family_a_W3,0.02729986830074406,0.0005197337684131215,101
straight_var,5.0,0.01,0.005,1,family_a_W5,0.010344297497374243,-0.00012751415939741601,101
straight_var,5.0,0.01,0.005,1,family_a_W7,0.00609957123525852,-0.0002532932478392241,101
straight_var,5.0,0.01,0.005,1,family_a_midspan_W5,0.0072129708498543926,-5.905729538898223e-05,101
straight_var,5.0,0.01,0.005,2,forward,0.08661209253675123,0.047476719709644226,101
straight_var,5.0,0.01,0.005,2,central,0.03276546230412608,-0.0009196973920028821,101
straight_var,5.0,0.01,0.005,2,cubic_global,0.05645699195639168,-0.0008232996523616161,101
straight_var,5.0,0.01,0.005,2,smoothing_spline,0.0007907321415297466,-0.00020285888445597416,101
straight_var,5.0,0.01,0.005,2,savgol_w5p2,0.050017009199038794,0.01440051313044903,101
straight_var,5.0,0.01,0.005,2,savgol_w7p3,0.08056456800687785,0.014618579473681167,101
straight_var,5.0,0.01,0.005,2,savgol_w9p3,0.051830975713266954,0.014165725097799403,101
straight_var,5.0,0.01,0.005,2,savgol_w11p3,0.03933349692079593,0.014283517676501694,101
straight_var,5.0,0.01,0.005,2,family_a_W3,0.023243740110035938,-0.00015350990809444802,101
straight_var,5.0,0.01,0.005,2,family_a_W5,0.011058933165464658,-0.0003156383456737652,101
straight_var,5.0,0.01,0.005,2,family_a_W7,0.007271907038702787,-0.00043025470184032563,101
straight_var,5.0,0.01,0.005,2,family_a_midspan_W5,0.006624623001544497,-0.0002937528353605213,101
straight_var,5.0,0.01,0.005,3,forward,0.08523701540019847,0.048420104603321884,101
straight_var,5.0,0.01,0.005,3,central,0.034318717617777404,0.00029417945050017323,101
straight_var,5.0,0.01,0.005,3,cubic_global,0.05339815358295716,0.0006027523041629593,101
straight_var,5.0,0.01,0.005,3,smoothing_spline,0.0005706598868795657,2.0903222119294342e-05,101
straight_var,5.0,0.01,0.005,3,savgol_w5p2,0.047116012336098724,0.0044325570013503774,101
straight_var,5.0,0.01,0.005,3,savgol_w7p3,0.08389116607996243,0.003811700188018667,101
straight_var,5.0,0.01,0.005,3,savgol_w9p3,0.047618182949190714,0.004444654628904922,101
straight_var,5.0,0.01,0.005,3,savgol_w11p3,0.035118253159832594,0.005128953179221221,101
straight_var,5.0,0.01,0.005,3,family_a_W3,0.02755697623565013,0.00036136552778672084,101
straight_var,5.0,0.01,0.005,3,family_a_W5,0.014112507871463486,0.00010540283718715951,101
straight_var,5.0,0.01,0.005,3,family_a_W7,0.007664110520077436,-7.368211285151672e-05,101
straight_var,5.0,0.01,0.005,3,family_a_midspan_W5,0.0072908116112052725,-0.0001731180208367867,101
straight_var,5.0,0.01,0.005,4,forward,0.08723481364377902,0.04958333467019623,101
straight_var,5.0,0.01,0.005,4,central,0.03832930993207716,0.0007745838758538488,101
straight_var,5.0,0.01,0.005,4,cubic_global,0.06485146648150346,0.00205414068415846,101
straight_var,5.0,0.01,0.005,4,smoothing_spline,0.0003982025341437461,-0.00014753964319238452,101
straight_var,5.0,0.01,0.005,4,savgol_w5p2,0.054396672237617655,-0.011335137067318785,101
straight_var,5.0,0.01,0.005,4,savgol_w7p3,0.07380261359744768,-0.011061403018121396,101
straight_var,5.0,0.01,0.005,4,savgol_w9p3,0.05965819092472988,-0.011168076775301412,101
straight_var,5.0,0.01,0.005,4,savgol_w11p3,0.05035438670360951,-0.011367996317092274,101
straight_var,5.0,0.01,0.005,4,family_a_W3,0.025459474438786576,0.0003965110360037652,101
straight_var,5.0,0.01,0.005,4,family_a_W5,0.011798552456958891,0.00018143721934267936,101
straight_var,5.0,0.01,0.005,4,family_a_W7,0.00751735656454926,6.61584065769625e-05,101
straight_var,5.0,0.01,0.005,4,family_a_midspan_W5,0.006887455787672626,-8.888739329067012e-05,101
straight_var,5.0,0.05,0.0,0,forward,0.3380860043528751,0.0634866600584955,101
straight_var,5.0,0.05,0.0,0,central,0.1649407517889321,0.005005852162512488,101
straight_var,5.0,0.05,0.0,0,cubic_global,0.2662502314373809,0.012862808099886667,101
straight_var,5.0,0.05,0.0,0,smoothing_spline,0.006737607505051448,5.60468081298592e-05,101
straight_var,5.0,0.05,0.0,0,savgol_w5p2,0.0787509653760944,0.0008063344456719641,101
straight_var,5.0,0.05,0.0,0,savgol_w7p3,0.12742758356717748,0.0030189130576370547,101
straight_var,5.0,0.05,0.0,0,savgol_w9p3,0.08287375503778888,0.0005636380117829446,101
straight_var,5.0,0.05,0.0,0,savgol_w11p3,0.0609815437742799,-0.0011157513690413189,101
straight_var,5.0,0.05,0.0,0,family_a_W3,0.12742758356722192,0.003018913057670486,101
straight_var,5.0,0.05,0.0,0,family_a_W5,0.060981543774275136,-0.0011157513689978055,101
straight_var,5.0,0.05,0.0,0,family_a_W7,0.03932739074643279,-0.0015401254951965915,101
straight_var,5.0,0.05,0.0,0,family_a_midspan_W5,0.03376522724374433,6.665387916370658e-05,101
straight_var,5.0,0.05,0.0,1,forward,0.3073546375304279,0.06463121348154498,101
straight_var,5.0,0.05,0.0,1,central,0.16640237694849463,0.0007726503295057558,101
straight_var,5.0,0.05,0.0,1,cubic_global,0.2719610851013119,0.008036240301590218,101
straight_var,5.0,0.05,0.0,1,smoothing_spline,0.0035766584986227277,-0.0010370741586917585,101
straight_var,5.0,0.05,0.0,1,savgol_w5p2,0.06712396574539334,-0.0008294887675126014,101
straight_var,5.0,0.05,0.0,1,savgol_w7p3,0.11605003564887136,0.00026852281233788315,101
straight_var,5.0,0.05,0.0,1,savgol_w9p3,0.07132356386287204,-0.00099732644344092,101
straight_var,5.0,0.05,0.0,1,savgol_w11p3,0.04701839486559044,-0.0013096506511465272,101
straight_var,5.0,0.05,0.0,1,family_a_W3,0.11605003564879986,0.0002685228123739959,101
straight_var,5.0,0.05,0.0,1,family_a_W5,0.04701839486559489,-0.0013096506511014266,101
straight_var,5.0,0.05,0.0,1,family_a_W7,0.032036160569342935,-0.001485622322780091,101
straight_var,5.0,0.05,0.0,1,family_a_midspan_W5,0.030245758403402084,-0.0005700580371539932,101
straight_var,5.0,0.05,0.0,2,forward,0.3449985528234739,0.06298584681611111,101
straight_var,5.0,0.05,0.0,2,central,0.17338205379009125,-0.0007124682939821948,101
straight_var,5.0,0.05,0.0,2,cubic_global,0.2799379590019911,0.006674253448461841,101
straight_var,5.0,0.05,0.0,2,smoothing_spline,0.004265500833015633,-0.0011482318864548475,101
straight_var,5.0,0.05,0.0,2,savgol_w5p2,0.07794163486997284,-0.0010232332549941865,101
straight_var,5.0,0.05,0.0,2,savgol_w7p3,0.1300353318567974,-0.0007254625700953668,101
straight_var,5.0,0.05,0.0,2,savgol_w9p3,0.0820752619291724,-0.0011148244018877626,101
straight_var,5.0,0.05,0.0,2,savgol_w11p3,0.05856945970746985,-0.0011311641757633254,101
straight_var,5.0,0.05,0.0,2,family_a_W3,0.13003533185680102,-0.0007254625700624066,101
straight_var,5.0,0.05,0.0,2,family_a_W5,0.05856945970745028,-0.0011311641757181209,101
straight_var,5.0,0.05,0.0,2,family_a_W7,0.03192419890762189,-0.0009914367950825498,101
straight_var,5.0,0.05,0.0,2,family_a_midspan_W5,0.031433729168874165,-0.00047363407913295714,101
straight_var,5.0,0.05,0.0,3,forward,0.40015740125544275,0.06634517643367492,101
straight_var,5.0,0.05,0.0,3,central,0.18742594593965475,0.003489232440683272,101
straight_var,5.0,0.05,0.0,3,cubic_global,0.3150609105565038,0.008588558121625425,101
straight_var,5.0,0.05,0.0,3,smoothing_spline,0.0030284124448915774,0.00045651200903525226,101
straight_var,5.0,0.05,0.0,3,savgol_w5p2,0.07753844260698166,0.0017920353775100106,101
straight_var,5.0,0.05,0.0,3,savgol_w7p3,0.13239869996630707,0.0029122330488363765,101
straight_var,5.0,0.05,0.0,3,savgol_w9p3,0.08250770377772809,0.0014988009060638568,101
straight_var,5.0,0.05,0.0,3,savgol_w11p3,0.057244387319731985,0.002797170068349814,101
straight_var,5.0,0.05,0.0,3,family_a_W3,0.13239869996634943,0.002912233048870413,101
straight_var,5.0,0.05,0.0,3,family_a_W5,0.057244387319729265,0.002797170068392337,101
straight_var,5.0,0.05,0.0,3,family_a_W7,0.03445181275325291,0.00281297295928851,101
straight_var,5.0,0.05,0.0,3,family_a_midspan_W5,0.03519726097577265,0.002487619448255297,101
straight_var,5.0,0.05,0.0,4,forward,0.39273087030325,0.06601581549128942,101
straight_var,5.0,0.05,0.0,4,central,0.16035133785881975,0.006679797282613236,101
straight_var,5.0,0.05,0.0,4,cubic_global,0.2882678686861701,0.013894719157336996,101
straight_var,5.0,0.05,0.0,4,smoothing_spline,0.005352169005008887,-7.716482172273517e-05,101
straight_var,5.0,0.05,0.0,4,savgol_w5p2,0.07968700212318226,0.003636037571678109,101
straight_var,5.0,0.05,0.0,4,savgol_w7p3,0.11761937700407234,0.0056697064021053855,101
straight_var,5.0,0.05,0.0,4,savgol_w9p3,0.08678179748497761,0.003194619385834127,101
straight_var,5.0,0.05,0.0,4,savgol_w11p3,0.06802493323255822,0.002700342705903124,101
straight_var,5.0,0.05,0.0,4,family_a_W3,0.11761937700407392,0.00566970640214305,101
straight_var,5.0,0.05,0.0,4,family_a_W5,0.06802493323257619,0.0027003427059477682,101
straight_var,5.0,0.05,0.0,4,family_a_W7,0.04518227298180059,0.002499023723289639,101
straight_var,5.0,0.05,0.0,4,family_a_midspan_W5,0.03020497070780129,0.00186185473082065,101
straight_var,5.0,0.05,0.005,0,forward,0.3488111685096031,0.07103175227316456,101
straight_var,5.0,0.05,0.005,0,central,0.16226944450020617,0.005835920139191224,101
straight_var,5.0,0.05,0.005,0,cubic_global,0.2743944585922375,0.018272771074071797,101
straight_var,5.0,0.05,0.005,0,smoothing_spline,0.0027876814395447137,-0.00035926375706241007,101
straight_var,5.0,0.05,0.005,0,savgol_w5p2,0.0886699889469662,-0.004015672812022218,101
straight_var,5.0,0.05,0.005,0,savgol_w7p3,0.14356508406294421,-0.0018973768113799943,101
straight_var,5.0,0.05,0.005,0,savgol_w9p3,0.09401713922609393,-0.0030239066554198185,101
straight_var,5.0,0.05,0.005,0,savgol_w11p3,0.07076665899145859,-0.0045926823198077435,101
straight_var,5.0,0.05,0.005,0,family_a_W3,0.11412849287690215,0.0027945205450196843,101
straight_var,5.0,0.05,0.005,0,family_a_W5,0.058732012044917584,0.001721069120249766,101
straight_var,5.0,0.05,0.005,0,family_a_W7,0.03858294599421071,0.0020141378662437135,101
straight_var,5.0,0.05,0.005,0,family_a_midspan_W5,0.03482420836344984,0.0024190922472729815,101
straight_var,5.0,0.05,0.005,1,forward,0.38553964077988084,0.06565141143141916,101
straight_var,5.0,0.05,0.005,1,central,0.20012791702541569,0.005223557212853796,101
straight_var,5.0,0.05,0.005,1,cubic_global,0.336979219080123,0.013917757706732805,101
straight_var,5.0,0.05,0.005,1,smoothing_spline,0.00583666580709032,-2.2633394292786075e-05,101
straight_var,5.0,0.05,0.005,1,savgol_w5p2,0.07812750563537954,0.007993207643654129,101
straight_var,5.0,0.05,0.005,1,savgol_w7p3,0.1413561123211124,0.009529265142597205,101
straight_var,5.0,0.05,0.005,1,savgol_w9p3,0.08214232156394406,0.007483683615320424,101
straight_var,5.0,0.05,0.005,1,savgol_w11p3,0.05334210465005013,0.0060749323557715675,101
straight_var,5.0,0.05,0.005,1,family_a_W3,0.1366142502515824,0.003255118959898116,101
straight_var,5.0,0.05,0.005,1,family_a_W5,0.05173440920999137,-0.0005162192951527767,101
straight_var,5.0,0.05,0.005,1,family_a_W7,0.030494404056502118,-0.0012190141579245136,101
straight_var,5.0,0.05,0.005,1,family_a_midspan_W5,0.033770451819394004,8.783477910053043e-05,101
straight_var,5.0,0.05,0.005,2,forward,0.36616824211683235,0.06309567642857916,101
straight_var,5.0,0.05,0.005,2,central,0.16341192482626007,-0.0001605869354921451,101
straight_var,5.0,0.05,0.005,2,cubic_global,0.28449301541501276,0.00711845301170155,101
straight_var,5.0,0.05,0.005,2,smoothing_spline,0.003949557689985898,-0.0010120193959941082,101
straight_var,5.0,0.05,0.005,2,savgol_w5p2,0.08922089466095208,0.014452178428119971,101
straight_var,5.0,0.05,0.005,2,savgol_w7p3,0.14477085494527417,0.016159347770358344,101
straight_var,5.0,0.05,0.005,2,savgol_w9p3,0.09488477862543257,0.013908135365403118,101
straight_var,5.0,0.05,0.005,2,savgol_w11p3,0.06707443101107184,0.013622810222954087,101
straight_var,5.0,0.05,0.005,2,family_a_W3,0.11597215019349796,0.0015952893194487632,101
straight_var,5.0,0.05,0.005,2,family_a_W5,0.05531531584507093,-0.0009391672427738458,101
straight_var,5.0,0.05,0.005,2,family_a_W7,0.036282466439337885,-0.0018718780246902262,101
straight_var,5.0,0.05,0.005,2,family_a_midspan_W5,0.029729754371494544,0.00022324530510933413,101
straight_var,5.0,0.05,0.005,3,forward,0.3548160342212784,0.06381179338566506,101
straight_var,5.0,0.05,0.005,3,central,0.1719746073449978,0.004123885593369118,101
straight_var,5.0,0.05,0.005,3,cubic_global,0.26709001466438054,0.011607008411460099,101
straight_var,5.0,0.05,0.005,3,smoothing_spline,0.0028535745100338925,0.00010730203935149907,101
straight_var,5.0,0.05,0.005,3,savgol_w5p2,0.09808745570166344,0.005467405180347379,101
straight_var,5.0,0.05,0.005,3,savgol_w7p3,0.16153438149141422,0.0064279970574519976,101
straight_var,5.0,0.05,0.005,3,savgol_w9p3,0.10501184704428407,0.005697605630361719,101
straight_var,5.0,0.05,0.005,3,savgol_w11p3,0.08004160896284622,0.005762727355111936,101
straight_var,5.0,0.05,0.005,3,family_a_W3,0.13803754402296356,0.003178722104282838,101
straight_var,5.0,0.05,0.005,3,family_a_W5,0.07058714330582028,0.0007737845803518668,101
straight_var,5.0,0.05,0.005,3,family_a_W7,0.03834394298394121,-0.0002933789962150376,101
straight_var,5.0,0.05,0.005,3,family_a_midspan_W5,0.03414148551846241,-0.00038544998901126834,101
straight_var,5.0,0.05,0.005,4,forward,0.3666231565695425,0.06961239746425031,101
straight_var,5.0,0.05,0.005,4,central,0.18935979847848364,0.006672081470780175,101
straight_var,5.0,0.05,0.005,4,cubic_global,0.32438018880078245,0.017913797464879595,101
straight_var,5.0,0.05,0.005,4,smoothing_spline,0.001991673988388278,-0.000736278849728844,101
straight_var,5.0,0.05,0.005,4,savgol_w5p2,0.09374244063850805,-0.00955141515403118,101
straight_var,5.0,0.05,0.005,4,savgol_w7p3,0.14117623877964788,-0.007482675146995234,101
straight_var,5.0,0.05,0.005,4,savgol_w9p3,0.10229862635702706,-0.008589566720438771,101
straight_var,5.0,0.05,0.005,4,savgol_w11p3,0.08131825432882192,-0.010164429488123175,101
straight_var,5.0,0.05,0.005,4,family_a_W3,0.12780824815254976,0.003589474676206736,101
straight_var,5.0,0.05,0.005,4,family_a_W5,0.05915327880618543,0.001376140205081541,101
straight_var,5.0,0.05,0.005,4,family_a_W7,0.03765773190365383,0.0005024288893130546,101
straight_var,5.0,0.05,0.005,4,family_a_midspan_W5,0.032426806722405874,0.0004094069293755318,101
straight_var,5.0,0.2,0.0,0,forward,1.3575609407280138,0.29843645429928917,101
straight_var,5.0,0.2,0.0,0,central,0.6547660245930415,0.05935694363835097,101
straight_var,5.0,0.2,0.0,0,cubic_global,1.061255908026906,0.16712188135055062,101
straight_var,5.0,0.2,0.0,0,smoothing_spline,0.026917535225856434,0.00024290080202010917,101
straight_var,5.0,0.2,0.0,0,savgol_w5p2,0.314767682283896,0.010760775776564603,101
straight_var,5.0,0.2,0.0,0,savgol_w7p3,0.505669578539745,0.03018406914508479,101
straight_var,5.0,0.2,0.0,0,savgol_w9p3,0.3305878511590031,0.010359397700104639,101
straight_var,5.0,0.2,0.0,0,savgol_w11p3,0.24407625032658942,0.000603274492918658,101
straight_var,5.0,0.2,0.0,0,family_a_W3,0.5056695785397867,0.03018406914512422,101
straight_var,5.0,0.2,0.0,0,family_a_W5,0.2440762503265846,0.0006032744929601585,101
straight_var,5.0,0.2,0.0,0,family_a_W7,0.15746870489881198,-0.003572473441963432,101
straight_var,5.0,0.2,0.0,0,family_a_midspan_W5,0.1355150820595276,0.01106275460049019,101
straight_var,5.0,0.2,0.0,1,forward,1.1780659319354887,0.3378380773188931,101
straight_var,5.0,0.2,0.0,1,central,0.6671224171789125,0.07265982367835262,101
straight_var,5.0,0.2,0.0,1,cubic_global,1.106648692922825,0.21113323371709214,101
straight_var,5.0,0.2,0.0,1,smoothing_spline,0.014236213712931222,-0.004091055419667393,101
straight_var,5.0,0.2,0.0,1,savgol_w5p2,0.2673905355255839,0.004553426546899418,101
straight_var,5.0,0.2,0.0,1,savgol_w7p3,0.46396691511053223,0.030124903617961246,101
straight_var,5.0,0.2,0.0,1,savgol_w9p3,0.2841854950747414,0.004680156669780395,101
straight_var,5.0,0.2,0.0,1,savgol_w11p3,0.1882402972927114,-0.001792276200652847,101
straight_var,5.0,0.2,0.0,1,family_a_W3,0.46396691511045896,0.03012490361799782,101
straight_var,5.0,0.2,0.0,1,family_a_W5,0.18824029729271466,-0.001792276200607184,101
straight_var,5.0,0.2,0.0,1,family_a_W7,0.12807937205388184,-0.004685878365859073,101
straight_var,5.0,0.2,0.0,1,family_a_midspan_W5,0.12327807201683405,0.008502244488058702,101
straight_var,5.0,0.2,0.0,2,forward,1.3499843638970725,0.3376550364711302,101
straight_var,5.0,0.2,0.0,2,central,0.6874225047339659,0.04578379685133488,101
straight_var,5.0,0.2,0.0,2,cubic_global,1.1348238353320652,0.1634478519965989,101
straight_var,5.0,0.2,0.0,2,smoothing_spline,0.017066695288953045,-0.004532105530117315,101
straight_var,5.0,0.2,0.0,2,savgol_w5p2,0.31215568360822,0.00461683976729403,101
straight_var,5.0,0.2,0.0,2,savgol_w7p3,0.5205048822414752,0.017993013131235445,101
straight_var,5.0,0.2,0.0,2,savgol_w9p3,0.3278913175283489,0.006067836221144547,101
straight_var,5.0,0.2,0.0,2,savgol_w11p3,0.23253288143645928,0.0008806481422024303,101
straight_var,5.0,0.2,0.0,2,family_a_W3,0.5205048822414774,0.01799301313127151,101
straight_var,5.0,0.2,0.0,2,family_a_W5,0.23253288143644066,0.0008806481422470002,101
straight_var,5.0,0.2,0.0,2,family_a_W7,0.12753394520264474,-0.0013641713537817489,101
straight_var,5.0,0.2,0.0,2,family_a_midspan_W5,0.1277447143533974,0.009871604308298153,101
straight_var,5.0,0.2,0.0,3,forward,1.5814418244351283,0.35524639800108104,101
straight_var,5.0,0.2,0.0,3,central,0.7379962734698571,0.07901134021626993,101
straight_var,5.0,0.2,0.0,3,cubic_global,1.2335098809484895,0.19257608367072687,101
straight_var,5.0,0.2,0.0,3,smoothing_spline,0.012131576386974567,0.001844035057530441,101
straight_var,5.0,0.2,0.0,3,savgol_w5p2,0.30765101445781057,0.022855277667720723,101
straight_var,5.0,0.2,0.0,3,savgol_w7p3,0.5254544940570637,0.050835962783096156,101
straight_var,5.0,0.2,0.0,3,savgol_w9p3,0.3264699064859565,0.025587009473296052,101
straight_var,5.0,0.2,0.0,3,savgol_w11p3,0.2267411812530374,0.02187883722476764,101
straight_var,5.0,0.2,0.0,3,family_a_W3,0.5254544940571071,0.050835962783129976,101
straight_var,5.0,0.2,0.0,3,family_a_W5,0.22674118125303624,0.02187883722481325,101
straight_var,5.0,0.2,0.0,3,family_a_W7,0.13891231782441157,0.014214326844562942,101
straight_var,5.0,0.2,0.0,3,family_a_midspan_W5,0.15062196861005914,0.034987573103190533,101
straight_var,5.0,0.2,0.0,4,forward,1.4646098959425409,0.38576938405574457,101
straight_var,5.0,0.2,0.0,4,central,0.6374726382969608,0.07552519514461563,101
straight_var,5.0,0.2,0.0,4,cubic_global,1.1466259392946325,0.20357875551630591,101
straight_var,5.0,0.2,0.0,4,smoothing_spline,0.021409282962338388,-0.0002972952586224808,101
straight_var,5.0,0.2,0.0,4,savgol_w5p2,0.320058875306961,0.02300704918776459,101
straight_var,5.0,0.2,0.0,4,savgol_w7p3,0.4713005527085811,0.044095115994314746,101
straight_var,5.0,0.2,0.0,4,savgol_w9p3,0.3484214662960674,0.02157638371571622,101
straight_var,5.0,0.2,0.0,4,savgol_w11p3,0.272671709205693,0.016183421419442106,101
straight_var,5.0,0.2,0.0,4,family_a_W3,0.4713005527085842,0.04409511599435124,101
straight_var,5.0,0.2,0.0,4,family_a_W5,0.272671709205711,0.016183421419484655,101
straight_var,5.0,0.2,0.0,4,family_a_W7,0.1813379650983881,0.012168570098752558,101
straight_var,5.0,0.2,0.0,4,family_a_midspan_W5,0.12174928901406928,0.0214078318612024,101
straight_var,5.0,0.2,0.005,0,forward,1.385411244050086,0.40394364538719646,101
straight_var,5.0,0.2,0.005,0,central,0.6715497914530524,0.09170604206784226,101
straight_var,5.0,0.2,0.005,0,cubic_global,1.1607239694319922,0.24935719282305463,101
straight_var,5.0,0.2,0.005,0,smoothing_spline,0.01112328287404089,-0.00135163810232503,101
straight_var,5.0,0.2,0.005,0,savgol_w5p2,0.2956141807002026,0.013899378074848796,101
straight_var,5.0,0.2,0.005,0,savgol_w7p3,0.47768472276206086,0.04299046805281738,101
straight_var,5.0,0.2,0.005,0,savgol_w9p3,0.30816804723925,0.020540177090413052,101
straight_var,5.0,0.2,0.005,0,savgol_w11p3,0.23757106688342397,0.008877191460435906,101
straight_var,5.0,0.2,0.005,0,family_a_W3,0.4646300443058134,0.04897849398209142,101
straight_var,5.0,0.2,0.005,0,family_a_W5,0.2346859692149946,0.015456090154951963,101
straight_var,5.0,0.2,0.005,0,family_a_W7,0.1543658927740039,0.010296958225686444,101
straight_var,5.0,0.2,0.005,0,family_a_midspan_W5,0.14674291574358603,0.0290780534602354,101
straight_var,5.0,0.2,0.005,1,forward,1.4774722836653627,0.33487805295356754,101
straight_var,5.0,0.2,0.005,1,central,0.7895392580390848,0.056786367929699204,101
straight_var,5.0,0.2,0.005,1,cubic_global,1.2696303829207911,0.22996525051543457,101
straight_var,5.0,0.2,0.005,1,smoothing_spline,0.023345809772717073,-8.859991348806841e-05,101
straight_var,5.0,0.2,0.005,1,savgol_w5p2,0.30006040169119125,0.01574245782950493,101
straight_var,5.0,0.2,0.005,1,savgol_w7p3,0.5427003294080287,0.02927840066838545,101
straight_var,5.0,0.2,0.005,1,savgol_w9p3,0.3126303864975407,0.015689208388981017,101
straight_var,5.0,0.2,0.005,1,savgol_w11p3,0.20517692824552733,0.0066021819711763316,101
straight_var,5.0,0.2,0.005,1,family_a_W3,0.5470240967693913,0.02299439944147,101
straight_var,5.0,0.2,0.005,1,family_a_W5,0.20706421412839657,-0.0002516547989575184,101
straight_var,5.0,0.2,0.005,1,family_a_W7,0.12190936247030587,-0.004164292197531558,101
straight_var,5.0,0.2,0.005,1,family_a_midspan_W5,0.13464003215374154,0.005808291182938253,101
straight_var,5.0,0.2,0.005,2,forward,1.4406449578231344,0.3763314890887471,101
straight_var,5.0,0.2,0.005,2,central,0.6513799362261186,0.07090739358798434,101
straight_var,5.0,0.2,0.005,2,cubic_global,1.1302065759667745,0.21380447006078027,101
straight_var,5.0,0.2,0.005,2,smoothing_spline,0.01573366482914475,-0.00401308263776977,101
straight_var,5.0,0.2,0.005,2,savgol_w5p2,0.29732357540773274,0.028213448113078264,101
straight_var,5.0,0.2,0.005,2,savgol_w7p3,0.4823853869342944,0.05507775233777913,101
straight_var,5.0,0.2,0.005,2,savgol_w9p3,0.32255576175457595,0.02921383147657532,101
straight_var,5.0,0.2,0.005,2,savgol_w11p3,0.22625459353536567,0.02023875160331944,101
straight_var,5.0,0.2,0.005,2,family_a_W3,0.4660996678181146,0.04159710165839504,101
straight_var,5.0,0.2,0.005,2,family_a_W5,0.22159153496723855,0.005986014286232305,101
straight_var,5.0,0.2,0.005,2,family_a_W7,0.14379249964922455,-0.0031398147585016394,101
straight_var,5.0,0.2,0.005,2,family_a_midspan_W5,0.11834783313375294,0.021899082276125158,101
straight_var,5.0,0.2,0.005,3,forward,1.3218752310046147,0.35541118262964505,101
straight_var,5.0,0.2,0.005,3,central,0.6682387746284488,0.0652931972086283,101
straight_var,5.0,0.2,0.005,3,cubic_global,1.0270177220221077,0.1946600639825757,101
straight_var,5.0,0.2,0.005,3,smoothing_spline,0.01141837052603422,0.00047089762746826177,101
straight_var,5.0,0.2,0.005,3,savgol_w5p2,0.3530315916592649,0.016392967158131384,101
straight_var,5.0,0.2,0.005,3,savgol_w7p3,0.5539931510333423,0.037679099222798974,101
straight_var,5.0,0.2,0.005,3,savgol_w9p3,0.3858056743292577,0.018271419171468756,101
straight_var,5.0,0.2,0.005,3,savgol_w11p3,0.2868933975962709,0.011624096722319939,101
straight_var,5.0,0.2,0.005,3,family_a_W3,0.5458192233964946,0.03519431411330756,101
straight_var,5.0,0.2,0.005,3,family_a_W5,0.2823085989496477,0.006807377787055886,101
straight_var,5.0,0.2,0.005,3,family_a_W7,0.15363047689333953,-6.70223488414541e-05,101
straight_var,5.0,0.2,0.005,3,family_a_midspan_W5,0.13269229796484358,0.011281472885463741,101
straight_var,5.0,0.2,0.005,4,forward,1.421849310802898,0.32886300612860475,101
straight_var,5.0,0.2,0.005,4,central,0.7561799766814623,0.06647193332243481,101
straight_var,5.0,0.2,0.005,4,cubic_global,1.2716223975771486,0.19659590115976508,101
straight_var,5.0,0.2,0.005,4,smoothing_spline,0.007976474168331959,-0.002923914673656535,101
straight_var,5.0,0.2,0.005,4,savgol_w5p2,0.31917215120837583,0.0061592997777200845,101
straight_var,5.0,0.2,0.005,4,savgol_w7p3,0.5157615705946202,0.027895391438057034,101
straight_var,5.0,0.2,0.005,4,savgol_w9p3,0.33809807611554643,0.01242467945383827,101
straight_var,5.0,0.2,0.005,4,savgol_w11p3,0.25059999398469995,0.0008030459913263487,101
straight_var,5.0,0.2,0.005,4,family_a_W3,0.5171128872206553,0.03719542696326828,101
straight_var,5.0,0.2,0.005,4,family_a_W5,0.23877437328564113,0.012296776735658635,101
straight_var,5.0,0.2,0.005,4,family_a_W7,0.15164018679558186,0.004538930100890308,101
straight_var,5.0,0.2,0.005,4,family_a_midspan_W5,0.13324178935310146,0.01744919825049377,101
straight_var,10.0,0.0,0.0,0,forward,0.023749999999999365,0.023749999999999362,201
straight_var,10.0,0.0,0.0,0,central,2.6943077611292908e-14,-2.766356818264893e-16,201
straight_var,10.0,0.0,0.0,0,cubic_global,2.854185584415862e-09,-2.876765737840875e-16,201
straight_var,10.0,0.0,0.0,0,smoothing_spline,6.943449843084826e-15,8.194795364084028e-16,201
straight_var,10.0,0.0,0.0,0,savgol_w5p2,1.8278606353957064e-13,1.4526685563477967e-13,201
straight_var,10.0,0.0,0.0,0,savgol_w7p3,4.335906701254407e-14,6.136895779765023e-15,201
straight_var,10.0,0.0,0.0,0,savgol_w9p3,3.913585558390351e-14,2.4978791288292955e-14,201
straight_var,10.0,0.0,0.0,0,savgol_w11p3,4.974246297298884e-14,4.010910695040828e-14,201
straight_var,10.0,0.0,0.0,0,family_a_W3,4.647178142565993e-13,3.4442062461727713e-14,201
straight_var,10.0,0.0,0.0,0,family_a_W5,2.3657358958396106e-13,1.5589126061242184e-14,201
straight_var,10.0,0.0,0.0,0,family_a_W7,1.6093576126561895e-13,-9.765055553609112e-15,201
straight_var,10.0,0.0,0.0,0,family_a_midspan_W5,4.812748847455878e-13,-9.543010948684081e-15,201
straight_var,10.0,0.0,0.0,1,forward,0.023749999999999365,0.023749999999999362,201
straight_var,10.0,0.0,0.0,1,central,2.6943077611292908e-14,-2.766356818264893e-16,201
straight_var,10.0,0.0,0.0,1,cubic_global,2.854185584415862e-09,-2.876765737840875e-16,201
straight_var,10.0,0.0,0.0,1,smoothing_spline,6.943449843084826e-15,8.194795364084028e-16,201
straight_var,10.0,0.0,0.0,1,savgol_w5p2,1.8278606353957064e-13,1.4526685563477967e-13,201
straight_var,10.0,0.0,0.0,1,savgol_w7p3,4.335906701254407e-14,6.136895779765023e-15,201
straight_var,10.0,0.0,0.0,1,savgol_w9p3,3.913585558390351e-14,2.4978791288292955e-14,201
straight_var,10.0,0.0,0.0,1,savgol_w11p3,4.974246297298884e-14,4.010910695040828e-14,201
straight_var,10.0,0.0,0.0,1,family_a_W3,4.647178142565993e-13,3.4442062461727713e-14,201
straight_var,10.0,0.0,0.0,1,family_a_W5,2.3657358958396106e-13,1.5589126061242184e-14,201
straight_var,10.0,0.0,0.0,1,family_a_W7,1.6093576126561895e-13,-9.765055553609112e-15,201
straight_var,10.0,0.0,0.0,1,family_a_midspan_W5,4.812748847455878e-13,-9.543010948684081e-15,201
straight_var,10.0,0.0,0.0,2,forward,0.023749999999999365,0.023749999999999362,201
straight_var,10.0,0.0,0.0,2,central,2.6943077611292908e-14,-2.766356818264893e-16,201
straight_var,10.0,0.0,0.0,2,cubic_global,2.854185584415862e-09,-2.876765737840875e-16,201
straight_var,10.0,0.0,0.0,2,smoothing_spline,6.943449843084826e-15,8.194795364084028e-16,201
straight_var,10.0,0.0,0.0,2,savgol_w5p2,1.8278606353957064e-13,1.4526685563477967e-13,201
straight_var,10.0,0.0,0.0,2,savgol_w7p3,4.335906701254407e-14,6.136895779765023e-15,201
straight_var,10.0,0.0,0.0,2,savgol_w9p3,3.913585558390351e-14,2.4978791288292955e-14,201
straight_var,10.0,0.0,0.0,2,savgol_w11p3,4.974246297298884e-14,4.010910695040828e-14,201
straight_var,10.0,0.0,0.0,2,family_a_W3,4.647178142565993e-13,3.4442062461727713e-14,201
straight_var,10.0,0.0,0.0,2,family_a_W5,2.3657358958396106e-13,1.5589126061242184e-14,201
straight_var,10.0,0.0,0.0,2,family_a_W7,1.6093576126561895e-13,-9.765055553609112e-15,201
straight_var,10.0,0.0,0.0,2,family_a_midspan_W5,4.812748847455878e-13,-9.543010948684081e-15,201
straight_var,10.0,0.0,0.0,3,forward,0.023749999999999365,0.023749999999999362,201
straight_var,10.0,0.0,0.0,3,central,2.6943077611292908e-14,-2.766356818264893e-16,201
straight_var,10.0,0.0,0.0,3,cubic_global,2.854185584415862e-09,-2.876765737840875e-16,201
straight_var,10.0,0.0,0.0,3,smoothing_spline,6.943449843084826e-15,8.194795364084028e-16,201
straight_var,10.0,0.0,0.0,3,savgol_w5p2,1.8278606353957064e-13,1.4526685563477967e-13,201
straight_var,10.0,0.0,0.0,3,savgol_w7p3,4.335906701254407e-14,6.136895779765023e-15,201
straight_var,10.0,0.0,0.0,3,savgol_w9p3,3.913585558390351e-14,2.4978791288292955e-14,201
straight_var,10.0,0.0,0.0,3,savgol_w11p3,4.974246297298884e-14,4.010910695040828e-14,201
straight_var,10.0,0.0,0.0,3,family_a_W3,4.647178142565993e-13,3.4442062461727713e-14,201
straight_var,10.0,0.0,0.0,3,family_a_W5,2.3657358958396106e-13,1.5589126061242184e-14,201
straight_var,10.0,0.0,0.0,3,family_a_W7,1.6093576126561895e-13,-9.765055553609112e-15,201
straight_var,10.0,0.0,0.0,3,family_a_midspan_W5,4.812748847455878e-13,-9.543010948684081e-15,201
straight_var,10.0,0.0,0.0,4,forward,0.023749999999999365,0.023749999999999362,201
straight_var,10.0,0.0,0.0,4,central,2.6943077611292908e-14,-2.766356818264893e-16,201
straight_var,10.0,0.0,0.0,4,cubic_global,2.854185584415862e-09,-2.876765737840875e-16,201
straight_var,10.0,0.0,0.0,4,smoothing_spline,6.943449843084826e-15,8.194795364084028e-16,201
straight_var,10.0,0.0,0.0,4,savgol_w5p2,1.8278606353957064e-13,1.4526685563477967e-13,201
straight_var,10.0,0.0,0.0,4,savgol_w7p3,4.335906701254407e-14,6.136895779765023e-15,201
straight_var,10.0,0.0,0.0,4,savgol_w9p3,3.913585558390351e-14,2.4978791288292955e-14,201
straight_var,10.0,0.0,0.0,4,savgol_w11p3,4.974246297298884e-14,4.010910695040828e-14,201
straight_var,10.0,0.0,0.0,4,family_a_W3,4.647178142565993e-13,3.4442062461727713e-14,201
straight_var,10.0,0.0,0.0,4,family_a_W5,2.3657358958396106e-13,1.5589126061242184e-14,201
straight_var,10.0,0.0,0.0,4,family_a_W7,1.6093576126561895e-13,-9.765055553609112e-15,201
straight_var,10.0,0.0,0.0,4,family_a_midspan_W5,4.812748847455878e-13,-9.543010948684081e-15,201
straight_var,10.0,0.0,0.005,0,forward,0.023799119458320823,0.023745509290072207,201
straight_var,10.0,0.0,0.005,0,central,0.0028051947965438604,-3.6971463683657285e-08,201
straight_var,10.0,0.0,0.005,0,cubic_global,2.7392429309894244e-09,1.325376088805121e-11,201
straight_var,10.0,0.0,0.005,0,smoothing_spline,7.3854074228912e-15,-1.0734200514331624e-16,201
straight_var,10.0,0.0,0.005,0,savgol_w5p2,0.08669593980189091,0.006104468093550442,201
straight_var,10.0,0.0,0.005,0,savgol_w7p3,0.14026145974905158,0.005076614335983145,201
straight_var,10.0,0.0,0.005,0,savgol_w9p3,0.0894403581525159,0.005863696371293596,201
straight_var,10.0,0.0,0.005,0,savgol_w11p3,0.0680705446916913,0.00636776138538543,201
straight_var,10.0,0.0,0.005,0,family_a_W3,3.6117260468220386e-13,-5.281226653051159e-16,201
straight_var,10.0,0.0,0.005,0,family_a_W5,2.784290427674006e-13,1.3580297107845838e-14,201
straight_var,10.0,0.0,0.005,0,family_a_W7,1.6972383749317942e-13,3.550260147254368e-15,201
straight_var,10.0,0.0,0.005,0,family_a_midspan_W5,0.002751833377721841,4.7621658064864255e-05,201
straight_var,10.0,0.0,0.005,1,forward,0.023810226963574422,0.023757858811747024,201
straight_var,10.0,0.0,0.005,1,central,0.0026368742469733922,1.280041291957212e-05,201
straight_var,10.0,0.0,0.005,1,cubic_global,2.882175362269871e-09,4.1867062303212536e-12,201
straight_var,10.0,0.0,0.005,1,smoothing_spline,1.593947532496866e-14,-9.654646634033129e-16,201
straight_var,10.0,0.0,0.005,1,savgol_w5p2,0.08569179203419104,0.008792523870085316,201
straight_var,10.0,0.0,0.005,1,savgol_w7p3,0.1529149128774113,0.009925461540882445,201
straight_var,10.0,0.0,0.005,1,savgol_w9p3,0.08789743047144732,0.008284203215017981,201
straight_var,10.0,0.0,0.005,1,savgol_w11p3,0.062937723064123,0.007929999340345602,201
straight_var,10.0,0.0,0.005,1,family_a_W3,3.205893730777011e-13,-3.2758939821080514e-14,201
straight_var,10.0,0.0,0.005,1,family_a_W5,1.9485791506208958e-13,7.91079908761914e-15,201
straight_var,10.0,0.0,0.005,1,family_a_W7,1.2988507270560068e-13,1.8111356490666848e-14,201
straight_var,10.0,0.0,0.005,1,family_a_midspan_W5,0.0025829149392670643,1.5711729274010324e-05,201
straight_var,10.0,0.0,0.005,2,forward,0.023806941639349814,0.023749270701847302,201
straight_var,10.0,0.0,0.005,2,central,0.0029275608317189516,-6.395756354491975e-06,201
straight_var,10.0,0.0,0.005,2,cubic_global,2.8462154487539222e-09,-2.073675730822352e-11,201
straight_var,10.0,0.0,0.005,2,smoothing_spline,3.690293997726552e-15,-5.268958995320495e-16,201
straight_var,10.0,0.0,0.005,2,savgol_w5p2,0.09043430073810117,0.014150790531360133,201
straight_var,10.0,0.0,0.005,2,savgol_w7p3,0.13936718062863593,0.01464175813621821,201
straight_var,10.0,0.0,0.005,2,savgol_w9p3,0.09703040752447437,0.014039747842357488,201
straight_var,10.0,0.0,0.005,2,savgol_w11p3,0.06869096941388002,0.013575940127877826,201
straight_var,10.0,0.0,0.005,2,family_a_W3,2.5669476312336366e-13,-1.134758340086486e-14,201
straight_var,10.0,0.0,0.005,2,family_a_W5,2.871393739871962e-13,2.6453363747518855e-14,201
straight_var,10.0,0.0,0.005,2,family_a_W7,2.0232806677663825e-13,-8.052490534408318e-15,201
straight_var,10.0,0.0,0.005,2,family_a_midspan_W5,0.002830452374411959,2.9570060777308235e-05,201
straight_var,10.0,0.0,0.005,3,forward,0.023816123456582523,0.02375538229558452,201
straight_var,10.0,0.0,0.005,3,central,0.0029694898940968635,3.153157916465539e-05,201
straight_var,10.0,0.0,0.005,3,cubic_global,2.5763452819879865e-09,-1.1771389265423042e-11,201
straight_var,10.0,0.0,0.005,3,smoothing_spline,1.6881700181585165e-14,-2.698884700746237e-16,201
straight_var,10.0,0.0,0.005,3,savgol_w5p2,0.0927485240610981,0.00034158689706441164,201
straight_var,10.0,0.0,0.005,3,savgol_w7p3,0.15094606656584172,0.0005084721075814503,201
straight_var,10.0,0.0,0.005,3,savgol_w9p3,0.10110966724282404,0.00027407851800753056,201
straight_var,10.0,0.0,0.005,3,savgol_w11p3,0.07219156799606599,0.00033734315678891436,201
straight_var,10.0,0.0,0.005,3,family_a_W3,2.4013257671037507e-13,5.411877207882738e-15,201
straight_var,10.0,0.0,0.005,3,family_a_W5,2.1673321259352655e-13,-1.1770204209686258e-14,201
straight_var,10.0,0.0,0.005,3,family_a_W7,1.6652389364262284e-13,-1.642271340404085e-14,201
straight_var,10.0,0.0,0.005,3,family_a_midspan_W5,0.0028915363374602504,-6.991630685565857e-06,201
straight_var,10.0,0.0,0.005,4,forward,0.023816202191956452,0.023750465977262894,201
straight_var,10.0,0.0,0.005,4,central,0.003124372800781526,1.047880473846624e-05,201
straight_var,10.0,0.0,0.005,4,cubic_global,2.7822542989748074e-09,1.1715337723868747e-11,201
straight_var,10.0,0.0,0.005,4,smoothing_spline,1.1219688185666897e-14,5.551115123125783e-16,201
straight_var,10.0,0.0,0.005,4,savgol_w5p2,0.09080685750266214,0.001942961747793325,201
straight_var,10.0,0.0,0.005,4,savgol_w7p3,0.14770968994609926,0.0018296881975630795,201
straight_var,10.0,0.0,0.005,4,savgol_w9p3,0.09714588971505993,0.0020078827289396342,201
straight_var,10.0,0.0,0.005,4,savgol_w11p3,0.07071796775558399,0.0017751584785050494,201
straight_var,10.0,0.0,0.005,4,family_a_W3,3.828308187770447e-13,3.551241559872821e-14,201
straight_var,10.0,0.0,0.005,4,family_a_W5,1.7470472287729948e-13,1.25534941557892e-14,201
straight_var,10.0,0.0,0.005,4,family_a_W7,1.674222212935451e-13,1.0540984905073655e-14,201
straight_var,10.0,0.0,0.005,4,family_a_midspan_W5,0.003074988267064831,-2.8572293699302942e-05,201
straight_var,10.0,0.01,0.0,0,forward,0.13734684137255668,0.026717959284520195,201
straight_var,10.0,0.01,0.0,0,central,0.06426740804580079,0.0005481963107903433,201
straight_var,10.0,0.01,0.0,0,cubic_global,0.10681061014142552,0.0019196585871128964,201
straight_var,10.0,0.01,0.0,0,smoothing_spline,0.0005526135947010922,-1.2127760055106534e-05,201
straight_var,10.0,0.01,0.0,0,savgol_w5p2,0.030028905012574627,8.070043600529679e-05,201
straight_var,10.0,0.01,0.0,0,savgol_w7p3,0.04822295615671198,0.00020494527664293596,201
straight_var,10.0,0.01,0.0,0,savgol_w9p3,0.03145088849285338,0.00015185139666728216,201
straight_var,10.0,0.01,0.0,0,savgol_w11p3,0.023450302368328273,7.38063667969428e-05,201
straight_var,10.0,0.01,0.0,0,family_a_W3,0.04822295615680356,0.00020494527667068294,201
straight_var,10.0,0.01,0.0,0,family_a_W5,0.023450302368319433,7.380636677090041e-05,201
straight_var,10.0,0.01,0.0,0,family_a_W7,0.015359089844320762,0.0001430240831927641,201
straight_var,10.0,0.01,0.0,0,family_a_midspan_W5,0.013399625776595524,0.00045320124540584915,201
straight_var,10.0,0.01,0.0,1,forward,0.13562642823348284,0.026643378991903183,201
straight_var,10.0,0.01,0.0,1,central,0.07255580514070434,0.0005855132614214146,201
straight_var,10.0,0.01,0.0,1,cubic_global,0.11923557266948931,0.001549512190613178,201
straight_var,10.0,0.01,0.0,1,smoothing_spline,0.0004574150169095964,-1.9195286931896074e-07,201
straight_var,10.0,0.01,0.0,1,savgol_w5p2,0.028321125469533234,0.00015980884560732673,201
straight_var,10.0,0.01,0.0,1,savgol_w7p3,0.05038774357122484,0.00049579887338936,201
straight_var,10.0,0.01,0.0,1,savgol_w9p3,0.029596847018574464,3.632113466173602e-05,201
straight_var,10.0,0.01,0.0,1,savgol_w11p3,0.020124486331830792,-3.5113878989238425e-05,201
straight_var,10.0,0.01,0.0,1,family_a_W3,0.05038774357122684,0.0004957988734180153,201
straight_var,10.0,0.01,0.0,1,family_a_W5,0.0201244863318402,-3.511387901428837e-05,201
straight_var,10.0,0.01,0.0,1,family_a_W7,0.012937730375236848,-0.00021813145148407345,201
straight_var,10.0,0.01,0.0,1,family_a_midspan_W5,0.012828320488651127,-0.00019265838719744838,201
straight_var,10.0,0.01,0.0,2,forward,0.14197653453560627,0.026626651391749488,201
straight_var,10.0,0.01,0.0,2,central,0.065828844305135,0.0010062749256141128,201
straight_var,10.0,0.01,0.0,2,cubic_global,0.10954608865637992,0.002590663814888807,201
straight_var,10.0,0.01,0.0,2,smoothing_spline,0.0003126745996502821,8.58177083500002e-06,201
straight_var,10.0,0.01,0.0,2,savgol_w5p2,0.030821396972168447,4.227758422524402e-05,201
straight_var,10.0,0.01,0.0,2,savgol_w7p3,0.049360464116541436,0.00037529247150416573,201
straight_var,10.0,0.01,0.0,2,savgol_w9p3,0.03317354753489761,7.3060805543766e-06,201
straight_var,10.0,0.01,0.0,2,savgol_w11p3,0.023796940339058572,-8.786720268590542e-05,201
straight_var,10.0,0.01,0.0,2,family_a_W3,0.049360464116517,0.0003752924715294972,201
straight_var,10.0,0.01,0.0,2,family_a_W5,0.023796940339039476,-8.786720270885821e-05,201
straight_var,10.0,0.01,0.0,2,family_a_W7,0.014415975940477596,-5.826192952447939e-05,201
straight_var,10.0,0.01,0.0,2,family_a_midspan_W5,0.012580114562369583,0.00028178050586751306,201
straight_var,10.0,0.01,0.0,3,forward,0.14554624142171452,0.02677568347739139,201
straight_var,10.0,0.01,0.0,3,central,0.07101910983700896,-0.00026080066766319204,201
straight_var,10.0,0.01,0.0,3,cubic_global,0.11596643457834588,0.0005396862720263955,201
straight_var,10.0,0.01,0.0,3,smoothing_spline,0.0004156629250609018,0.00017943277212466738,201
straight_var,10.0,0.01,0.0,3,savgol_w5p2,0.0318450939832013,-0.00016799237701880338,201
straight_var,10.0,0.01,0.0,3,savgol_w7p3,0.05273322811510373,-0.0001743607613588785,201
straight_var,10.0,0.01,0.0,3,savgol_w9p3,0.03434155419082032,-0.0002811179869821423,201
straight_var,10.0,0.01,0.0,3,savgol_w11p3,0.02453110009856272,-0.0001568914982967458,201
straight_var,10.0,0.01,0.0,3,family_a_W3,0.05273322811507553,-0.00017436076132724143,201
straight_var,10.0,0.01,0.0,3,family_a_W5,0.02453110009856617,-0.00015689149832190738,201
straight_var,10.0,0.01,0.0,3,family_a_W7,0.013721974231006233,-0.00010361268593178253,201
straight_var,10.0,0.01,0.0,3,family_a_midspan_W5,0.013960185609744071,0.00021828485504410747,201
straight_var,10.0,0.01,0.0,4,forward,0.15095141670788886,0.026427247633912722,201
straight_var,10.0,0.01,0.0,4,central,0.06924862580090467,0.00012238815843656188,201
straight_var,10.0,0.01,0.0,4,cubic_global,0.12051478990070925,0.0010255899118310323,201
straight_var,10.0,0.01,0.0,4,smoothing_spline,0.00032443122732984605,4.418251278340571e-05,201
straight_var,10.0,0.01,0.0,4,savgol_w5p2,0.031074446568716337,-0.00010121339592215871,201
straight_var,10.0,0.01,0.0,4,savgol_w7p3,0.048297352747849284,5.161037147052834e-05,201
straight_var,10.0,0.01,0.0,4,savgol_w9p3,0.03328296142560759,-8.95435099051719e-05,201
straight_var,10.0,0.01,0.0,4,savgol_w11p3,0.02497026692968099,-0.00024458498334469154,201
straight_var,10.0,0.01,0.0,4,family_a_W3,0.04829735274784556,5.161037149406691e-05,201
straight_var,10.0,0.01,0.0,4,family_a_W5,0.02497026692969128,-0.00024458498337183925,201
straight_var,10.0,0.01,0.0,4,family_a_W7,0.016039567680547002,-0.0002455270472520223,201
straight_var,10.0,0.01,0.0,4,family_a_midspan_W5,0.012687737784837456,7.474152221653584e-05,201
straight_var,10.0,0.01,0.005,0,forward,0.1521719969289095,0.025593680412925073,201
straight_var,10.0,0.01,0.005,0,central,0.07795386988384152,-1.576543333817964e-05,201
straight_var,10.0,0.01,0.005,0,cubic_global,0.13076933026920443,0.0014873999729615316,201
straight_var,10.0,0.01,0.005,0,smoothing_spline,0.00046651050607344834,-2.364923083389042e-05,201
straight_var,10.0,0.01,0.005,0,savgol_w5p2,0.08924950477102535,0.005700954547229334,201
straight_var,10.0,0.01,0.005,0,savgol_w7p3,0.14652965904970783,0.004690997268629549,201
straight_var,10.0,0.01,0.005,0,savgol_w9p3,0.09328652537152683,0.005470666734062516,201
straight_var,10.0,0.01,0.005,0,savgol_w11p3,0.07151956355953729,0.006009179751867813,201
straight_var,10.0,0.01,0.005,0,family_a_W3,0.05553405217028966,-0.0004366277384055633,201
straight_var,10.0,0.01,0.005,0,family_a_W5,0.024210677694952113,-0.00039793452963248003,201
straight_var,10.0,0.01,0.005,0,family_a_W7,0.013890348142479844,-0.0002530609317017135,201
straight_var,10.0,0.01,0.005,0,family_a_midspan_W5,0.013737129902957688,0.00019564019710603285,201
straight_var,10.0,0.01,0.005,1,forward,0.1410762398671407,0.025593053821579656,201
straight_var,10.0,0.01,0.005,1,central,0.06326988339815336,0.0006557919084222884,201
straight_var,10.0,0.01,0.005,1,cubic_global,0.11414177268822048,0.001063189594307896,201
straight_var,10.0,0.01,0.005,1,smoothing_spline,0.000904354082997711,8.106589892830398e-05,201
straight_var,10.0,0.01,0.005,1,savgol_w5p2,0.08739808000206219,0.00914662704539294,201
straight_var,10.0,0.01,0.005,1,savgol_w7p3,0.15465090663290462,0.010443729558495152,201
straight_var,10.0,0.01,0.005,1,savgol_w9p3,0.08958379411771528,0.008810384157094703,201
straight_var,10.0,0.01,0.005,1,savgol_w11p3,0.06431715403705933,0.008145998384820354,201
straight_var,10.0,0.01,0.005,1,family_a_W3,0.04044466177632177,0.0006412083336166984,201
straight_var,10.0,0.01,0.005,1,family_a_W5,0.017198929207551145,0.00023206332834914927,201
straight_var,10.0,0.01,0.005,1,family_a_W7,0.010715477874260172,0.000167445303767731,201
straight_var,10.0,0.01,0.005,1,family_a_midspan_W5,0.010197017531776147,0.0003272064257390589,201
straight_var,10.0,0.01,0.005,2,forward,0.14621561029934577,0.02687360677790254,201
straight_var,10.0,0.01,0.005,2,central,0.07321943083922276,0.0010632799795794322,201
straight_var,10.0,0.01,0.005,2,cubic_global,0.12111384255213066,0.0015941854692001162,201
straight_var,10.0,0.01,0.005,2,smoothing_spline,0.0007687494066051745,7.598003129672401e-06,201
straight_var,10.0,0.01,0.005,2,savgol_w5p2,0.09912123057446072,0.014656493825931167,201
straight_var,10.0,0.01,0.005,2,savgol_w7p3,0.15280018464024758,0.015528214085367828,201
straight_var,10.0,0.01,0.005,2,savgol_w9p3,0.10693324021475757,0.014477652122347829,201
straight_var,10.0,0.01,0.005,2,savgol_w11p3,0.0759241319177681,0.013858702393472762,201
straight_var,10.0,0.01,0.005,2,family_a_W3,0.054328257833802504,0.0008132601304731048,201
straight_var,10.0,0.01,0.005,2,family_a_W5,0.028458124824788857,0.00023263187083530934,201
straight_var,10.0,0.01,0.005,2,family_a_W7,0.018493240176958785,0.00020509412113345275,201
straight_var,10.0,0.01,0.005,2,family_a_midspan_W5,0.014751104576302403,0.0003560092390913866,201
straight_var,10.0,0.01,0.005,3,forward,0.14679562169255253,0.025948963471603893,201
straight_var,10.0,0.01,0.005,3,central,0.07129690254222114,0.0010393548991374812,201
straight_var,10.0,0.01,0.005,3,cubic_global,0.12515517735482662,0.0005422897784798693,201
straight_var,10.0,0.01,0.005,3,smoothing_spline,0.0010965316368058457,0.00019416090725660288,201
straight_var,10.0,0.01,0.005,3,savgol_w5p2,0.09659848365793018,0.0006855041702131552,201
straight_var,10.0,0.01,0.005,3,savgol_w7p3,0.16046294732118302,0.0012669528726438545,201
straight_var,10.0,0.01,0.005,3,savgol_w9p3,0.10216652156590869,0.0006303458003551274,201
straight_var,10.0,0.01,0.005,3,savgol_w11p3,0.07301414769293392,0.0004334516357509954,201
straight_var,10.0,0.01,0.005,3,family_a_W3,0.049814926259547754,0.0009668380230227801,201
straight_var,10.0,0.01,0.005,3,family_a_W5,0.023601201414105624,9.358915840408372e-05,201
straight_var,10.0,0.01,0.005,3,family_a_W7,0.014178517168733626,-0.00011043359677002874,201
straight_var,10.0,0.01,0.005,3,family_a_midspan_W5,0.013579933620388998,0.00015229731061576376,201
straight_var,10.0,0.01,0.005,4,forward,0.15037258863155978,0.026816087020563196,201
straight_var,10.0,0.01,0.005,4,central,0.06726566139155495,0.000753874614585108,201
straight_var,10.0,0.01,0.005,4,cubic_global,0.12186894199603387,0.0014855349340833182,201
straight_var,10.0,0.01,0.005,4,smoothing_spline,0.0008339891614736189,-0.0003822116119539961,201
straight_var,10.0,0.01,0.005,4,savgol_w5p2,0.09088048410318712,0.0022552192291870037,201
straight_var,10.0,0.01,0.005,4,savgol_w7p3,0.1487580971377979,0.002475502039590931,201
straight_var,10.0,0.01,0.005,4,savgol_w9p3,0.09723129157337974,0.0023196658331805023,201
straight_var,10.0,0.01,0.005,4,savgol_w11p3,0.0721824640251739,0.0019675751204665127,201
straight_var,10.0,0.01,0.005,4,family_a_W3,0.049455685312627305,0.0006495859029446786,201
straight_var,10.0,0.01,0.005,4,family_a_W5,0.024165788156774975,0.00020659272845116212,201
straight_var,10.0,0.01,0.005,4,family_a_W7,0.01388093427488576,-0.00012178948379199004,201
straight_var,10.0,0.01,0.005,4,family_a_midspan_W5,0.012521735102059667,-0.00022802479823003343,201
straight_var,10.0,0.05,0.0,0,forward,0.6795195241518815,0.103166918139556,201
straight_var,10.0,0.05,0.0,0,central,0.3241670890368471,0.020626435166817236,201
straight_var,10.0,0.05,0.0,0,cubic_global,0.5418808765824847,0.056672977892664865,201
straight_var,10.0,0.05,0.0,0,smoothing_spline,0.002763660345532276,-5.9870544463916485e-05,201
straight_var,10.0,0.05,0.0,0,savgol_w5p2,0.15054681520115595,0.0036878662030449287,201
straight_var,10.0,0.05,0.0,0,savgol_w7p3,0.24213487034875508,0.010228774944559677,201
straight_var,10.0,0.05,0.0,0,savgol_w9p3,0.15744941744246368,0.0047146868364012886,201
straight_var,10.0,0.05,0.0,0,savgol_w11p3,0.11740503020754103,0.0023194226955445276,201
straight_var,10.0,0.05,0.0,0,family_a_W3,0.24213487034883863,0.01022877494458294,201
straight_var,10.0,0.05,0.0,0,family_a_W5,0.11740503020753112,0.002319422695523627,201
straight_var,10.0,0.05,0.0,0,family_a_W7,0.07689700469154172,0.0012881609573760402,201
straight_var,10.0,0.05,0.0,0,family_a_midspan_W5,0.06835261727771101,0.007181155804909594,201
straight_var,10.0,0.05,0.0,1,forward,0.6637593407304596,0.08502666069341613,201
straight_var,10.0,0.05,0.0,1,central,0.3625297551169806,0.012236783893825778,201
straight_var,10.0,0.05,0.0,1,cubic_global,0.5951340404033758,0.03882937239603872,201
straight_var,10.0,0.05,0.0,1,smoothing_spline,0.002279388510252726,2.3357098633335783e-06,201
straight_var,10.0,0.05,0.0,1,savgol_w5p2,0.14146855408470688,0.0020494505151440363,201
straight_var,10.0,0.05,0.0,1,savgol_w7p3,0.2514579077127538,0.0060482860001586335,201
straight_var,10.0,0.05,0.0,1,savgol_w9p3,0.1478290028289034,0.0016713505631540196,201
straight_var,10.0,0.05,0.0,1,savgol_w11p3,0.1006664394253969,0.0005054952727146447,201
straight_var,10.0,0.05,0.0,1,family_a_W3,0.25145790771275717,0.006048286000184957,201
straight_var,10.0,0.05,0.0,1,family_a_W5,0.10066643942540543,0.0005054952726926605,201
straight_var,10.0,0.05,0.0,1,family_a_W7,0.06465154171989995,-0.0008231182983257367,201
straight_var,10.0,0.05,0.0,1,family_a_midspan_W5,0.06379960803082159,0.0008816696813844316,201
straight_var,10.0,0.05,0.0,2,forward,0.6995155741623862,0.0969097226144639,201
straight_var,10.0,0.05,0.0,2,central,0.33162095539664527,0.020663197223386918,201
straight_var,10.0,0.05,0.0,2,cubic_global,0.551800190287892,0.054680380562131196,201
straight_var,10.0,0.05,0.0,2,smoothing_spline,0.0015636296749499963,4.446976194113881e-05,201
straight_var,10.0,0.05,0.0,2,savgol_w5p2,0.15447701183127804,0.003356758793508865,201
straight_var,10.0,0.05,0.0,2,savgol_w7p3,0.24823445075264114,0.009533359983284985,201
straight_var,10.0,0.05,0.0,2,savgol_w9p3,0.16568793190755568,0.004052726941514533,201
straight_var,10.0,0.05,0.0,2,savgol_w11p3,0.11909502910646382,0.0018555954283841275,201
straight_var,10.0,0.05,0.0,2,family_a_W3,0.24823445075262007,0.00953335998331333,201
straight_var,10.0,0.05,0.0,2,family_a_W5,0.11909502910644672,0.0018555954283590841,201
straight_var,10.0,0.05,0.0,2,family_a_W7,0.07199808532881119,0.000717306078009643,201
straight_var,10.0,0.05,0.0,2,family_a_midspan_W5,0.06350390688758567,0.006482722675123194,201
straight_var,10.0,0.05,0.0,3,forward,0.7150090009972903,0.09065295416054989,201
straight_var,10.0,0.05,0.0,3,central,0.3538864341871744,0.011494404872498977,201
straight_var,10.0,0.05,0.0,3,cubic_global,0.5662840453653225,0.04821097724415221,201
straight_var,10.0,0.05,0.0,3,smoothing_spline,0.0020782757117088083,0.0009004266657646787,201
straight_var,10.0,0.05,0.0,3,savgol_w5p2,0.15933196539454494,0.0014454810557816276,201
straight_var,10.0,0.05,0.0,3,savgol_w7p3,0.26408509344206144,0.0051135095176032645,201
straight_var,10.0,0.05,0.0,3,savgol_w9p3,0.1717490143132034,0.0010678905093277637,201
straight_var,10.0,0.05,0.0,3,savgol_w11p3,0.12269335293199714,0.00046982054237797144,201
straight_var,10.0,0.05,0.0,3,family_a_W3,0.26408509344203607,0.005113509517630334,201
straight_var,10.0,0.05,0.0,3,family_a_W5,0.12269335293200467,0.00046982054235496587,201
straight_var,10.0,0.05,0.0,3,family_a_W7,0.06872525391986387,-8.905243922354442e-05,201
straight_var,10.0,0.05,0.0,3,family_a_midspan_W5,0.06992622534938366,0.004278957511936115,201
straight_var,10.0,0.05,0.0,4,forward,0.7212202809297208,0.10253216429321327,201
straight_var,10.0,0.05,0.0,4,central,0.3454050142117431,0.011196975934782602,201
straight_var,10.0,0.05,0.0,4,cubic_global,0.5979787635460102,0.03738878372008613,201
straight_var,10.0,0.05,0.0,4,smoothing_spline,0.0016209642700875258,0.0002226425062789384,201
straight_var,10.0,0.05,0.0,4,savgol_w5p2,0.1561698140658946,0.0021512575156251664,201
straight_var,10.0,0.05,0.0,4,savgol_w7p3,0.24282691104638895,0.006483846881983411,201
straight_var,10.0,0.05,0.0,4,savgol_w9p3,0.16702933219812643,0.002582058914098617,201
straight_var,10.0,0.05,0.0,4,savgol_w11p3,0.12512466704038053,0.000466997480525876,201
straight_var,10.0,0.05,0.0,4,family_a_W3,0.24282691104637683,0.006483846882010631,201
straight_var,10.0,0.05,0.0,4,family_a_W5,0.1251246670403896,0.0004669974805048854,201
straight_var,10.0,0.05,0.0,4,family_a_W7,0.08023726325256454,-0.0006805344894018634,201
straight_var,10.0,0.05,0.0,4,family_a_midspan_W5,0.0638234898637641,0.0040610005286909915,201
straight_var,10.0,0.05,0.005,0,forward,0.7387643401592446,0.10142298674435585,201
straight_var,10.0,0.05,0.005,0,central,0.38320383709474903,0.0177652604647538,201
straight_var,10.0,0.05,0.005,0,cubic_global,0.6418086665372869,0.05642957288033662,201
straight_var,10.0,0.05,0.005,0,smoothing_spline,0.0023347243449879673,-0.00011432974446763475,201
straight_var,10.0,0.05,0.005,0,savgol_w5p2,0.1766493373304945,0.007285107305746751,201
straight_var,10.0,0.05,0.005,0,savgol_w7p3,0.2999221535528732,0.011249763748917611,201
straight_var,10.0,0.05,0.005,0,savgol_w9p3,0.1915426960359938,0.007959303207251064,201
straight_var,10.0,0.05,0.005,0,savgol_w11p3,0.13640322386543835,0.0064629265951556105,201
straight_var,10.0,0.05,0.005,0,family_a_W3,0.27737425516395164,0.006072615755978532,201
straight_var,10.0,0.05,0.005,0,family_a_W5,0.1207016458254234,-0.00011277221828838255,201
straight_var,10.0,0.05,0.005,0,family_a_W7,0.06952422441209852,-0.0007608874033792859,201
straight_var,10.0,0.05,0.005,0,family_a_midspan_W5,0.06931441771892419,0.005422238072912966,201
straight_var,10.0,0.05,0.005,1,forward,0.6970156844416114,0.07287751812797566,201
straight_var,10.0,0.05,0.005,1,central,0.31550024497398793,0.014411695379017004,201
straight_var,10.0,0.05,0.005,1,cubic_global,0.5676251600695172,0.03784980007067612,201
straight_var,10.0,0.05,0.005,1,smoothing_spline,0.004518786064295264,0.00040688729414486963,201
straight_var,10.0,0.05,0.005,1,savgol_w5p2,0.14084388360772185,0.012857243929757931,201
straight_var,10.0,0.05,0.005,1,savgol_w7p3,0.24200524344041893,0.017888095280456696,201
straight_var,10.0,0.05,0.005,1,savgol_w9p3,0.1469573347329048,0.013822342081652637,201
straight_var,10.0,0.05,0.005,1,savgol_w11p3,0.10440799482667662,0.010640197351921087,201
straight_var,10.0,0.05,0.005,1,family_a_W3,0.20230092455323995,0.008603794047148958,201
straight_var,10.0,0.05,0.005,1,family_a_W5,0.08611206128322249,0.002802854614559758,201
straight_var,10.0,0.05,0.005,1,family_a_W7,0.05353432487918014,0.0015067280796176809,201
straight_var,10.0,0.05,0.005,1,family_a_midspan_W5,0.05032526434196396,0.005135183290385705,201
straight_var,10.0,0.05,0.005,2,forward,0.7285177844154936,0.09081640773024659,201
straight_var,10.0,0.05,0.005,2,central,0.36609125351602384,0.016020163885760517,201
straight_var,10.0,0.05,0.005,2,cubic_global,0.5991483527386018,0.04723064575168001,201
straight_var,10.0,0.05,0.005,2,smoothing_spline,0.003843665333920393,3.8491242911856606e-05,201
straight_var,10.0,0.05,0.005,2,savgol_w5p2,0.20152348820221136,0.019062821725515808,201
straight_var,10.0,0.05,0.005,2,savgol_w7p3,0.31505427371409583,0.024938638383321554,201
straight_var,10.0,0.05,0.005,2,savgol_w9p3,0.2208236360119505,0.018819857991982214,201
straight_var,10.0,0.05,0.005,2,savgol_w11p3,0.16138658549702964,0.016429173764868715,201
straight_var,10.0,0.05,0.005,2,family_a_W3,0.27292588198536716,0.009861194698886392,201
straight_var,10.0,0.05,0.005,2,family_a_W5,0.14214072261801344,0.002591783701500442,201
straight_var,10.0,0.05,0.005,2,family_a_W7,0.0924519962386189,0.0016416291495209743,201
straight_var,10.0,0.05,0.005,2,family_a_midspan_W5,0.07196313221913733,0.0048806619041168835,201
straight_var,10.0,0.05,0.005,3,forward,0.7267774106312759,0.08357880815231843,201
straight_var,10.0,0.05,0.005,3,central,0.35497040320653594,0.01717442609521765,201
straight_var,10.0,0.05,0.005,3,cubic_global,0.6235083590997691,0.037169806601683786,201
straight_var,10.0,0.05,0.005,3,smoothing_spline,0.005481780549635918,0.0009806797710627197,201
straight_var,10.0,0.05,0.005,3,savgol_w5p2,0.1766888285865588,0.0042304367428985645,201
straight_var,10.0,0.05,0.005,3,savgol_w7p3,0.29598833114243567,0.010640891996803917,201
straight_var,10.0,0.05,0.005,3,savgol_w9p3,0.1789587025720467,0.004443635254831599,201
straight_var,10.0,0.05,0.005,3,savgol_w11p3,0.13005090025578928,0.0019368593596495744,201
straight_var,10.0,0.05,0.005,3,family_a_W3,0.24875483547408359,0.011248576744678667,201
straight_var,10.0,0.05,0.005,3,family_a_W5,0.11807322273395168,0.0016046301576289755,201
straight_var,10.0,0.05,0.005,3,family_a_W7,0.07080698475620203,-7.197910730608585e-05,201
straight_var,10.0,0.05,0.005,3,family_a_midspan_W5,0.06679588443152848,0.003657237182420357,201
straight_var,10.0,0.05,0.005,4,forward,0.7374622184516842,0.09572993605515792,201
straight_var,10.0,0.05,0.005,4,central,0.33686583877155846,0.01516669892891191,201
straight_var,10.0,0.05,0.005,4,cubic_global,0.6138441324092752,0.04355445784097337,201
straight_var,10.0,0.05,0.005,4,smoothing_spline,0.004177061535378295,-0.0019047301934746706,201
straight_var,10.0,0.05,0.005,4,savgol_w5p2,0.17016153781808122,0.00549713779560474,201
straight_var,10.0,0.05,0.005,4,savgol_w7p3,0.27082351929549314,0.010373258337420681,201
straight_var,10.0,0.05,0.005,4,savgol_w9p3,0.17947830901779036,0.005654918507278683,201
straight_var,10.0,0.05,0.005,4,savgol_w11p3,0.13365540318390454,0.004013250432822003,201
straight_var,10.0,0.05,0.005,4,family_a_W3,0.24862276704306924,0.008534186093129517,201
straight_var,10.0,0.05,0.005,4,family_a_W5,0.12077345102783535,0.0023047454410802274,201
straight_var,10.0,0.05,0.005,4,family_a_W7,0.06940604843993724,-8.413606321935501e-05,201
straight_var,10.0,0.05,0.005,4,family_a_midspan_W5,0.06087802767753168,0.001802539371527378,201
straight_var,10.0,0.2,0.0,0,forward,2.818836988274423,1.1020605427235832,201
straight_var,10.0,0.2,0.0,0,central,1.347863627780139,0.3061866005078297,201
straight_var,10.0,0.2,0.0,0,cubic_global,2.28421709539392,0.7748739674857871,201
straight_var,10.0,0.2,0.0,0,smoothing_spline,0.011063450072570535,-0.00022802469408193996,201
straight_var,10.0,0.2,0.0,0,savgol_w5p2,0.606874874122706,0.062183971049614796,201
straight_var,10.0,0.2,0.0,0,savgol_w7p3,0.9777742792671644,0.17060308239108266,201
straight_var,10.0,0.2,0.0,0,savgol_w9p3,0.6370428162872027,0.07461748037499054,201
straight_var,10.0,0.2,0.0,0,savgol_w11p3,0.474129456082229,0.037132137520383725,201
straight_var,10.0,0.2,0.0,0,family_a_W3,0.977774279267247,0.17060308239110472,201
straight_var,10.0,0.2,0.0,0,family_a_W5,0.4741294560822183,0.03713213752036008,201
straight_var,10.0,0.2,0.0,0,family_a_W7,0.30878153460720736,0.01379911918861687,201
straight_var,10.0,0.2,0.0,0,family_a_midspan_W5,0.3073010759979686,0.09363931668226352,201
straight_var,10.0,0.2,0.0,1,forward,2.6458610183165017,0.9677521199229787,201
straight_var,10.0,0.2,0.0,1,central,1.3944530264598332,0.2326742540464013,201
straight_var,10.0,0.2,0.0,1,cubic_global,2.3370511655607302,0.6714393026190768,201
straight_var,10.0,0.2,0.0,1,smoothing_spline,0.008999671934675308,5.97743412137744e-05,201
straight_var,10.0,0.2,0.0,1,savgol_w5p2,0.5583459212950558,0.029449030365514134,201
straight_var,10.0,0.2,0.0,1,savgol_w7p3,0.959809901000803,0.10210874885091087,201
straight_var,10.0,0.2,0.0,1,savgol_w9p3,0.5840901338426542,0.03174578537303046,201
straight_var,10.0,0.2,0.0,1,savgol_w11p3,0.4018779811144878,0.012653571908608448,201
straight_var,10.0,0.2,0.0,1,family_a_W3,0.959809901000807,0.10210874885094065,201
straight_var,10.0,0.2,0.0,1,family_a_W5,0.4018779811144938,0.01265357190858854,201
straight_var,10.0,0.2,0.0,1,family_a_W7,0.2578663405425742,0.0008471386782688468,201
straight_var,10.0,0.2,0.0,1,family_a_midspan_W5,0.2492225100792954,0.03998149958513501,201
straight_var,10.0,0.2,0.0,2,forward,2.839520272989235,1.0628259481090085,201
straight_var,10.0,0.2,0.0,2,central,1.3230635380488638,0.3201178228362784,201
straight_var,10.0,0.2,0.0,2,cubic_global,2.252611196934974,0.7763947064743115,201
straight_var,10.0,0.2,0.0,2,smoothing_spline,0.006258426056998962,0.0002012824355567794,201
straight_var,10.0,0.2,0.0,2,savgol_w5p2,0.6214826492974314,0.05961515127018231,201
straight_var,10.0,0.2,0.0,2,savgol_w7p3,0.9703515924621838,0.1646767917885377,201
straight_var,10.0,0.2,0.0,2,savgol_w9p3,0.6637259930303778,0.076549885607218,201
straight_var,10.0,0.2,0.0,2,savgol_w11p3,0.48047326813687796,0.04093912820269906,201
straight_var,10.0,0.2,0.0,2,family_a_W3,0.9703515924621643,0.16467679178856895,201
straight_var,10.0,0.2,0.0,2,family_a_W5,0.4804732681368553,0.0409391282026773,201
straight_var,10.0,0.2,0.0,2,family_a_W7,0.28762600111990777,0.018127096813625926,201
straight_var,10.0,0.2,0.0,2,family_a_midspan_W5,0.2804297044890421,0.09944217066233722,201
straight_var,10.0,0.2,0.0,3,forward,2.678357388929549,1.1514266102280675,201
straight_var,10.0,0.2,0.0,3,central,1.386905090791843,0.27127439566319267,201
straight_var,10.0,0.2,0.0,3,cubic_global,2.2954620846153473,0.7955936274275237,201
straight_var,10.0,0.2,0.0,3,smoothing_spline,0.008312783210637564,0.0036506642618264113,201
straight_var,10.0,0.2,0.0,3,savgol_w5p2,0.6252792729347751,0.04725752658090691,201
straight_var,10.0,0.2,0.0,3,savgol_w7p3,1.0355668632100223,0.1276024045137774,201
straight_var,10.0,0.2,0.0,3,savgol_w9p3,0.6697071912254191,0.051892416543105856,201
straight_var,10.0,0.2,0.0,3,savgol_w11p3,0.48646527382895743,0.022712171753431733,201
straight_var,10.0,0.2,0.0,3,family_a_W3,1.0355668632099897,0.12760240451380073,201
straight_var,10.0,0.2,0.0,3,family_a_W5,0.486465273828962,0.022712171753408714,201
straight_var,10.0,0.2,0.0,3,family_a_W7,0.27626980531938494,0.006019411912763344,201
straight_var,10.0,0.2,0.0,3,family_a_midspan_W5,0.28338069731636345,0.06976796414857087,201
straight_var,10.0,0.2,0.0,4,forward,2.821120269296908,1.2208533410007394,201
straight_var,10.0,0.2,0.0,4,central,1.3393838141182137,0.22853203896611643,201
straight_var,10.0,0.2,0.0,4,cubic_global,2.2247457632679306,0.7502958570999722,201
straight_var,10.0,0.2,0.0,4,smoothing_spline,0.006466300640291671,0.0009165755657073167,201
straight_var,10.0,0.2,0.0,4,savgol_w5p2,0.6307597814883208,0.046826831641799155,201
straight_var,10.0,0.2,0.0,4,savgol_w7p3,0.9705175961702287,0.12472126664759647,201
straight_var,10.0,0.2,0.0,4,savgol_w9p3,0.6726682986411042,0.05400870608718075,201
straight_var,10.0,0.2,0.0,4,savgol_w11p3,0.5037840698551797,0.02626166222017574,201
straight_var,10.0,0.2,0.0,4,family_a_W3,0.9705175961702107,0.1247212666476221,201
straight_var,10.0,0.2,0.0,4,family_a_W5,0.5037840698551861,0.02626166222015289,201
straight_var,10.0,0.2,0.0,4,family_a_W7,0.321059775978639,0.00543488645276612,201
straight_var,10.0,0.2,0.0,4,family_a_midspan_W5,0.26819685065632504,0.07114018419832553,201
straight_var,10.0,0.2,0.005,0,forward,2.885097720746501,1.2153822312540088,201
straight_var,10.0,0.2,0.005,0,central,1.4846674111646476,0.3365688784500889,201
straight_var,10.0,0.2,0.005,0,cubic_global,2.4727347999935527,0.8818691924998746,201
straight_var,10.0,0.2,0.005,0,smoothing_spline,0.00937230847297307,-0.0003989108775236535,201
straight_var,10.0,0.2,0.005,0,savgol_w5p2,0.6443914429134603,0.06115057607346933,201
straight_var,10.0,0.2,0.005,0,savgol_w7p3,1.0642417993647233,0.17346086954465212,201
straight_var,10.0,0.2,0.005,0,savgol_w9p3,0.7024694661007371,0.07676191284307224,201
straight_var,10.0,0.2,0.005,0,savgol_w11p3,0.4759311293120993,0.03709276722923091,201
straight_var,10.0,0.2,0.005,0,family_a_W3,1.0700822505246887,0.17040639413705916,201
straight_var,10.0,0.2,0.005,0,family_a_W5,0.47482945950818783,0.029716888550237384,201
straight_var,10.0,0.2,0.005,0,family_a_W7,0.27901095282023947,0.004465340745989505,201
straight_var,10.0,0.2,0.005,0,family_a_midspan_W5,0.2965284957377299,0.09735842662225784,201
straight_var,10.0,0.2,0.005,1,forward,2.634769464152142,0.9185482947302194,201
straight_var,10.0,0.2,0.005,1,central,1.2396056289246606,0.2370656755116687,201
straight_var,10.0,0.2,0.005,1,cubic_global,2.0931040177828097,0.7473645522900824,201
straight_var,10.0,0.2,0.005,1,smoothing_spline,0.018028518661273175,0.0016516396959166482,201
straight_var,10.0,0.2,0.005,1,savgol_w5p2,0.4706713574153249,0.05945301204815808,201
straight_var,10.0,0.2,0.005,1,savgol_w7p3,0.8073470962799646,0.1206505519193619,201
straight_var,10.0,0.2,0.005,1,savgol_w9p3,0.49745938367844467,0.07397736661555279,201
straight_var,10.0,0.2,0.005,1,savgol_w11p3,0.3530275280330695,0.04294346690360559,201
straight_var,10.0,0.2,0.005,1,family_a_W3,0.8089800077599216,0.11369516032777871,201
straight_var,10.0,0.2,0.005,1,family_a_W5,0.3475829139391989,0.03551928222660546,201
straight_var,10.0,0.2,0.005,1,family_a_W7,0.2141088185834094,0.016129469577657908,201
straight_var,10.0,0.2,0.005,1,family_a_midspan_W5,0.2167420895989847,0.07236009125810636,201
straight_var,10.0,0.2,0.005,2,forward,2.885601396846493,1.0090384364706038,201
straight_var,10.0,0.2,0.005,2,central,1.4082897051168857,0.2695667570322125,201
straight_var,10.0,0.2,0.005,2,cubic_global,2.325857230371415,0.773114729424165,201
straight_var,10.0,0.2,0.005,2,smoothing_spline,0.01537341735128519,0.00016148526289141356,201
straight_var,10.0,0.2,0.005,2,savgol_w5p2,0.7066771853526701,0.07107672096650586,201
straight_var,10.0,0.2,0.005,2,savgol_w7p3,1.1038244793385226,0.15573446231903734,201
straight_var,10.0,0.2,0.005,2,savgol_w9p3,0.7713298397238656,0.07511066918453645,201
straight_var,10.0,0.2,0.005,2,savgol_w11p3,0.5707479973719716,0.047820122299566,201
straight_var,10.0,0.2,0.005,2,family_a_W3,1.0797398566217122,0.14006113821289717,201
straight_var,10.0,0.2,0.005,2,family_a_W5,0.5633178400552318,0.033067735172462386,201
straight_var,10.0,0.2,0.005,2,family_a_W7,0.36867363930980157,0.016050594325899708,201
straight_var,10.0,0.2,0.005,2,family_a_midspan_W5,0.29355024904480803,0.0748311864889988,201
straight_var,10.0,0.2,0.005,3,forward,2.755788702642821,1.042965076210574,201
straight_var,10.0,0.2,0.005,3,central,1.3963576923729604,0.2602702070984984,201
straight_var,10.0,0.2,0.005,3,cubic_global,2.396382861944122,0.691815344105197,201
straight_var,10.0,0.2,0.005,3,smoothing_spline,0.02192328160107097,0.0040711593043484965,201
straight_var,10.0,0.2,0.005,3,savgol_w5p2,0.6186519139450075,0.04852910184247103,201
straight_var,10.0,0.2,0.005,3,savgol_w7p3,1.014720729980291,0.13452896738140166,201
straight_var,10.0,0.2,0.005,3,savgol_w9p3,0.636755846327767,0.05400862080488106,201
straight_var,10.0,0.2,0.005,3,savgol_w11p3,0.46781265024005275,0.023633024796703917,201
straight_var,10.0,0.2,0.005,3,family_a_W3,0.994947734724467,0.13949202355776918,201
straight_var,10.0,0.2,0.005,3,family_a_W5,0.47253313424614024,0.023606919382068912,201
straight_var,10.0,0.2,0.005,3,family_a_W7,0.28195976063826783,0.0070231128202521255,201
straight_var,10.0,0.2,0.005,3,family_a_midspan_W5,0.270627931707177,0.05899163139831197,201
straight_var,10.0,0.2,0.005,4,forward,2.8878348760293067,1.0714005462385026,201
straight_var,10.0,0.2,0.005,4,central,1.35261235756567,0.23602990575190283,201
straight_var,10.0,0.2,0.005,4,cubic_global,2.4826213075973467,0.6775755619298809,201
straight_var,10.0,0.2,0.005,4,smoothing_spline,0.016815424591457757,-0.007525760991040609,201
straight_var,10.0,0.2,0.005,4,savgol_w5p2,0.6305076391174863,0.0473527661049359,201
straight_var,10.0,0.2,0.005,4,savgol_w7p3,0.9771830173197513,0.12633929869404387,201
straight_var,10.0,0.2,0.005,4,savgol_w9p3,0.6524088911724754,0.052653756737706815,201
straight_var,10.0,0.2,0.005,4,savgol_w11p3,0.48095895611033235,0.030337809937037045,201
straight_var,10.0,0.2,0.005,4,family_a_W3,0.9796945561456092,0.12576448218990863,201
straight_var,10.0,0.2,0.005,4,family_a_W5,0.47993856035144977,0.028976086726325474,201
straight_var,10.0,0.2,0.005,4,family_a_W7,0.2773181349731826,0.007616860949482934,201
straight_var,10.0,0.2,0.005,4,family_a_midspan_W5,0.24423919405698782,0.05605533172151011,201
straight_var,50.0,0.0,0.0,0,forward,0.004750000000000392,0.004750000000000392,1001
straight_var,50.0,0.0,0.0,0,central,1.2282136598893812e-13,2.3448994626655637e-16,1001
straight_var,50.0,0.0,0.0,0,cubic_global,2.206515653189625e-13,5.44637710193473e-16,1001
straight_var,50.0,0.0,0.0,0,smoothing_spline,2.001924723883562e-14,2.8355662866452944e-15,1001
straight_var,50.0,0.0,0.0,0,savgol_w5p2,7.065156822418127e-13,5.66154226718553e-13,1001
straight_var,50.0,0.0,0.0,0,savgol_w7p3,2.3536878779832977e-13,1.4226935081984866e-13,1001
straight_var,50.0,0.0,0.0,0,savgol_w9p3,1.7214283053860872e-13,1.0277942019477983e-13,1001
straight_var,50.0,0.0,0.0,0,savgol_w11p3,1.3427755439875327e-13,8.214479780812847e-14,1001
straight_var,50.0,0.0,0.0,0,family_a_W3,1.8162122436334324e-12,6.27621028277137e-14,1001
straight_var,50.0,0.0,0.0,0,family_a_W5,6.156738374254592e-13,2.1962084389346896e-14,1001
straight_var,50.0,0.0,0.0,0,family_a_W7,1.0066420255735563e-12,-1.8105014343085336e-14,1001
straight_var,50.0,0.0,0.0,0,family_a_midspan_W5,1.2949146030474533e-12,-1.3039637195883234e-14,1001
straight_var,50.0,0.0,0.0,1,forward,0.004750000000000392,0.004750000000000392,1001
straight_var,50.0,0.0,0.0,1,central,1.2282136598893812e-13,2.3448994626655637e-16,1001
straight_var,50.0,0.0,0.0,1,cubic_global,2.206515653189625e-13,5.44637710193473e-16,1001
straight_var,50.0,0.0,0.0,1,smoothing_spline,2.001924723883562e-14,2.8355662866452944e-15,1001
straight_var,50.0,0.0,0.0,1,savgol_w5p2,7.065156822418127e-13,5.66154226718553e-13,1001
straight_var,50.0,0.0,0.0,1,savgol_w7p3,2.3536878779832977e-13,1.4226935081984866e-13,1001
straight_var,50.0,0.0,0.0,1,savgol_w9p3,1.7214283053860872e-13,1.0277942019477983e-13,1001
straight_var,50.0,0.0,0.0,1,savgol_w11p3,1.3427755439875327e-13,8.214479780812847e-14,1001
straight_var,50.0,0.0,0.0,1,family_a_W3,1.8162122436334324e-12,6.27621028277137e-14,1001
straight_var,50.0,0.0,0.0,1,family_a_W5,6.156738374254592e-13,2.1962084389346896e-14,1001
straight_var,50.0,0.0,0.0,1,family_a_W7,1.0066420255735563e-12,-1.8105014343085336e-14,1001
straight_var,50.0,0.0,0.0,1,family_a_midspan_W5,1.2949146030474533e-12,-1.3039637195883234e-14,1001
straight_var,50.0,0.0,0.0,2,forward,0.004750000000000392,0.004750000000000392,1001
straight_var,50.0,0.0,0.0,2,central,1.2282136598893812e-13,2.3448994626655637e-16,1001
straight_var,50.0,0.0,0.0,2,cubic_global,2.206515653189625e-13,5.44637710193473e-16,1001
straight_var,50.0,0.0,0.0,2,smoothing_spline,2.001924723883562e-14,2.8355662866452944e-15,1001
straight_var,50.0,0.0,0.0,2,savgol_w5p2,7.065156822418127e-13,5.66154226718553e-13,1001
straight_var,50.0,0.0,0.0,2,savgol_w7p3,2.3536878779832977e-13,1.4226935081984866e-13,1001
straight_var,50.0,0.0,0.0,2,savgol_w9p3,1.7214283053860872e-13,1.0277942019477983e-13,1001
straight_var,50.0,0.0,0.0,2,savgol_w11p3,1.3427755439875327e-13,8.214479780812847e-14,1001
straight_var,50.0,0.0,0.0,2,family_a_W3,1.8162122436334324e-12,6.27621028277137e-14,1001
straight_var,50.0,0.0,0.0,2,family_a_W5,6.156738374254592e-13,2.1962084389346896e-14,1001
straight_var,50.0,0.0,0.0,2,family_a_W7,1.0066420255735563e-12,-1.8105014343085336e-14,1001
straight_var,50.0,0.0,0.0,2,family_a_midspan_W5,1.2949146030474533e-12,-1.3039637195883234e-14,1001
straight_var,50.0,0.0,0.0,3,forward,0.004750000000000392,0.004750000000000392,1001
straight_var,50.0,0.0,0.0,3,central,1.2282136598893812e-13,2.3448994626655637e-16,1001
straight_var,50.0,0.0,0.0,3,cubic_global,2.206515653189625e-13,5.44637710193473e-16,1001
straight_var,50.0,0.0,0.0,3,smoothing_spline,2.001924723883562e-14,2.8355662866452944e-15,1001
straight_var,50.0,0.0,0.0,3,savgol_w5p2,7.065156822418127e-13,5.66154226718553e-13,1001
straight_var,50.0,0.0,0.0,3,savgol_w7p3,2.3536878779832977e-13,1.4226935081984866e-13,1001
straight_var,50.0,0.0,0.0,3,savgol_w9p3,1.7214283053860872e-13,1.0277942019477983e-13,1001
straight_var,50.0,0.0,0.0,3,savgol_w11p3,1.3427755439875327e-13,8.214479780812847e-14,1001
straight_var,50.0,0.0,0.0,3,family_a_W3,1.8162122436334324e-12,6.27621028277137e-14,1001
straight_var,50.0,0.0,0.0,3,family_a_W5,6.156738374254592e-13,2.1962084389346896e-14,1001
straight_var,50.0,0.0,0.0,3,family_a_W7,1.0066420255735563e-12,-1.8105014343085336e-14,1001
straight_var,50.0,0.0,0.0,3,family_a_midspan_W5,1.2949146030474533e-12,-1.3039637195883234e-14,1001
straight_var,50.0,0.0,0.0,4,forward,0.004750000000000392,0.004750000000000392,1001
straight_var,50.0,0.0,0.0,4,central,1.2282136598893812e-13,2.3448994626655637e-16,1001
straight_var,50.0,0.0,0.0,4,cubic_global,2.206515653189625e-13,5.44637710193473e-16,1001
straight_var,50.0,0.0,0.0,4,smoothing_spline,2.001924723883562e-14,2.8355662866452944e-15,1001
straight_var,50.0,0.0,0.0,4,savgol_w5p2,7.065156822418127e-13,5.66154226718553e-13,1001
straight_var,50.0,0.0,0.0,4,savgol_w7p3,2.3536878779832977e-13,1.4226935081984866e-13,1001
straight_var,50.0,0.0,0.0,4,savgol_w9p3,1.7214283053860872e-13,1.0277942019477983e-13,1001
straight_var,50.0,0.0,0.0,4,savgol_w11p3,1.3427755439875327e-13,8.214479780812847e-14,1001
straight_var,50.0,0.0,0.0,4,family_a_W3,1.8162122436334324e-12,6.27621028277137e-14,1001
straight_var,50.0,0.0,0.0,4,family_a_W5,6.156738374254592e-13,2.1962084389346896e-14,1001
straight_var,50.0,0.0,0.0,4,family_a_W7,1.0066420255735563e-12,-1.8105014343085336e-14,1001
straight_var,50.0,0.0,0.0,4,family_a_midspan_W5,1.2949146030474533e-12,-1.3039637195883234e-14,1001
straight_var,50.0,0.0,0.005,0,forward,0.005027010389888049,0.004748923576198863,1001
straight_var,50.0,0.0,0.005,0,central,0.0028521620526691114,1.0139962798269912e-06,1001
straight_var,50.0,0.0,0.005,0,cubic_global,5.323874037558686e-13,6.786900551978801e-15,1001
straight_var,50.0,0.0,0.005,0,smoothing_spline,2.684398973729699e-14,-8.457903264180993e-15,1001
straight_var,50.0,0.0,0.005,0,savgol_w5p2,0.4282220486868014,-0.04485382326178594,1001
straight_var,50.0,0.0,0.005,0,savgol_w7p3,0.6756833838586694,-0.04421907429243123,1001
straight_var,50.0,0.0,0.005,0,savgol_w9p3,0.4666669174721852,-0.04518286333866932,1001
straight_var,50.0,0.0,0.005,0,savgol_w11p3,0.34596259525371253,-0.045660539337423936,1001
straight_var,50.0,0.0,0.005,0,family_a_W3,9.517468128045047e-13,-1.6069892980742484e-14,1001
straight_var,50.0,0.0,0.005,0,family_a_W5,4.884462943302792e-13,-1.937037286027465e-16,1001
straight_var,50.0,0.0,0.005,0,family_a_W7,4.2937914969874293e-13,-1.2626969392390487e-14,1001
straight_var,50.0,0.0,0.005,0,family_a_midspan_W5,0.0029299659563585823,1.3101202613180898e-05,1001
straight_var,50.0,0.0,0.005,1,forward,0.005039540683381031,0.00474854748073494,1001
straight_var,50.0,0.0,0.005,1,central,0.002922786577281988,2.4953548860087934e-06,1001
straight_var,50.0,0.0,0.005,1,cubic_global,4.844492831256458e-13,-7.70834869605726e-15,1001
straight_var,50.0,0.0,0.005,1,smoothing_spline,1.756418107775324e-14,-3.082748016656178e-15,1001
straight_var,50.0,0.0,0.005,1,savgol_w5p2,0.4831748715433542,0.01852044249947671,1001
straight_var,50.0,0.0,0.005,1,savgol_w7p3,0.7687102097888986,0.01755322333358473,1001
straight_var,50.0,0.0,0.005,1,savgol_w9p3,0.5186503149195998,0.01813297979072774,1001
straight_var,50.0,0.0,0.005,1,savgol_w11p3,0.3777016010809317,0.018738322823005853,1001
straight_var,50.0,0.0,0.005,1,family_a_W3,6.370564835237619e-13,-1.524726824018782e-14,1001
straight_var,50.0,0.0,0.005,1,family_a_W5,6.134040711071886e-13,-4.031428046244312e-15,1001
straight_var,50.0,0.0,0.005,1,family_a_W7,5.004368990353319e-13,1.3195019130850195e-14,1001
straight_var,50.0,0.0,0.005,1,family_a_midspan_W5,0.002884570793031611,8.731030396723197e-07,1001
straight_var,50.0,0.0,0.005,2,forward,0.005039347094905126,0.0047491376865276234,1001
straight_var,50.0,0.0,0.005,2,central,0.0029165505580119413,5.580745328805369e-07,1001
straight_var,50.0,0.0,0.005,2,cubic_global,6.608237146462589e-13,-9.294082336889795e-15,1001
straight_var,50.0,0.0,0.005,2,smoothing_spline,3.8087559025123354e-14,-7.765400112306034e-16,1001
straight_var,50.0,0.0,0.005,2,savgol_w5p2,0.47755180404703074,0.0007229465715134587,1001
straight_var,50.0,0.0,0.005,2,savgol_w7p3,0.765374507169985,0.0006711989284340203,1001
straight_var,50.0,0.0,0.005,2,savgol_w9p3,0.5107109812694687,0.0013408010961809698,1001
straight_var,50.0,0.0,0.005,2,savgol_w11p3,0.372097100706677,0.00047610061310679783,1001
straight_var,50.0,0.0,0.005,2,family_a_W3,7.03082028572112e-13,-1.0918384213760918e-14,1001
straight_var,50.0,0.0,0.005,2,family_a_W5,4.940344565482553e-13,-1.2757090981070195e-15,1001
straight_var,50.0,0.0,0.005,2,family_a_W7,3.653692722498433e-13,1.6976554580652797e-14,1001
straight_var,50.0,0.0,0.005,2,family_a_midspan_W5,0.0029963603882548536,1.8835130156446113e-06,1001
straight_var,50.0,0.0,0.005,3,forward,0.005031715857564416,0.004751329823129585,1001
straight_var,50.0,0.0,0.005,3,central,0.0028654721587109346,2.8521630995432806e-06,1001
straight_var,50.0,0.0,0.005,3,cubic_global,3.843228059359554e-13,-6.6507411244304324e-15,1001
straight_var,50.0,0.0,0.005,3,smoothing_spline,1.2704712452065026e-14,-8.837424564496807e-16,1001
straight_var,50.0,0.0,0.005,3,savgol_w5p2,0.46762133866098643,0.02421781975965221,1001
straight_var,50.0,0.0,0.005,3,savgol_w7p3,0.7595583862421705,0.02434490567333346,1001
straight_var,50.0,0.0,0.005,3,savgol_w9p3,0.4996032303606616,0.024182478188931288,1001
straight_var,50.0,0.0,0.005,3,savgol_w11p3,0.36633708967267986,0.02420313070625696,1001
straight_var,50.0,0.0,0.005,3,family_a_W3,7.241291463865371e-13,-4.818811523198224e-15,1001
straight_var,50.0,0.0,0.005,3,family_a_W5,3.715009139774808e-13,2.9495458979414398e-15,1001
straight_var,50.0,0.0,0.005,3,family_a_W7,4.587948744628182e-13,-1.0617970924744698e-15,1001
straight_var,50.0,0.0,0.005,3,family_a_midspan_W5,0.0028397448697562943,4.95917346602305e-06,1001
straight_var,50.0,0.0,0.005,4,forward,0.005051018626512894,0.004750591905826828,1001
straight_var,50.0,0.0,0.005,4,central,0.0030063904380549272,1.6795632338054056e-06,1001
straight_var,50.0,0.0,0.005,4,cubic_global,8.006785865133493e-13,1.164119978118058e-14,1001
straight_var,50.0,0.0,0.005,4,smoothing_spline,2.389760647314043e-14,8.179423349014194e-16,1001
straight_var,50.0,0.0,0.005,4,savgol_w5p2,0.45086017716794013,-0.05694831286078632,1001
straight_var,50.0,0.0,0.005,4,savgol_w7p3,0.7152299976933049,-0.057280794109682225,1001
straight_var,50.0,0.0,0.005,4,savgol_w9p3,0.48143607110961145,-0.05700147217144491,1001
straight_var,50.0,0.0,0.005,4,savgol_w11p3,0.35440931689950067,-0.056790129186451314,1001
straight_var,50.0,0.0,0.005,4,family_a_W3,6.443053924767274e-13,1.5921657875456797e-14,1001
straight_var,50.0,0.0,0.005,4,family_a_W5,5.762541738796434e-13,-2.3009957486063026e-14,1001
straight_var,50.0,0.0,0.005,4,family_a_W7,5.850874181448403e-13,2.584687920592373e-15,1001
straight_var,50.0,0.0,0.005,4,family_a_midspan_W5,0.0029402469288872125,9.077077223034617e-06,1001
straight_var,50.0,0.01,0.0,0,forward,0.6934755669525126,0.07697806579243716,1001
straight_var,50.0,0.01,0.0,0,central,0.34817396571197945,0.017134893403498143,1001
straight_var,50.0,0.01,0.0,0,cubic_global,0.5796281154223779,0.051334449262768554,1001
straight_var,50.0,0.01,0.0,0,smoothing_spline,0.00029827938085051305,-0.00014723076382299385,1001
straight_var,50.0,0.01,0.0,0,savgol_w5p2,0.15418753167000704,0.002464438633188,1001
straight_var,50.0,0.01,0.0,0,savgol_w7p3,0.24850648758436086,0.007697266186408833,1001
straight_var,50.0,0.01,0.0,0,savgol_w9p3,0.16713495737775458,0.0029112415034302616,1001
straight_var,50.0,0.01,0.0,0,savgol_w11p3,0.12131102255341006,0.0009771620556724358,1001
straight_var,50.0,0.01,0.0,0,family_a_W3,0.24850648758428362,0.007697266186331365,1001
straight_var,50.0,0.01,0.0,0,family_a_W5,0.12131102255341508,0.0009771620556057268,1001
straight_var,50.0,0.01,0.0,0,family_a_W7,0.07334536896513198,-0.00011245252033588084,1001
straight_var,50.0,0.01,0.0,0,family_a_midspan_W5,0.06613548682551054,0.0036702940365381017,1001
straight_var,50.0,0.01,0.0,1,forward,0.7112614804584743,0.07418853462915646,1001
straight_var,50.0,0.01,0.0,1,central,0.35433909254036877,0.016281128519451637,1001
straight_var,50.0,0.01,0.0,1,cubic_global,0.5954457152616018,0.04734944299712825,1001
straight_var,50.0,0.01,0.0,1,smoothing_spline,0.00044185073322463035,5.064010494086466e-05,1001
straight_var,50.0,0.01,0.0,1,savgol_w5p2,0.1544185120452054,0.0027383369873080106,1001
straight_var,50.0,0.01,0.0,1,savgol_w7p3,0.25076968476138656,0.007909151843821417,1001
straight_var,50.0,0.01,0.0,1,savgol_w9p3,0.16575626893383252,0.003289287795435664,1001
straight_var,50.0,0.01,0.0,1,savgol_w11p3,0.11937474181520225,0.001532930111540209,1001
straight_var,50.0,0.01,0.0,1,family_a_W3,0.25076968476133044,0.007909151843735533,1001
straight_var,50.0,0.01,0.0,1,family_a_W5,0.11937474181522553,0.0015329301114766303,1001
straight_var,50.0,0.01,0.0,1,family_a_W7,0.07309948823909114,0.00039544432821627757,1001
straight_var,50.0,0.01,0.0,1,family_a_midspan_W5,0.06458745877100014,0.004792625139106501,1001
straight_var,50.0,0.01,0.0,2,forward,0.7127308644627156,0.07041190295858932,1001
straight_var,50.0,0.01,0.0,2,central,0.35807109669323106,0.015408355532911835,1001
straight_var,50.0,0.01,0.0,2,cubic_global,0.5973167654441983,0.045090793776191324,1001
straight_var,50.0,0.01,0.0,2,smoothing_spline,0.00017158834311816273,2.672489056780927e-05,1001
straight_var,50.0,0.01,0.0,2,savgol_w5p2,0.16162937251557338,0.003628569795080013,1001
straight_var,50.0,0.01,0.0,2,savgol_w7p3,0.2571478897013619,0.008721546298608539,1001
straight_var,50.0,0.01,0.0,2,savgol_w9p3,0.17435039397835794,0.004302201427708904,1001
straight_var,50.0,0.01,0.0,2,savgol_w11p3,0.12847154069701272,0.002205134767962656,1001
straight_var,50.0,0.01,0.0,2,family_a_W3,0.2571478897013086,0.00872154629852957,1001
straight_var,50.0,0.01,0.0,2,family_a_W5,0.12847154069699931,0.002205134767902505,1001
straight_var,50.0,0.01,0.0,2,family_a_W7,0.08078426324027531,0.0006907157230310434,1001
straight_var,50.0,0.01,0.0,2,family_a_midspan_W5,0.06622805377382718,0.004629543434361861,1001
straight_var,50.0,0.01,0.0,3,forward,0.6938823023247085,0.06635343964416901,1001
straight_var,50.0,0.01,0.0,3,central,0.34989460306370795,0.016636125746337084,1001
straight_var,50.0,0.01,0.0,3,cubic_global,0.5771229582380406,0.04613590507791404,1001
straight_var,50.0,0.01,0.0,3,smoothing_spline,0.0003671389413576052,4.941954905086685e-05,1001
straight_var,50.0,0.01,0.0,3,savgol_w5p2,0.15809857245182077,0.0031719593604860948,1001
straight_var,50.0,0.01,0.0,3,savgol_w7p3,0.2579974815232679,0.008472803332759984,1001
straight_var,50.0,0.01,0.0,3,savgol_w9p3,0.16864740624537786,0.003654593058309184,1001
straight_var,50.0,0.01,0.0,3,savgol_w11p3,0.12239483104836671,0.0019318709415239448,1001
straight_var,50.0,0.01,0.0,3,family_a_W3,0.2579974815233095,0.008472803332658688,1001
straight_var,50.0,0.01,0.0,3,family_a_W5,0.12239483104836928,0.0019318709414709908,1001
straight_var,50.0,0.01,0.0,3,family_a_W7,0.07678272138820291,0.0007044697602412299,1001
straight_var,50.0,0.01,0.0,3,family_a_midspan_W5,0.06679794711881891,0.004333928592583303,1001
straight_var,50.0,0.01,0.0,4,forward,0.714879531769593,0.07455812113973248,1001
straight_var,50.0,0.01,0.0,4,central,0.3485904973689379,0.016733274301927115,1001
straight_var,50.0,0.01,0.0,4,cubic_global,0.5968877602325955,0.048246500246113926,1001
straight_var,50.0,0.01,0.0,4,smoothing_spline,0.0004256904325228792,-3.679444466500712e-05,1001
straight_var,50.0,0.01,0.0,4,savgol_w5p2,0.1569332432882788,0.00309961422883163,1001
straight_var,50.0,0.01,0.0,4,savgol_w7p3,0.2487520279296483,0.008299835722945383,1001
straight_var,50.0,0.01,0.0,4,savgol_w9p3,0.16642618918905444,0.0036397301087052903,1001
straight_var,50.0,0.01,0.0,4,savgol_w11p3,0.12213286744173936,0.001985783654539573,1001
straight_var,50.0,0.01,0.0,4,family_a_W3,0.24875202792965437,0.008299835722858417,1001
straight_var,50.0,0.01,0.0,4,family_a_W5,0.12213286744173527,0.0019857836544726845,1001
straight_var,50.0,0.01,0.0,4,family_a_W7,0.07757948447163436,0.0007780186133027188,1001
straight_var,50.0,0.01,0.0,4,family_a_midspan_W5,0.06369849531303481,0.004722564182519608,1001
straight_var,50.0,0.01,0.005,0,forward,1.1727796552001741,0.16358308961007573,1001
straight_var,50.0,0.01,0.005,0,central,0.3868724273787184,0.01804476827304422,1001
straight_var,50.0,0.01,0.005,0,cubic_global,1.4471244912329566,0.23790392948204078,1001
straight_var,50.0,0.01,0.005,0,smoothing_spline,0.00020702103124479524,-5.5772563870193776e-05,1001
straight_var,50.0,0.01,0.005,0,savgol_w5p2,0.4695233967147038,-0.04167446628970926,1001
straight_var,50.0,0.01,0.005,0,savgol_w7p3,0.7414296729720361,-0.035390726844575934,1001
straight_var,50.0,0.01,0.005,0,savgol_w9p3,0.5127630733714289,-0.04158816319822329,1001
straight_var,50.0,0.01,0.005,0,savgol_w11p3,0.3772064170800587,-0.04371921756720851,1001
straight_var,50.0,0.01,0.005,0,family_a_W3,0.2699399066714853,0.009270722703759917,1001
straight_var,50.0,0.01,0.005,0,family_a_W5,0.12480534764003175,0.001874483099742766,1001
straight_var,50.0,0.01,0.005,0,family_a_W7,0.07671155526478082,0.0005666069655544666,1001
straight_var,50.0,0.01,0.005,0,family_a_midspan_W5,0.06628258025948829,0.0040944384479756225,1001
straight_var,50.0,0.01,0.005,1,forward,2.268910103788787,0.2721645544649467,1001
straight_var,50.0,0.01,0.005,1,central,0.38640855221586573,0.019475284718705473,1001
straight_var,50.0,0.01,0.005,1,cubic_global,3.0921061519042112,0.45840663521404135,1001
straight_var,50.0,0.01,0.005,1,smoothing_spline,0.0003427705148903738,0.0001263486375660406,1001
straight_var,50.0,0.01,0.005,1,savgol_w5p2,0.5165966828383786,0.022456698517964717,1001
straight_var,50.0,0.01,0.005,1,savgol_w7p3,0.8149995879863795,0.027021047259254517,1001
straight_var,50.0,0.01,0.005,1,savgol_w9p3,0.5556695369740693,0.022565400950704036,1001
straight_var,50.0,0.01,0.005,1,savgol_w11p3,0.4074834754167313,0.021174237274020794,1001
straight_var,50.0,0.01,0.005,1,family_a_W3,0.27036858536194935,0.009897844294572682,1001
straight_var,50.0,0.01,0.005,1,family_a_W5,0.1303161815187507,0.00282227413506594,1001
straight_var,50.0,0.01,0.005,1,family_a_W7,0.08074742957504188,0.0013680252194078156,1001
straight_var,50.0,0.01,0.005,1,family_a_midspan_W5,0.06919497786240474,0.005276254804892365,1001
straight_var,50.0,0.01,0.005,2,forward,1.6236349162363604,0.20431592113133729,1001
straight_var,50.0,0.01,0.005,2,central,0.36234358027806884,0.014496412631130494,1001
straight_var,50.0,0.01,0.005,2,cubic_global,2.1474912005039357,0.3171077467887588,1001
straight_var,50.0,0.01,0.005,2,smoothing_spline,0.000280553433849185,5.428647124369428e-05,1001
straight_var,50.0,0.01,0.005,2,savgol_w5p2,0.5057523261180068,0.003989782008669581,1001
straight_var,50.0,0.01,0.005,2,savgol_w7p3,0.8060671141402332,0.00954397854547151,1001
straight_var,50.0,0.01,0.005,2,savgol_w9p3,0.5430625611821005,0.005329393296360602,1001
straight_var,50.0,0.01,0.005,2,savgol_w11p3,0.3948337198897681,0.002476681608041398,1001
straight_var,50.0,0.01,0.005,2,family_a_W3,0.2701018629310157,0.012048960416846496,1001
straight_var,50.0,0.01,0.005,2,family_a_W5,0.12619064331379665,0.0018389693540120172,1001
straight_var,50.0,0.01,0.005,2,family_a_W7,0.07277758340453172,0.0006253315481491629,1001
straight_var,50.0,0.01,0.005,2,family_a_midspan_W5,0.06336996014480387,0.005075530282253309,1001
straight_var,50.0,0.01,0.005,3,forward,4.410239518062144,0.29840513003595726,1001
straight_var,50.0,0.01,0.005,3,central,0.36230122142882126,0.01996189476936769,1001
straight_var,50.0,0.01,0.005,3,cubic_global,6.252959427346772,0.54734812788346,1001
straight_var,50.0,0.01,0.005,3,smoothing_spline,0.0003792843269193482,-5.261452811831918e-05,1001
straight_var,50.0,0.01,0.005,3,savgol_w5p2,0.48241239643559386,0.027725388962565267,1001
straight_var,50.0,0.01,0.005,3,savgol_w7p3,0.7914749520762714,0.03299415481633803,1001
straight_var,50.0,0.01,0.005,3,savgol_w9p3,0.5137888876402031,0.028273614001926108,1001
straight_var,50.0,0.01,0.005,3,savgol_w11p3,0.37537828057092315,0.026536126561025806,1001
straight_var,50.0,0.01,0.005,3,family_a_W3,0.25573923937967885,0.009288628455799317,1001
straight_var,50.0,0.01,0.005,3,family_a_W5,0.12200617375995211,0.0030520797304576463,1001
straight_var,50.0,0.01,0.005,3,family_a_W7,0.07630159619017426,0.0013966325902976476,1001
straight_var,50.0,0.01,0.005,3,family_a_midspan_W5,0.06536566859566958,0.004498048676105137,1001
straight_var,50.0,0.01,0.005,4,forward,1.8541087215274636,0.24108588292980163,1001
straight_var,50.0,0.01,0.005,4,central,0.354155906373346,0.017386870196361846,1001
straight_var,50.0,0.01,0.005,4,cubic_global,2.478884712925561,0.37726119452211176,1001
straight_var,50.0,0.01,0.005,4,smoothing_spline,0.0002974529616761636,-6.036936564285654e-05,1001
straight_var,50.0,0.01,0.005,4,savgol_w5p2,0.47022500744748613,-0.054522169439530796,1001
straight_var,50.0,0.01,0.005,4,savgol_w7p3,0.7459088943679055,-0.05020332291515345,1001
straight_var,50.0,0.01,0.005,4,savgol_w9p3,0.5014828920700165,-0.05415276869387378,1001
straight_var,50.0,0.01,0.005,4,savgol_w11p3,0.3683670713838264,-0.055424226711542686,1001
straight_var,50.0,0.01,0.005,4,family_a_W3,0.2492484318183456,0.009363862432708248,1001
straight_var,50.0,0.01,0.005,4,family_a_W5,0.11715359254171484,0.0013467742403815242,1001
straight_var,50.0,0.01,0.005,4,family_a_W7,0.07343717703655049,0.0007689089632357596,1001
straight_var,50.0,0.01,0.005,4,family_a_midspan_W5,0.06303457415188966,0.004110090039745229,1001
straight_var,50.0,0.05,0.0,0,forward,3.473000078767925,1.6551090237317712,1001
straight_var,50.0,0.05,0.0,0,central,1.691735031262428,0.4621182279767193,1001
straight_var,50.0,0.05,0.0,0,cubic_global,2.876929024756624,1.212828233163532,1001
straight_var,50.0,0.05,0.0,0,smoothing_spline,0.0014912805140840594,-0.0007360217250511073,1001
straight_var,50.0,0.05,0.0,0,savgol_w5p2,0.7567107180280328,0.08207864435346526,1001
straight_var,50.0,0.05,0.0,0,savgol_w7p3,1.2013732682548306,0.22789602502394415,1001
straight_var,50.0,0.05,0.0,0,savgol_w9p3,0.8243661141105056,0.09373674158089892,1001
straight_var,50.0,0.05,0.0,0,savgol_w11p3,0.5996143997872757,0.04748621920454285,1001
straight_var,50.0,0.05,0.0,0,family_a_W3,1.2013732682546947,0.22789602502385375,1001
straight_var,50.0,0.05,0.0,0,family_a_W5,0.5996143997872685,0.047486219204479575,1001
straight_var,50.0,0.05,0.0,0,family_a_W7,0.366739453993749,0.01587473983663986,1001
straight_var,50.0,0.05,0.0,0,family_a_midspan_W5,0.3432211723527202,0.11834497739859826,1001
straight_var,50.0,0.05,0.0,1,forward,3.5557677051846084,1.6074462802245966,1001
straight_var,50.0,0.05,0.0,1,central,1.725530247015476,0.4606050041762873,1001
straight_var,50.0,0.05,0.0,1,cubic_global,2.934685250048121,1.1969373068066484,1001
straight_var,50.0,0.05,0.0,1,smoothing_spline,0.002207881168438465,0.00025391970739958327,1001
straight_var,50.0,0.05,0.0,1,savgol_w5p2,0.7718666180796935,0.08140552759442997,1001
straight_var,50.0,0.05,0.0,1,savgol_w7p3,1.2395430480006138,0.22441916683723487,1001
straight_var,50.0,0.05,0.0,1,savgol_w9p3,0.8270003430534638,0.09776312706348754,1001
straight_var,50.0,0.05,0.0,1,savgol_w11p3,0.5982623909684786,0.048625841732065224,1001
straight_var,50.0,0.05,0.0,1,family_a_W3,1.2395430480005498,0.22441916683714933,1001
straight_var,50.0,0.05,0.0,1,family_a_W5,0.5982623909684764,0.04862584173199919,1001
straight_var,50.0,0.05,0.0,1,family_a_W7,0.36675309028988917,0.017078686395496746,1001
straight_var,50.0,0.05,0.0,1,family_a_midspan_W5,0.3454021020694683,0.11841229774213549,1001
straight_var,50.0,0.05,0.0,2,forward,3.494126919881399,1.5936259863096096,1001
straight_var,50.0,0.05,0.0,2,central,1.760532863452331,0.4193045358487374,1001
straight_var,50.0,0.05,0.0,2,cubic_global,2.9360580884929632,1.1362408599128504,1001
straight_var,50.0,0.05,0.0,2,smoothing_spline,0.0008579275769071007,0.00013375099026558372,1001
straight_var,50.0,0.05,0.0,2,savgol_w5p2,0.7982686784066504,0.09162497521098584,1001
straight_var,50.0,0.05,0.0,2,savgol_w7p3,1.2616804905807681,0.23019088749748298,1001
straight_var,50.0,0.05,0.0,2,savgol_w9p3,0.8614204160027823,0.10580353290735826,1001
straight_var,50.0,0.05,0.0,2,savgol_w11p3,0.6360906894645078,0.05519523645101137,1001
straight_var,50.0,0.05,0.0,2,family_a_W3,1.2616804905806902,0.23019088749737956,1001
straight_var,50.0,0.05,0.0,2,family_a_W5,0.6360906894644909,0.05519523645093747,1001
straight_var,50.0,0.05,0.0,2,family_a_W7,0.4024424029684103,0.018219463067999396,1001
straight_var,50.0,0.05,0.0,2,family_a_midspan_W5,0.35707957963789566,0.12443094043104345,1001
straight_var,50.0,0.05,0.0,3,forward,3.3781272434387346,1.478392076075894,1001
straight_var,50.0,0.05,0.0,3,central,1.7124331021906058,0.4279084387514771,1001
straight_var,50.0,0.05,0.0,3,cubic_global,2.8203997713327604,1.096978749251435,1001
straight_var,50.0,0.05,0.0,3,smoothing_spline,0.0018360986573900586,0.00024762273108834364,1001
straight_var,50.0,0.05,0.0,3,savgol_w5p2,0.7773363727239386,0.08371701055327015,1001
straight_var,50.0,0.05,0.0,3,savgol_w7p3,1.2522700100367672,0.23090423556369577,1001
straight_var,50.0,0.05,0.0,3,savgol_w9p3,0.8333608986454604,0.09444182286906821,1001
straight_var,50.0,0.05,0.0,3,savgol_w11p3,0.6102112869421067,0.04892360117686052,1001
straight_var,50.0,0.05,0.0,3,family_a_W3,1.2522700100367805,0.2309042355636206,1001
straight_var,50.0,0.05,0.0,3,family_a_W5,0.6102112869420898,0.04892360117679775,1001
straight_var,50.0,0.05,0.0,3,family_a_W7,0.3838517511587718,0.01889173859396491,1001
straight_var,50.0,0.05,0.0,3,family_a_midspan_W5,0.35505270109681936,0.11594577195334516,1001
straight_var,50.0,0.05,0.0,4,forward,3.472099969216142,1.6049188101406358,1001
straight_var,50.0,0.05,0.0,4,central,1.7414628220233106,0.40804270675090143,1001
straight_var,50.0,0.05,0.0,4,cubic_global,2.9459676475805128,1.1176772335931684,1001
straight_var,50.0,0.05,0.0,4,smoothing_spline,0.002128676059673258,-0.00018378310180213234,1001
straight_var,50.0,0.05,0.0,4,savgol_w5p2,0.7775876729388052,0.08312270807002106,1001
straight_var,50.0,0.05,0.0,4,savgol_w7p3,1.2220793484645742,0.21900768686729075,1001
straight_var,50.0,0.05,0.0,4,savgol_w9p3,0.8293473007680893,0.09553848825292359,1001
straight_var,50.0,0.05,0.0,4,savgol_w11p3,0.605470341185075,0.05410627912418145,1001
straight_var,50.0,0.05,0.0,4,family_a_W3,1.2220793484645402,0.21900768686721328,1001
straight_var,50.0,0.05,0.0,4,family_a_W5,0.6054703411850534,0.0541062791241091,1001
straight_var,50.0,0.05,0.0,4,family_a_W7,0.38620590073186045,0.020578067427541095,1001
straight_var,50.0,0.05,0.0,4,family_a_midspan_W5,0.35568862854486627,0.1189675561718283,1001
straight_var,50.0,0.05,0.005,0,forward,7.147723173859301,2.4853602451838155,1001
straight_var,50.0,0.05,0.005,0,central,1.8976844730831195,0.4851830656793311,1001
straight_var,50.0,0.05,0.005,0,cubic_global,9.219622157164064,3.14486755156442,1001
straight_var,50.0,0.05,0.005,0,smoothing_spline,0.001035194197249211,-0.00027877759881602776,1001
straight_var,50.0,0.05,0.005,0,savgol_w5p2,0.925432254701076,0.03972034996718658,1001
straight_var,50.0,0.05,0.005,0,savgol_w7p3,1.4677387524510532,0.1851863085006086,1001
straight_var,50.0,0.05,0.005,0,savgol_w9p3,1.001806073832862,0.049866730834731796,1001
straight_var,50.0,0.05,0.005,0,savgol_w11p3,0.7334307384139788,0.003979803512392623,1001
straight_var,50.0,0.05,0.005,0,family_a_W3,1.327563836691543,0.2512486286836718,1001
straight_var,50.0,0.05,0.005,0,family_a_W5,0.6235131831991352,0.05053280719404579,1001
straight_var,50.0,0.05,0.005,0,family_a_W7,0.3828840673181309,0.01824676374671914,1001
straight_var,50.0,0.05,0.005,0,family_a_midspan_W5,0.35817216827116727,0.1140437724954481,1001
straight_var,50.0,0.05,0.005,1,forward,12.431959554599743,3.0179638925908394,1001
straight_var,50.0,0.05,0.005,1,central,1.8734506032225848,0.4836501723331009,1001
straight_var,50.0,0.05,0.005,1,cubic_global,17.06729592565315,4.402969191001036,1001
straight_var,50.0,0.05,0.005,1,smoothing_spline,0.001714921102345278,0.000632371841620359,1001
straight_var,50.0,0.05,0.005,1,savgol_w5p2,0.9550377039748964,0.10722547150232638,1001
straight_var,50.0,0.05,0.005,1,savgol_w7p3,1.495527542915732,0.24900423346808098,1001
straight_var,50.0,0.05,0.005,1,savgol_w9p3,1.0388045670306574,0.12127439416154054,1001
straight_var,50.0,0.05,0.005,1,savgol_w11p3,0.772319901119301,0.07303377880757626,1001
straight_var,50.0,0.05,0.005,1,family_a_W3,1.3389704346764746,0.2511773833306128,1001
straight_var,50.0,0.05,0.005,1,family_a_W5,0.6531391644819425,0.057824385038077505,1001
straight_var,50.0,0.05,0.005,1,family_a_W7,0.40434112425592705,0.023494597501078875,1001
straight_var,50.0,0.05,0.005,1,family_a_midspan_W5,0.36775129582664084,0.12282364646332117,1001
straight_var,50.0,0.05,0.005,2,forward,9.247650518453975,2.82359556232376,1001
straight_var,50.0,0.05,0.005,2,central,1.7639628364263134,0.4389066104708187,1001
straight_var,50.0,0.05,0.005,2,cubic_global,12.389213116888124,3.829854782977134,1001
straight_var,50.0,0.05,0.005,2,smoothing_spline,0.001402412493169208,0.00027262469985494153,1001
straight_var,50.0,0.05,0.005,2,savgol_w5p2,0.9228597149924433,0.0879554212899526,1001
straight_var,50.0,0.05,0.005,2,savgol_w7p3,1.4459993308854797,0.23683843180376887,1001
straight_var,50.0,0.05,0.005,2,savgol_w9p3,0.9940365956767553,0.10454775737332571,1001
straight_var,50.0,0.05,0.005,2,savgol_w11p3,0.724112603594029,0.05434407774621237,1001
straight_var,50.0,0.05,0.005,2,family_a_W3,1.3368174189658302,0.2548834426826774,1001
straight_var,50.0,0.05,0.005,2,family_a_W5,0.6237592115171181,0.05274469411660868,1001
straight_var,50.0,0.05,0.005,2,family_a_W7,0.3614949308490932,0.018855301343306555,1001
straight_var,50.0,0.05,0.005,2,family_a_midspan_W5,0.3414501292083513,0.12486432735249253,1001
straight_var,50.0,0.05,0.005,3,forward,22.912650983606447,3.126995859127982,1001
straight_var,50.0,0.05,0.005,3,central,1.791452100757391,0.5055006370562098,1001
straight_var,50.0,0.05,0.005,3,cubic_global,32.55841504857758,4.706226356566034,1001
straight_var,50.0,0.05,0.005,3,smoothing_spline,0.0018964352381760754,-0.0002627376819715644,1001
straight_var,50.0,0.05,0.005,3,savgol_w5p2,0.8711626477364292,0.11352734464562587,1001
straight_var,50.0,0.05,0.005,3,savgol_w7p3,1.4175075873778344,0.2650354793803674,1001
straight_var,50.0,0.05,0.005,3,savgol_w9p3,0.9273279240083414,0.12901704953767476,1001
straight_var,50.0,0.05,0.005,3,savgol_w11p3,0.6760271481381306,0.07808397669193357,1001
straight_var,50.0,0.05,0.005,3,family_a_W3,1.2598559394676274,0.24906370941401276,1001
straight_var,50.0,0.05,0.005,3,family_a_W5,0.6030265400367913,0.05845358532199317,1001
straight_var,50.0,0.05,0.005,3,family_a_W7,0.38168684326349944,0.023500576024642252,1001
straight_var,50.0,0.05,0.005,3,family_a_midspan_W5,0.34978630255734844,0.12031023761746866,1001
straight_var,50.0,0.05,0.005,4,forward,10.448391768028854,3.0111257096298107,1001
straight_var,50.0,0.05,0.005,4,central,1.7259155146937444,0.46168366569581953,1001
straight_var,50.0,0.05,0.005,4,cubic_global,14.044937311156762,4.26670923587961,1001
straight_var,50.0,0.05,0.005,4,smoothing_spline,0.0014877989609890434,-0.0003012967086763318,1001
straight_var,50.0,0.05,0.005,4,savgol_w5p2,0.8451197544947273,0.021211891452987193,1001
straight_var,50.0,0.05,0.005,4,savgol_w7p3,1.330946554548452,0.16113662064531464,1001
straight_var,50.0,0.05,0.005,4,savgol_w9p3,0.901877294021775,0.03161386972999365,1001
straight_var,50.0,0.05,0.005,4,savgol_w11p3,0.6649122151568458,-0.011439381085413055,1001
straight_var,50.0,0.05,0.005,4,family_a_W3,1.2219929043183122,0.2540420394387742,1001
straight_var,50.0,0.05,0.005,4,family_a_W5,0.5791964811296589,0.04570677430802532,1001
straight_var,50.0,0.05,0.005,4,family_a_W7,0.36601043518838905,0.019063554201182265,1001
straight_var,50.0,0.05,0.005,4,family_a_midspan_W5,0.33889502080550915,0.11224709995335644,1001
straight_var,50.0,0.2,0.0,0,forward,16.696318542370282,13.455621613296858,1001
straight_var,50.0,0.2,0.0,0,central,7.441810111002812,5.110059532012241,1001
straight_var,50.0,0.2,0.0,0,cubic_global,13.602312804195689,10.627099325233589,1001
straight_var,50.0,0.2,0.0,0,smoothing_spline,0.0059633659804903625,-0.0029420981533804544,1001
straight_var,50.0,0.2,0.0,0,savgol_w5p2,2.9806456195941937,1.327871642503573,1001
straight_var,50.0,0.2,0.0,0,savgol_w7p3,5.041768343132272,2.998481510220882,1001
straight_var,50.0,0.2,0.0,0,savgol_w9p3,3.2205083681575464,1.5113070090756975,1001
straight_var,50.0,0.2,0.0,0,savgol_w11p3,2.3330979900429707,0.8422810340507407,1001
straight_var,50.0,0.2,0.0,0,family_a_W3,5.041768343132077,2.9984815102207016,1001
straight_var,50.0,0.2,0.0,0,family_a_W5,2.333097990042918,0.8422810340506556,1001
straight_var,50.0,0.2,0.0,0,family_a_W7,1.460890509613344,0.3112374864739099,1001
straight_var,50.0,0.2,0.0,0,family_a_midspan_W5,2.1358721940866676,1.5984747271806417,1001
straight_var,50.0,0.2,0.0,1,forward,16.684880154207878,13.404976171811835,1001
straight_var,50.0,0.2,0.0,1,central,7.516683819240958,5.115289434492507,1001
straight_var,50.0,0.2,0.0,1,cubic_global,13.667558392386594,10.607038517448034,1001
straight_var,50.0,0.2,0.0,1,smoothing_spline,0.008810547381583784,0.0010266286691667079,1001
straight_var,50.0,0.2,0.0,1,savgol_w5p2,3.1035307884271326,1.2353535936997133,1001
straight_var,50.0,0.2,0.0,1,savgol_w7p3,5.136938948127587,2.89634816722212,1001
straight_var,50.0,0.2,0.0,1,savgol_w9p3,3.32568241803785,1.4555133023217832,1001
straight_var,50.0,0.2,0.0,1,savgol_w11p3,2.3808534576519813,0.7835376036161703,1001
straight_var,50.0,0.2,0.0,1,family_a_W3,5.1369389481274,2.8963481672219578,1001
straight_var,50.0,0.2,0.0,1,family_a_W5,2.380853457651908,0.7835376036160878,1001
straight_var,50.0,0.2,0.0,1,family_a_W7,1.4732888092646728,0.29380538702981135,1001
straight_var,50.0,0.2,0.0,1,family_a_midspan_W5,2.0431867515797357,1.5382825389346486,1001
straight_var,50.0,0.2,0.0,2,forward,16.479421181390936,13.219539328161074,1001
straight_var,50.0,0.2,0.0,2,central,7.357740678713242,5.045728294627215,1001
straight_var,50.0,0.2,0.0,2,cubic_global,13.384852136710197,10.517684956505494,1001
straight_var,50.0,0.2,0.0,2,smoothing_spline,0.003431498528008208,0.0005369026521403784,1001
straight_var,50.0,0.2,0.0,2,savgol_w5p2,3.188197496123657,1.3413386389544926,1001
straight_var,50.0,0.2,0.0,2,savgol_w7p3,5.213901990190736,2.963065939973988,1001
straight_var,50.0,0.2,0.0,2,savgol_w9p3,3.4237524659980156,1.5675205499081084,1001
straight_var,50.0,0.2,0.0,2,savgol_w11p3,2.4774425663254047,0.886782666102842,1001
straight_var,50.0,0.2,0.0,2,family_a_W3,5.2139019901905534,2.9630659399738386,1001
straight_var,50.0,0.2,0.0,2,family_a_W5,2.4774425663253252,0.886782666102751,1001
straight_var,50.0,0.2,0.0,2,family_a_W7,1.562909245571264,0.3166394225095912,1001
straight_var,50.0,0.2,0.0,2,family_a_midspan_W5,2.2044699458563892,1.634557746381336,1001
straight_var,50.0,0.2,0.0,3,forward,15.733798616247949,12.727905747705954,1001
straight_var,50.0,0.2,0.0,3,central,7.238885504613285,4.891427821018318,1001
straight_var,50.0,0.2,0.0,3,cubic_global,12.933952661889743,10.067082254990359,1001
straight_var,50.0,0.2,0.0,3,smoothing_spline,0.007350473656480001,0.0009983282973480188,1001
straight_var,50.0,0.2,0.0,3,savgol_w5p2,3.0264633309916955,1.278129230919753,1001
straight_var,50.0,0.2,0.0,3,savgol_w7p3,5.080813257276535,2.974593089595289,1001
straight_var,50.0,0.2,0.0,3,savgol_w9p3,3.272873137085783,1.4189110056490475,1001
straight_var,50.0,0.2,0.0,3,savgol_w11p3,2.3807261038492915,0.7912539461235641,1001
straight_var,50.0,0.2,0.0,3,family_a_W3,5.080813257276431,2.974593089595134,1001
straight_var,50.0,0.2,0.0,3,family_a_W5,2.3807261038492262,0.7912539461234794,1001
straight_var,50.0,0.2,0.0,3,family_a_W7,1.4953280500335089,0.3188232744984905,1001
straight_var,50.0,0.2,0.0,3,family_a_midspan_W5,2.0836176083864055,1.5374747595441356,1001
straight_var,50.0,0.2,0.0,4,forward,16.356779339140992,13.200199248325756,1001
straight_var,50.0,0.2,0.0,4,central,7.192664988161609,4.813602039075151,1001
straight_var,50.0,0.2,0.0,4,cubic_global,13.229889844676357,10.347289212020328,1001
straight_var,50.0,0.2,0.0,4,smoothing_spline,0.008517959246260424,-0.0007323231750976988,1001
straight_var,50.0,0.2,0.0,4,savgol_w5p2,3.085148690742825,1.2311141329240445,1001
straight_var,50.0,0.2,0.0,4,savgol_w7p3,4.970518785615224,2.8126880755252874,1001
straight_var,50.0,0.2,0.0,4,savgol_w9p3,3.322772628201244,1.3640359732216223,1001
straight_var,50.0,0.2,0.0,4,savgol_w11p3,2.4383540797405248,0.790979708125038,1001
straight_var,50.0,0.2,0.0,4,family_a_W3,4.970518785615033,2.8126880755251586,1001
straight_var,50.0,0.2,0.0,4,family_a_W5,2.4383540797404577,0.790979708124952,1001
straight_var,50.0,0.2,0.0,4,family_a_W7,1.531887418153829,0.3348433365189496,1001
straight_var,50.0,0.2,0.0,4,family_a_midspan_W5,2.120427287436998,1.5087835113802568,1001
straight_var,50.0,0.2,0.005,0,forward,31.826257273282952,17.255458355285327,1001
straight_var,50.0,0.2,0.005,0,central,8.032846906640264,5.437420023799246,1001
straight_var,50.0,0.2,0.005,0,cubic_global,40.457806598810876,20.369833711088507,1001
straight_var,50.0,0.2,0.005,0,smoothing_spline,0.004142107884502783,-0.0011138362939974264,1001
straight_var,50.0,0.2,0.005,0,savgol_w5p2,3.070627070249152,1.2819208765587304,1001
straight_var,50.0,0.2,0.005,0,savgol_w7p3,5.0781562675216625,2.9799335229836323,1001
straight_var,50.0,0.2,0.005,0,savgol_w9p3,3.31262569515723,1.4198087059330273,1001
straight_var,50.0,0.2,0.005,0,savgol_w11p3,2.4525557385941497,0.7713767678950798,1001
straight_var,50.0,0.2,0.005,0,family_a_W3,5.357993017659717,3.2215228153750206,1001
straight_var,50.0,0.2,0.005,0,family_a_W5,2.4360711843630645,0.8291351601638564,1001
straight_var,50.0,0.2,0.005,0,family_a_W7,1.4904380387489229,0.3338291498522715,1001
straight_var,50.0,0.2,0.005,0,family_a_midspan_W5,2.1028746265311185,1.5754209646803892,1001
straight_var,50.0,0.2,0.005,1,forward,51.86604065551033,19.150453465463677,1001
straight_var,50.0,0.2,0.005,1,central,7.96749488311325,5.416137386589003,1001
straight_var,50.0,0.2,0.005,1,cubic_global,70.83750543805418,25.26140321486134,1001
straight_var,50.0,0.2,0.005,1,smoothing_spline,0.006875445180330351,0.00253882718755201,1001
straight_var,50.0,0.2,0.005,1,savgol_w5p2,3.1976632674852685,1.3260656778939341,1001
straight_var,50.0,0.2,0.005,1,savgol_w7p3,5.22115048250108,3.0189485560740867,1001
straight_var,50.0,0.2,0.005,1,savgol_w9p3,3.510349129631241,1.5083309035878267,1001
straight_var,50.0,0.2,0.005,1,savgol_w11p3,2.5536760483410705,0.8649268623607448,1001
straight_var,50.0,0.2,0.005,1,family_a_W3,5.437870712560497,3.2229546900058996,1001
straight_var,50.0,0.2,0.005,1,family_a_W5,2.539031240722624,0.8598891296897402,1001
straight_var,50.0,0.2,0.005,1,family_a_W7,1.6029490584711021,0.3332279940204147,1001
straight_var,50.0,0.2,0.005,1,family_a_midspan_W5,2.171340505052049,1.5797746900710739,1001
straight_var,50.0,0.2,0.005,2,forward,39.93370849641921,18.38419452609516,1001
straight_var,50.0,0.2,0.005,2,central,7.563318017094148,5.137680871638955,1001
straight_var,50.0,0.2,0.005,2,cubic_global,52.9636424663734,23.27700413937635,1001
straight_var,50.0,0.2,0.005,2,smoothing_spline,0.005604833405177756,0.0011084077869145546,1001
straight_var,50.0,0.2,0.005,2,savgol_w5p2,3.06561132568905,1.3677316672288153,1001
straight_var,50.0,0.2,0.005,2,savgol_w7p3,5.1082623727260765,3.065495217948018,1001
straight_var,50.0,0.2,0.005,2,savgol_w9p3,3.3247728295852648,1.5543300025180313,1001
straight_var,50.0,0.2,0.005,2,savgol_w11p3,2.420771071462935,0.8605873236607103,1001
straight_var,50.0,0.2,0.005,2,family_a_W3,5.411849237381644,3.2572875952598093,1001
straight_var,50.0,0.2,0.005,2,family_a_W5,2.4215010519633333,0.8519180377986026,1001
straight_var,50.0,0.2,0.005,2,family_a_W7,1.4331524994160756,0.31081776920680954,1001
straight_var,50.0,0.2,0.005,2,family_a_midspan_W5,2.1673574514161458,1.631192026621031,1001
straight_var,50.0,0.2,0.005,3,forward,93.11175041347472,19.401347383561607,1001
straight_var,50.0,0.2,0.005,3,central,7.933286073725118,5.433167692393674,1001
straight_var,50.0,0.2,0.005,3,cubic_global,131.89765876912037,26.380486096812763,1001
straight_var,50.0,0.2,0.005,3,smoothing_spline,0.00758594341264405,-0.0010459259445874992,1001
straight_var,50.0,0.2,0.005,3,savgol_w5p2,3.0502610899139033,1.3713124078321814,1001
straight_var,50.0,0.2,0.005,3,savgol_w7p3,5.117548308993146,3.1025020350590036,1001
straight_var,50.0,0.2,0.005,3,savgol_w9p3,3.2873601404571855,1.5648102757215634,1001
straight_var,50.0,0.2,0.005,3,savgol_w11p3,2.346891476188395,0.8812599783101888,1001
straight_var,50.0,0.2,0.005,3,family_a_W3,5.23642575397426,3.210179039220149,1001
straight_var,50.0,0.2,0.005,3,family_a_W5,2.354490042686534,0.8714564658530237,1001
straight_var,50.0,0.2,0.005,3,family_a_W7,1.5161993747886184,0.34481188214367503,1001
straight_var,50.0,0.2,0.005,3,family_a_midspan_W5,2.106580287252985,1.606222844232325,1001
straight_var,50.0,0.2,0.005,4,forward,44.69999074917707,19.16469095466633,1001
straight_var,50.0,0.2,0.005,4,central,7.5922683775140305,5.0361513106911575,1001
straight_var,50.0,0.2,0.005,4,cubic_global,59.63918663395074,25.008038407856077,1001
straight_var,50.0,0.2,0.005,4,smoothing_spline,0.005959215951095625,-0.0011969751348056793,1001
straight_var,50.0,0.2,0.005,4,savgol_w5p2,2.952964878237219,1.136690929026943,1001
straight_var,50.0,0.2,0.005,4,savgol_w7p3,4.873954919369948,2.700243245599549,1001
straight_var,50.0,0.2,0.005,4,savgol_w9p3,3.1227145955423183,1.3254343322456632,1001
straight_var,50.0,0.2,0.005,4,savgol_w11p3,2.2822221005352343,0.7216721790880984,1001
straight_var,50.0,0.2,0.005,4,family_a_W3,5.252227512488014,2.967003438364438,1001
straight_var,50.0,0.2,0.005,4,family_a_W5,2.2760794427795403,0.7811036433129072,1001
straight_var,50.0,0.2,0.005,4,family_a_W7,1.424008572284109,0.3332946120940768,1001
straight_var,50.0,0.2,0.005,4,family_a_midspan_W5,2.075575772084593,1.4766832956355846,1001
stop_go,2.0,0.0,0.0,0,forward,0.3949456622302936,6.99456871439348e-12,61
stop_go,2.0,0.0,0.0,0,central,0.10177550822268241,6.994672950865874e-12,61
stop_go,2.0,0.0,0.0,0,cubic_global,0.012300680318364007,-6.559133054659138e-10,61
stop_go,2.0,0.0,0.0,0,smoothing_spline,0.999205667396266,0.05258403399641851,61
stop_go,2.0,0.0,0.0,0,savgol_w5p2,0.2771130349603258,4.137328946216589e-11,61
stop_go,2.0,0.0,0.0,0,savgol_w7p3,0.13236913388459567,0.01145589997558006,61
stop_go,2.0,0.0,0.0,0,savgol_w9p3,0.2367785473241485,0.034094271354788035,61
stop_go,2.0,0.0,0.0,0,savgol_w11p3,0.3395624071730904,0.050150431948729327,61
stop_go,2.0,0.0,0.0,0,family_a_W3,0.1323691338845946,0.011455899975564895,61
stop_go,2.0,0.0,0.0,0,family_a_W5,0.3395624071730906,0.050150431948714366,61
stop_go,2.0,0.0,0.0,0,family_a_W7,0.4873823768706293,0.018374176524872297,61
stop_go,2.0,0.0,0.0,0,family_a_midspan_W5,0.9569615450713831,0.10135675990617866,61
stop_go,2.0,0.0,0.0,1,forward,0.3949456622302936,6.99456871439348e-12,61
stop_go,2.0,0.0,0.0,1,central,0.10177550822268241,6.994672950865874e-12,61
stop_go,2.0,0.0,0.0,1,cubic_global,0.012300680318364007,-6.559133054659138e-10,61
stop_go,2.0,0.0,0.0,1,smoothing_spline,0.999205667396266,0.05258403399641851,61
stop_go,2.0,0.0,0.0,1,savgol_w5p2,0.2771130349603258,4.137328946216589e-11,61
stop_go,2.0,0.0,0.0,1,savgol_w7p3,0.13236913388459567,0.01145589997558006,61
stop_go,2.0,0.0,0.0,1,savgol_w9p3,0.2367785473241485,0.034094271354788035,61
stop_go,2.0,0.0,0.0,1,savgol_w11p3,0.3395624071730904,0.050150431948729327,61
stop_go,2.0,0.0,0.0,1,family_a_W3,0.1323691338845946,0.011455899975564895,61
stop_go,2.0,0.0,0.0,1,family_a_W5,0.3395624071730906,0.050150431948714366,61
stop_go,2.0,0.0,0.0,1,family_a_W7,0.4873823768706293,0.018374176524872297,61
stop_go,2.0,0.0,0.0,1,family_a_midspan_W5,0.9569615450713831,0.10135675990617866,61
stop_go,2.0,0.0,0.0,2,forward,0.3949456622302936,6.99456871439348e-12,61
stop_go,2.0,0.0,0.0,2,central,0.10177550822268241,6.994672950865874e-12,61
stop_go,2.0,0.0,0.0,2,cubic_global,0.012300680318364007,-6.559133054659138e-10,61
stop_go,2.0,0.0,0.0,2,smoothing_spline,0.999205667396266,0.05258403399641851,61
stop_go,2.0,0.0,0.0,2,savgol_w5p2,0.2771130349603258,4.137328946216589e-11,61
stop_go,2.0,0.0,0.0,2,savgol_w7p3,0.13236913388459567,0.01145589997558006,61
stop_go,2.0,0.0,0.0,2,savgol_w9p3,0.2367785473241485,0.034094271354788035,61
stop_go,2.0,0.0,0.0,2,savgol_w11p3,0.3395624071730904,0.050150431948729327,61
stop_go,2.0,0.0,0.0,2,family_a_W3,0.1323691338845946,0.011455899975564895,61
stop_go,2.0,0.0,0.0,2,family_a_W5,0.3395624071730906,0.050150431948714366,61
stop_go,2.0,0.0,0.0,2,family_a_W7,0.4873823768706293,0.018374176524872297,61
stop_go,2.0,0.0,0.0,2,family_a_midspan_W5,0.9569615450713831,0.10135675990617866,61
stop_go,2.0,0.0,0.0,3,forward,0.3949456622302936,6.99456871439348e-12,61
stop_go,2.0,0.0,0.0,3,central,0.10177550822268241,6.994672950865874e-12,61
stop_go,2.0,0.0,0.0,3,cubic_global,0.012300680318364007,-6.559133054659138e-10,61
stop_go,2.0,0.0,0.0,3,smoothing_spline,0.999205667396266,0.05258403399641851,61
stop_go,2.0,0.0,0.0,3,savgol_w5p2,0.2771130349603258,4.137328946216589e-11,61
stop_go,2.0,0.0,0.0,3,savgol_w7p3,0.13236913388459567,0.01145589997558006,61
stop_go,2.0,0.0,0.0,3,savgol_w9p3,0.2367785473241485,0.034094271354788035,61
stop_go,2.0,0.0,0.0,3,savgol_w11p3,0.3395624071730904,0.050150431948729327,61
stop_go,2.0,0.0,0.0,3,family_a_W3,0.1323691338845946,0.011455899975564895,61
stop_go,2.0,0.0,0.0,3,family_a_W5,0.3395624071730906,0.050150431948714366,61
stop_go,2.0,0.0,0.0,3,family_a_W7,0.4873823768706293,0.018374176524872297,61
stop_go,2.0,0.0,0.0,3,family_a_midspan_W5,0.9569615450713831,0.10135675990617866,61
stop_go,2.0,0.0,0.0,4,forward,0.3949456622302936,6.99456871439348e-12,61
stop_go,2.0,0.0,0.0,4,central,0.10177550822268241,6.994672950865874e-12,61
stop_go,2.0,0.0,0.0,4,cubic_global,0.012300680318364007,-6.559133054659138e-10,61
stop_go,2.0,0.0,0.0,4,smoothing_spline,0.999205667396266,0.05258403399641851,61
stop_go,2.0,0.0,0.0,4,savgol_w5p2,0.2771130349603258,4.137328946216589e-11,61
stop_go,2.0,0.0,0.0,4,savgol_w7p3,0.13236913388459567,0.01145589997558006,61
stop_go,2.0,0.0,0.0,4,savgol_w9p3,0.2367785473241485,0.034094271354788035,61
stop_go,2.0,0.0,0.0,4,savgol_w11p3,0.3395624071730904,0.050150431948729327,61
stop_go,2.0,0.0,0.0,4,family_a_W3,0.1323691338845946,0.011455899975564895,61
stop_go,2.0,0.0,0.0,4,family_a_W5,0.3395624071730906,0.050150431948714366,61
stop_go,2.0,0.0,0.0,4,family_a_W7,0.4873823768706293,0.018374176524872297,61
stop_go,2.0,0.0,0.0,4,family_a_midspan_W5,0.9569615450713831,0.10135675990617866,61
stop_go,2.0,0.0,0.005,0,forward,0.39475182344839954,-0.00010540037658251848,61
stop_go,2.0,0.0,0.005,0,central,0.10080358617123973,-0.0002773450183367327,61
stop_go,2.0,0.0,0.005,0,cubic_global,0.01241395155334874,-1.3382261542889612e-05,61
stop_go,2.0,0.0,0.005,0,smoothing_spline,0.9978026268673714,0.05264959347092644,61
stop_go,2.0,0.0,0.005,0,savgol_w5p2,0.2779732124566993,-0.007296328657372406,61
stop_go,2.0,0.0,0.005,0,savgol_w7p3,0.13489452600867932,0.0046108679630025426,61
stop_go,2.0,0.0,0.005,0,savgol_w9p3,0.23670048280830758,0.026468887548046174,61
stop_go,2.0,0.0,0.005,0,savgol_w11p3,0.3383395039633073,0.042416772479417254,61
stop_go,2.0,0.0,0.005,0,family_a_W3,0.13249539223767096,0.011069160420639528,61
stop_go,2.0,0.0,0.005,0,family_a_W5,0.33958192222901806,0.04968764742100297,61
stop_go,2.0,0.0,0.005,0,family_a_W7,0.48679347346264734,0.01788859561702806,61
stop_go,2.0,0.0,0.005,0,family_a_midspan_W5,0.9568739925602195,0.10065573159105584,61
stop_go,2.0,0.0,0.005,1,forward,0.3947258730448352,0.00013951935167864826,61
stop_go,2.0,0.0,0.005,1,central,0.10012675780710673,0.0003956606871766412,61
stop_go,2.0,0.0,0.005,1,cubic_global,0.012468517663340211,1.521656301905919e-06,61
stop_go,2.0,0.0,0.005,1,smoothing_spline,0.998048623463389,0.053711978769323786,61
stop_go,2.0,0.0,0.005,1,savgol_w5p2,0.27309938002600426,0.003440355075084152,61
stop_go,2.0,0.0,0.005,1,savgol_w7p3,0.13151999885427518,0.014602360411818638,61
stop_go,2.0,0.0,0.005,1,savgol_w9p3,0.23449372546335892,0.03709002141908823,61
stop_go,2.0,0.0,0.005,1,savgol_w11p3,0.33521538218155195,0.053550395850553406,61
stop_go,2.0,0.0,0.005,1,family_a_W3,0.13191719736282825,0.012064442064264404,61
stop_go,2.0,0.0,0.005,1,family_a_W5,0.33894734322084696,0.051206428767941126,61
stop_go,2.0,0.0,0.005,1,family_a_W7,0.48684013715634333,0.01953821081055112,61
stop_go,2.0,0.0,0.005,1,family_a_midspan_W5,0.9553578097921266,0.10277175741887054,61
stop_go,2.0,0.0,0.005,2,forward,0.39605267173602293,0.00016213553795328534,61
stop_go,2.0,0.0,0.005,2,central,0.10318976009093186,0.00044106720543765653,61
stop_go,2.0,0.0,0.005,2,cubic_global,0.012251813404782342,1.8277026066210843e-05,61
stop_go,2.0,0.0,0.005,2,smoothing_spline,0.9994781878580432,0.05329930253216169,61
stop_go,2.0,0.0,0.005,2,savgol_w5p2,0.27903958216895686,0.0033683864859698643,61
stop_go,2.0,0.0,0.005,2,savgol_w7p3,0.13245781222098202,0.014618775293258182,61
stop_go,2.0,0.0,0.005,2,savgol_w9p3,0.23967719400672405,0.037889296860794626,61
stop_go,2.0,0.0,0.005,2,savgol_w11p3,0.3432367595455106,0.05398402004316397,61
stop_go,2.0,0.0,0.005,2,family_a_W3,0.13250396975313766,0.012050525086026248,61
stop_go,2.0,0.0,0.005,2,family_a_W5,0.33938636858675747,0.05022262267070375,61
stop_go,2.0,0.0,0.005,2,family_a_W7,0.488157092377337,0.01888486048191469,61
stop_go,2.0,0.0,0.005,2,family_a_midspan_W5,0.9572672769257531,0.10182774334499141,61
stop_go,2.0,0.0,0.005,3,forward,0.39640436792461786,-0.00012675562676532398,61
stop_go,2.0,0.0,0.005,3,central,0.10336564774021405,-0.00016518417926881723,61
stop_go,2.0,0.0,0.005,3,cubic_global,0.012341767644314884,-3.6217343054404805e-05,61
stop_go,2.0,0.0,0.005,3,smoothing_spline,0.9988424361070638,0.052823509561007745,61
stop_go,2.0,0.0,0.005,3,savgol_w5p2,0.27758815351822425,0.00397484228849736,61
stop_go,2.0,0.0,0.005,3,savgol_w7p3,0.13260400714629916,0.015647767740057182,61
stop_go,2.0,0.0,0.005,3,savgol_w9p3,0.23888969453493655,0.03788435784198131,61
stop_go,2.0,0.0,0.005,3,savgol_w11p3,0.3404403573420905,0.05515218189909416,61
stop_go,2.0,0.0,0.005,3,family_a_W3,0.13284968849934053,0.011370794376486954,61
stop_go,2.0,0.0,0.005,3,family_a_W5,0.3395803838103377,0.049416995153511396,61
stop_go,2.0,0.0,0.005,3,family_a_W7,0.48788221386834446,0.018275761978159506,61
stop_go,2.0,0.0,0.005,3,family_a_midspan_W5,0.9580816634194801,0.10069796327568196,61
stop_go,2.0,0.0,0.005,4,forward,0.39417853025707905,-0.00020042087055635932,61
stop_go,2.0,0.0,0.005,4,central,0.10088414765707189,-0.00034502313194084835,61
stop_go,2.0,0.0,0.005,4,cubic_global,0.012621679753974345,-5.1425461672587546e-05,61
stop_go,2.0,0.0,0.005,4,smoothing_spline,0.9976129940477618,0.05231975544795011,61
stop_go,2.0,0.0,0.005,4,savgol_w5p2,0.27507330730647905,-0.005362560184536671,61
stop_go,2.0,0.0,0.005,4,savgol_w7p3,0.13181433206157142,0.006542603956350234,61
stop_go,2.0,0.0,0.005,4,savgol_w9p3,0.23316292489597557,0.02775169034908622,61
stop_go,2.0,0.0,0.005,4,savgol_w11p3,0.33681201297203517,0.0443112663541827,61
stop_go,2.0,0.0,0.005,4,family_a_W3,0.13214653685586225,0.011244120096129134,61
stop_go,2.0,0.0,0.005,4,family_a_W5,0.3390388124660169,0.04969840445441826,61
stop_go,2.0,0.0,0.005,4,family_a_W7,0.48619474744301666,0.01857155023929686,61
stop_go,2.0,0.0,0.005,4,family_a_midspan_W5,0.9551900764178481,0.10146170787335296,61
stop_go,2.0,0.01,0.0,0,forward,0.3935981126164835,0.003923036576120938,61
stop_go,2.0,0.01,0.0,0,central,0.10429677298189592,0.001137002575051136,61
stop_go,2.0,0.01,0.0,0,cubic_global,0.02429033098159994,0.003089950366714488,61
stop_go,2.0,0.01,0.0,0,smoothing_spline,0.9987195870577597,0.05235912520400465,61
stop_go,2.0,0.01,0.0,0,savgol_w5p2,0.2777126421729103,9.526704118760417e-05,61
stop_go,2.0,0.01,0.0,0,savgol_w7p3,0.13407159730278617,0.011767156177647689,61
stop_go,2.0,0.01,0.0,0,savgol_w9p3,0.23713874442860666,0.033807957179195554,61
stop_go,2.0,0.01,0.0,0,savgol_w11p3,0.3392740553570141,0.04967610024141072,61
stop_go,2.0,0.01,0.0,0,family_a_W3,0.13407159730278576,0.011767156177633527,61
stop_go,2.0,0.01,0.0,0,family_a_W5,0.3392740553570133,0.04967610024139583,61
stop_go,2.0,0.01,0.0,0,family_a_W7,0.4872819999920704,0.01813176016114752,61
stop_go,2.0,0.01,0.0,0,family_a_midspan_W5,0.9572829416200901,0.10096175521475348,61
stop_go,2.0,0.01,0.0,1,forward,0.3971779977822383,0.002721368496401419,61
stop_go,2.0,0.01,0.0,1,central,0.10006724016139593,0.00039204371665139926,61
stop_go,2.0,0.01,0.0,1,cubic_global,0.02189514708612594,0.0016220280261481134,61
stop_go,2.0,0.01,0.0,1,smoothing_spline,0.9982127615436337,0.05246432287806169,61
stop_go,2.0,0.01,0.0,1,savgol_w5p2,0.27659589291228226,8.23022996810727e-05,61
stop_go,2.0,0.01,0.0,1,savgol_w7p3,0.13234673742104522,0.011041608439206398,61
stop_go,2.0,0.01,0.0,1,savgol_w9p3,0.23687906712066484,0.03331863086261707,61
stop_go,2.0,0.01,0.0,1,savgol_w11p3,0.33868182124297264,0.04963436178025003,61
stop_go,2.0,0.01,0.0,1,family_a_W3,0.1323467374210443,0.011041608439192076,61
stop_go,2.0,0.01,0.0,1,family_a_W5,0.33868182124297175,0.04963436178023476,61
stop_go,2.0,0.01,0.0,1,family_a_W7,0.48750905438812625,0.018385396038267717,61
stop_go,2.0,0.01,0.0,1,family_a_midspan_W5,0.9562938127492079,0.10085817038049891,61
stop_go,2.0,0.01,0.0,2,forward,0.3990102253195942,0.002438059301306593,61
stop_go,2.0,0.01,0.0,2,central,0.10002040657441401,0.00047785760311673954,61
stop_go,2.0,0.01,0.0,2,cubic_global,0.026592930881186208,0.0010707487351926492,61
stop_go,2.0,0.01,0.0,2,smoothing_spline,0.9991870900008543,0.05282448962252448,61
stop_go,2.0,0.01,0.0,2,savgol_w5p2,0.27631568776012466,0.0003731334521919753,61
stop_go,2.0,0.01,0.0,2,savgol_w7p3,0.12982223639091253,0.010532106211541924,61
stop_go,2.0,0.01,0.0,2,savgol_w9p3,0.23584441503843676,0.03391393391918458,61
stop_go,2.0,0.01,0.0,2,savgol_w11p3,0.3403269623635834,0.05037573608224502,61
stop_go,2.0,0.01,0.0,2,family_a_W3,0.12982223639091317,0.0105321062115259,61
stop_go,2.0,0.01,0.0,2,family_a_W5,0.3403269623635831,0.05037573608223016,61
stop_go,2.0,0.01,0.0,2,family_a_W7,0.4881049382721234,0.01874221136454093,61
stop_go,2.0,0.01,0.0,2,family_a_midspan_W5,0.9564884512565206,0.10123654198189412,61
stop_go,2.0,0.01,0.0,3,forward,0.39705355412118604,0.001983887660528647,61
stop_go,2.0,0.01,0.0,3,central,0.10211969086459873,0.0004346035285595732,61
stop_go,2.0,0.01,0.0,3,cubic_global,0.029774668306945685,0.0016134990164338025,61
stop_go,2.0,0.01,0.0,3,smoothing_spline,0.9994989560102477,0.0527158280415652,61
stop_go,2.0,0.01,0.0,3,savgol_w5p2,0.27614564030547356,7.231951290158329e-05,61
stop_go,2.0,0.01,0.0,3,savgol_w7p3,0.1303911823238366,0.010470989326561889,61
stop_go,2.0,0.01,0.0,3,savgol_w9p3,0.23554919684349243,0.03344971633218974,61
stop_go,2.0,0.01,0.0,3,savgol_w11p3,0.33933227780368697,0.05036605692968271,61
stop_go,2.0,0.01,0.0,3,family_a_W3,0.13039118232383756,0.010470989326548646,61
stop_go,2.0,0.01,0.0,3,family_a_W5,0.33933227780368697,0.05036605692966782,61
stop_go,2.0,0.01,0.0,3,family_a_W7,0.4879692663011266,0.018553594108403463,61
stop_go,2.0,0.01,0.0,3,family_a_midspan_W5,0.9572737194926171,0.10120940135979593,61
stop_go,2.0,0.01,0.0,4,forward,0.39664566069591145,0.0008468029807826373,61
stop_go,2.0,0.01,0.0,4,central,0.10262794131816118,0.0009467814377939833,61
stop_go,2.0,0.01,0.0,4,cubic_global,0.027343578323245778,0.0018202720392142906,61
stop_go,2.0,0.01,0.0,4,smoothing_spline,0.99881614228421,0.052603090727316275,61
stop_go,2.0,0.01,0.0,4,savgol_w5p2,0.27608665910403607,0.00044988817026479804,61
stop_go,2.0,0.01,0.0,4,savgol_w7p3,0.13213020874840223,0.011717859715883794,61
stop_go,2.0,0.01,0.0,4,savgol_w9p3,0.2353828155877961,0.03357693821244477,61
stop_go,2.0,0.01,0.0,4,savgol_w11p3,0.33895454779915823,0.050020609933908756,61
stop_go,2.0,0.01,0.0,4,family_a_W3,0.13213020874840428,0.011717859715868459,61
stop_go,2.0,0.01,0.0,4,family_a_W5,0.3389545477991584,0.05002060993389489,61
stop_go,2.0,0.01,0.0,4,family_a_W7,0.4877529750412372,0.01863223585119949,61
stop_go,2.0,0.01,0.0,4,family_a_midspan_W5,0.9564233516055156,0.10123706654315645,61
stop_go,2.0,0.01,0.005,0,forward,0.39736270358579984,0.0013723094287547675,61
stop_go,2.0,0.01,0.005,0,central,0.10206531557597998,0.0005408949530221174,61
stop_go,2.0,0.01,0.005,0,cubic_global,0.023583122104872324,0.003111762029748692,61
stop_go,2.0,0.01,0.005,0,smoothing_spline,0.9978788538786934,0.0527344793828895,61
stop_go,2.0,0.01,0.005,0,savgol_w5p2,0.2791275608823357,-0.007284879985710051,61
stop_go,2.0,0.01,0.005,0,savgol_w7p3,0.1375901647448165,0.0058756192571240646,61
stop_go,2.0,0.01,0.005,0,savgol_w9p3,0.2381170135639393,0.02747618040235794,61
stop_go,2.0,0.01,0.005,0,savgol_w11p3,0.3384625657528983,0.04313562494265352,61
stop_go,2.0,0.01,0.005,0,family_a_W3,0.13493042528022114,0.012356303596895544,61
stop_go,2.0,0.01,0.005,0,family_a_W5,0.3397202438978022,0.05040936624619263,61
stop_go,2.0,0.01,0.005,0,family_a_W7,0.48636694444417966,0.017944560260618234,61
stop_go,2.0,0.01,0.005,0,family_a_midspan_W5,0.9572381348194474,0.1014521647378525,61
stop_go,2.0,0.01,0.005,1,forward,0.39281441116584664,0.003505589384212687,61
stop_go,2.0,0.01,0.005,1,central,0.10395936128120974,0.0015166587318654536,61
stop_go,2.0,0.01,0.005,1,cubic_global,0.027352505711724498,0.003072670560914195,61
stop_go,2.0,0.01,0.005,1,smoothing_spline,0.9993663319331154,0.0539077130196132,61
stop_go,2.0,0.01,0.005,1,savgol_w5p2,0.2748309874873686,0.0033176700670671396,61
stop_go,2.0,0.01,0.005,1,savgol_w7p3,0.1338168039668543,0.014991712386697675,61
stop_go,2.0,0.01,0.005,1,savgol_w9p3,0.2361774545377398,0.03669917316738183,61
stop_go,2.0,0.01,0.005,1,savgol_w11p3,0.3354782204618389,0.05297799400957775,61
stop_go,2.0,0.01,0.005,1,family_a_W3,0.1344840445185861,0.012481261613807297,61
stop_go,2.0,0.01,0.005,1,family_a_W5,0.3392174117854664,0.05063395898670781,61
stop_go,2.0,0.01,0.005,1,family_a_W7,0.4869794486150395,0.019564856031361953,61
stop_go,2.0,0.01,0.005,1,family_a_midspan_W5,0.9555975613915412,0.1024299168888737,61
stop_go,2.0,0.01,0.005,2,forward,0.39588501971732665,0.003561793215518548,61
stop_go,2.0,0.01,0.005,2,central,0.10375088698989934,0.0013247493182076675,61
stop_go,2.0,0.01,0.005,2,cubic_global,0.02771209801405782,0.002031629739418683,61
stop_go,2.0,0.01,0.005,2,smoothing_spline,1.0006661865507716,0.05355438780965747,61
stop_go,2.0,0.01,0.005,2,savgol_w5p2,0.27830728268658056,0.0039774338343731746,61
stop_go,2.0,0.01,0.005,2,savgol_w7p3,0.13079408674174026,0.013867580063130215,61
stop_go,2.0,0.01,0.005,2,savgol_w9p3,0.2385063446668908,0.03751856473653888,61
stop_go,2.0,0.01,0.005,2,savgol_w11p3,0.3429477060180625,0.05380644702074175,61
stop_go,2.0,0.01,0.005,2,family_a_W3,0.13108760585512916,0.01129321164553297,61
stop_go,2.0,0.01,0.005,2,family_a_W5,0.33910719365556097,0.05004510394321618,61
stop_go,2.0,0.01,0.005,2,family_a_W7,0.4886830444771055,0.01928885651056764,61
stop_go,2.0,0.01,0.005,2,family_a_midspan_W5,0.95747071560326,0.10126133493397915,61
stop_go,2.0,0.01,0.005,3,forward,0.39803935528019885,0.002953495071559278,61
stop_go,2.0,0.01,0.005,3,central,0.09949948159471796,0.000598067677839774,61
stop_go,2.0,0.01,0.005,3,cubic_global,0.025494315504745336,0.0023258253661831638,61
stop_go,2.0,0.01,0.005,3,smoothing_spline,0.9980063560301876,0.052837908090134895,61
stop_go,2.0,0.01,0.005,3,savgol_w5p2,0.27528170997991197,0.004128315532220864,61
stop_go,2.0,0.01,0.005,3,savgol_w7p3,0.12908802476225714,0.015285366710059468,61
stop_go,2.0,0.01,0.005,3,savgol_w9p3,0.23695746013004182,0.0372041384608053,61
stop_go,2.0,0.01,0.005,3,savgol_w11p3,0.33949287272637113,0.055142830648629675,61
stop_go,2.0,0.01,0.005,3,family_a_W3,0.12959562964297897,0.011012548630746301,61
stop_go,2.0,0.01,0.005,3,family_a_W5,0.33865634036236764,0.04940768381985105,61
stop_go,2.0,0.01,0.005,3,family_a_W7,0.48796870732046316,0.018552707495882944,61
stop_go,2.0,0.01,0.005,3,family_a_midspan_W5,0.9581550394868334,0.10065669547756034,61
stop_go,2.0,0.01,0.005,4,forward,0.39523315745960047,0.0013755567967265884,61
stop_go,2.0,0.01,0.005,4,central,0.10070222975515182,-1.3788453888838423e-05,61
stop_go,2.0,0.01,0.005,4,cubic_global,0.026140340097838687,0.0011457521731813765,61
stop_go,2.0,0.01,0.005,4,smoothing_spline,0.9983534114569391,0.05235517609611287,61
stop_go,2.0,0.01,0.005,4,savgol_w5p2,0.27561744533747695,-0.005276305470180147,61
stop_go,2.0,0.01,0.005,4,savgol_w7p3,0.13127418777154484,0.004118066417737054,61
stop_go,2.0,0.01,0.005,4,savgol_w9p3,0.2333446099904956,0.025414686566031033,61
stop_go,2.0,0.01,0.005,4,savgol_w11p3,0.33739437028847385,0.04273214298016567,61
stop_go,2.0,0.01,0.005,4,family_a_W3,0.13149217244336256,0.008808706262650859,61
stop_go,2.0,0.01,0.005,4,family_a_W5,0.3395679997389567,0.04811211663674332,61
stop_go,2.0,0.01,0.005,4,family_a_W7,0.4876307504020203,0.01819603045710536,61
stop_go,2.0,0.01,0.005,4,family_a_midspan_W5,0.9535678980298757,0.09961471370906377,61
stop_go,2.0,0.05,0.0,0,forward,0.40331904730577245,0.033381189575380915,61
stop_go,2.0,0.05,0.0,0,central,0.1292199586725904,0.011268159894561926,61
stop_go,2.0,0.05,0.0,0,cubic_global,0.10583444591689838,0.026086416231737887,61
stop_go,2.0,0.05,0.0,0,smoothing_spline,0.9964496212754566,0.051434338924101895,61
stop_go,2.0,0.05,0.0,0,savgol_w5p2,0.2816333110967466,0.0019497570453075738,61
stop_go,2.0,0.05,0.0,0,savgol_w7p3,0.1478051793284085,0.016406856540154283,61
stop_go,2.0,0.05,0.0,0,savgol_w9p3,0.2406723224907378,0.03367828438238308,61
stop_go,2.0,0.05,0.0,0,savgol_w11p3,0.33900155974589624,0.04822942834745904,61
stop_go,2.0,0.05,0.0,0,family_a_W3,0.1478051793284093,0.016406856540139243,61
stop_go,2.0,0.05,0.0,0,family_a_W5,0.33900155974589663,0.048229428347445494,61
stop_go,2.0,0.05,0.0,0,family_a_W7,0.48710876844132317,0.017534847728950483,61
stop_go,2.0,0.05,0.0,0,family_a_midspan_W5,0.9591962333793483,0.10005309332236696,61
stop_go,2.0,0.05,0.0,1,forward,0.4220249475291374,0.020234325948928922,61
stop_go,2.0,0.05,0.0,1,central,0.11245447615715107,0.00659907783723895,61
stop_go,2.0,0.05,0.0,1,cubic_global,0.109159892496487,0.015181416541088243,61
stop_go,2.0,0.05,0.0,1,smoothing_spline,0.9938390072052521,0.051955288906075585,61
stop_go,2.0,0.05,0.0,1,savgol_w5p2,0.27592488228248174,0.0011096237127909475,61
stop_go,2.0,0.05,0.0,1,savgol_w7p3,0.13948785265854632,0.014131756881340158,61
stop_go,2.0,0.05,0.0,1,savgol_w9p3,0.23927981536376877,0.030710779883249096,61
stop_go,2.0,0.05,0.0,1,savgol_w11p3,0.335794038992398,0.04772220756550697,61
stop_go,2.0,0.05,0.0,1,family_a_W3,0.13948785265854552,0.014131756881324134,61
stop_go,2.0,0.05,0.0,1,family_a_W5,0.33579403899239846,0.04772220756549186,61
stop_go,2.0,0.05,0.0,1,family_a_W7,0.48819405039258384,0.0192971035110036,61
stop_go,2.0,0.05,0.0,1,family_a_midspan_W5,0.9537882213655218,0.09931573606724751,61
stop_go,2.0,0.05,0.0,2,forward,0.43413021438252064,0.02469133648036532,61
stop_go,2.0,0.05,0.0,2,central,0.11488759388634652,0.005787163379461785,61
stop_go,2.0,0.05,0.0,2,cubic_global,0.1202871499602305,0.01840396690901436,61
stop_go,2.0,0.05,0.0,2,smoothing_spline,0.9985146071878498,0.053744904231114096,61
stop_go,2.0,0.05,0.0,2,savgol_w5p2,0.27475600127059774,0.0028145296826702876,61
stop_go,2.0,0.05,0.0,2,savgol_w7p3,0.12706039712860853,0.012971550146096146,61
stop_go,2.0,0.05,0.0,2,savgol_w9p3,0.23427462830294102,0.03403958198018059,61
stop_go,2.0,0.05,0.0,2,savgol_w11p3,0.34414153681127274,0.051718736744179976,61
stop_go,2.0,0.05,0.0,2,family_a_W3,0.12706039712860842,0.012971550146081635,61
stop_go,2.0,0.05,0.0,2,family_a_W5,0.3441415368112726,0.051718736744164405,61
stop_go,2.0,0.05,0.0,2,family_a_W7,0.4911945758910139,0.020927980288553475,61
stop_go,2.0,0.05,0.0,2,family_a_midspan_W5,0.9551601512401722,0.10128772472526139,61
stop_go,2.0,0.05,0.0,3,forward,0.42696895413486596,0.024123780967291016,61
stop_go,2.0,0.05,0.0,3,central,0.12340082947976545,0.0063705265110247725,61
stop_go,2.0,0.05,0.0,3,cubic_global,0.12125167204783828,0.027417857253285317,61
stop_go,2.0,0.05,0.0,3,smoothing_spline,1.0000335011590202,0.05319829340682933,61
stop_go,2.0,0.05,0.0,3,savgol_w5p2,0.2740068655005242,0.0011405921165138853,61
stop_go,2.0,0.05,0.0,3,savgol_w7p3,0.13069453276412932,0.01242944356465715,61
stop_go,2.0,0.05,0.0,3,savgol_w9p3,0.2332221522743457,0.03164779668665085,61
stop_go,2.0,0.05,0.0,3,savgol_w11p3,0.3393007713596092,0.05148070049946987,61
stop_go,2.0,0.05,0.0,3,family_a_W3,0.13069453276413012,0.012429443564642767,61
stop_go,2.0,0.05,0.0,3,family_a_W5,0.3393007713596112,0.051480700499455655,61
stop_go,2.0,0.05,0.0,3,family_a_W7,0.4905188769620286,0.019475886448529378,61
stop_go,2.0,0.05,0.0,3,family_a_midspan_W5,0.9589163837766878,0.101082120818875,61
stop_go,2.0,0.05,0.0,4,forward,0.4305080809371069,0.01656598395701345,61
stop_go,2.0,0.05,0.0,4,central,0.12220416754607553,0.00966058882603704,61
stop_go,2.0,0.05,0.0,4,cubic_global,0.11434326001395849,0.02203564081626958,61
stop_go,2.0,0.05,0.0,4,smoothing_spline,0.9966708386890764,0.05263929145673544,61
stop_go,2.0,0.05,0.0,4,savgol_w5p2,0.27368281309479087,0.003985364060425747,61
stop_go,2.0,0.05,0.0,4,savgol_w7p3,0.13920567105437895,0.01793610386006146,61
stop_go,2.0,0.05,0.0,4,savgol_w9p3,0.23221873764494907,0.03281665849830153,61
stop_go,2.0,0.05,0.0,4,savgol_w11p3,0.33740902439014414,0.050025250984522464,61
stop_go,2.0,0.05,0.0,4,family_a_W3,0.13920567105437842,0.017936103860048354,61
stop_go,2.0,0.05,0.0,4,family_a_W5,0.3374090243901443,0.050025250984506955,61
stop_go,2.0,0.05,0.0,4,family_a_W7,0.4893792120833566,0.021184162128699287,61
stop_go,2.0,0.05,0.0,4,family_a_midspan_W5,0.9551329363935455,0.10163003067531128,61
stop_go,2.0,0.05,0.005,0,forward,0.4263824237329992,0.023616437239022063,61
stop_go,2.0,0.05,0.005,0,central,0.1262046790406949,0.012677541751802263,61
stop_go,2.0,0.05,0.005,0,cubic_global,0.12134682820786098,0.02449041047095405,61
stop_go,2.0,0.05,0.005,0,smoothing_spline,0.9976360709816249,0.05303813944003398,61
stop_go,2.0,0.05,0.005,0,savgol_w5p2,0.28545105652466085,-0.004659972718795067,61
stop_go,2.0,0.05,0.005,0,savgol_w7p3,0.15582740826106867,0.014183205702183482,61
stop_go,2.0,0.05,0.005,0,savgol_w9p3,0.24612611595836822,0.03215875362124335,61
stop_go,2.0,0.05,0.005,0,savgol_w11p3,0.33982881808385007,0.04645125474261382,61
stop_go,2.0,0.05,0.005,0,family_a_W3,0.15240964001390547,0.020718424617990543,61
stop_go,2.0,0.05,0.005,0,family_a_W5,0.34114914663561746,0.053729426858776026,61
stop_go,2.0,0.05,0.005,0,family_a_W7,0.48482152147262564,0.019540384938786588,61
stop_go,2.0,0.05,0.005,0,family_a_midspan_W5,0.9593581183135454,0.10518101009395496,61
stop_go,2.0,0.05,0.005,1,forward,0.402125615454794,0.024902414041480036,61
stop_go,2.0,0.05,0.005,1,central,0.1346758228578719,0.011096580075235897,61
stop_go,2.0,0.05,0.005,1,cubic_global,0.12304369672820295,0.02284621763076284,61
stop_go,2.0,0.05,0.005,1,smoothing_spline,1.0042079602924905,0.05465931593039501,61
stop_go,2.0,0.05,0.005,1,savgol_w5p2,0.28272874295514905,0.004174572500585736,61
stop_go,2.0,0.05,0.005,1,savgol_w7p3,0.14897525625439584,0.018821563482162667,61
stop_go,2.0,0.05,0.005,1,savgol_w9p3,0.244102257004,0.03564661622139783,61
stop_go,2.0,0.05,0.005,1,savgol_w11p3,0.3369726465566621,0.05084588173235188,61
stop_go,2.0,0.05,0.005,1,family_a_W3,0.15056680441798242,0.016375566088077147,61
stop_go,2.0,0.05,0.005,1,family_a_W5,0.34073378786547315,0.048501976586024086,61
stop_go,2.0,0.05,0.005,1,family_a_W7,0.4876911341615831,0.020033449722475588,61
stop_go,2.0,0.05,0.005,1,family_a_midspan_W5,0.9567926770425161,0.10133830538151904,61
stop_go,2.0,0.05,0.005,2,forward,0.4199347636937347,0.030041451586517127,61
stop_go,2.0,0.05,0.005,2,central,0.12208325044385737,0.00802649984296533,61
stop_go,2.0,0.05,0.005,2,cubic_global,0.11735959285336929,0.021608813260432402,61
stop_go,2.0,0.05,0.005,2,smoothing_spline,1.0049106292878072,0.05453846511735306,61
stop_go,2.0,0.05,0.005,2,savgol_w5p2,0.27698709718624753,0.006829525586929901,61
stop_go,2.0,0.05,0.005,2,savgol_w7p3,0.13052272731030395,0.01603930852812277,61
stop_go,2.0,0.05,0.005,2,savgol_w9p3,0.23604648080145613,0.03651318709743754,61
stop_go,2.0,0.05,0.005,2,savgol_w11p3,0.3427617651559668,0.053339658094801574,61
stop_go,2.0,0.05,0.005,2,family_a_W3,0.1318276533805005,0.013489642345693241,61
stop_go,2.0,0.05,0.005,2,family_a_W5,0.3389722596319942,0.04958718492105387,61
stop_go,2.0,0.05,0.005,2,family_a_W7,0.49106403510791463,0.021423430354065,61
stop_go,2.0,0.05,0.005,2,family_a_midspan_W5,0.9585595288709983,0.09941950467024241,61
stop_go,2.0,0.05,0.005,3,forward,0.43270453272296805,0.022240758257294543,61
stop_go,2.0,0.05,0.005,3,central,0.11061053311233572,0.007515566115236836,61
stop_go,2.0,0.05,0.005,3,cubic_global,0.12202329429272404,0.017098000111490964,61
stop_go,2.0,0.05,0.005,3,smoothing_spline,0.9939683478511213,0.052846730201131224,61
stop_go,2.0,0.05,0.005,3,savgol_w5p2,0.26810998645213435,0.005968450888026338,61
stop_go,2.0,0.05,0.005,3,savgol_w7p3,0.1275040572811282,0.020158672978816943,61
stop_go,2.0,0.05,0.005,3,savgol_w9p3,0.23188852566684104,0.035532153658406104,61
stop_go,2.0,0.05,0.005,3,savgol_w11p3,0.3366642496543697,0.05537334426932064,61
stop_go,2.0,0.05,0.005,3,family_a_W3,0.12914072620624364,0.015875851018573632,61
stop_go,2.0,0.05,0.005,3,family_a_W5,0.33591909920077606,0.0496461659659629,61
stop_go,2.0,0.05,0.005,3,family_a_W7,0.48852106403512213,0.02055658089816736,61
stop_go,2.0,0.05,0.005,3,family_a_midspan_W5,0.9587921231909733,0.1011106702056462,61
stop_go,2.0,0.05,0.005,4,forward,0.4210899657404922,0.018749467011692576,61
stop_go,2.0,0.05,0.005,4,central,0.11776284289103407,0.0036972232914005477,61
stop_go,2.0,0.05,0.005,4,cubic_global,0.1178490802984701,0.016659746787517835,61
stop_go,2.0,0.05,0.005,4,smoothing_spline,1.0007485042631603,0.05245784527837644,61
stop_go,2.0,0.05,0.005,4,savgol_w5p2,0.2796109437558495,-0.0042433178786090014,61
stop_go,2.0,0.05,0.005,4,savgol_w7p3,0.13557571690440087,0.003541429852428777,61
stop_go,2.0,0.05,0.005,4,savgol_w9p3,0.23671490524425054,0.017123459380851382,61
stop_go,2.0,0.05,0.005,4,savgol_w11p3,0.3409166131414384,0.036799883057876466,61
stop_go,2.0,0.05,0.005,4,family_a_W3,0.1353961588695944,0.008447331077136916,61
stop_go,2.0,0.05,0.005,4,family_a_W5,0.3428815455536028,0.042161350602459784,61
stop_go,2.0,0.05,0.005,4,family_a_W7,0.49369828121832215,0.01680945758482478,61
stop_go,2.0,0.05,0.005,4,family_a_midspan_W5,0.9475617130770263,0.09288953861835061,61
stop_go,2.0,0.2,0.0,0,forward,0.6170424483766602,0.1849121926622984,61
stop_go,2.0,0.2,0.0,0,central,0.30578829471435526,0.06568222771752663,61
stop_go,2.0,0.2,0.0,0,cubic_global,0.4375311242922484,0.13994009388248202,61
stop_go,2.0,0.2,0.0,0,smoothing_spline,0.9831433791055709,0.04758766623648499,61
stop_go,2.0,0.2,0.0,0,savgol_w5p2,0.3162813856034433,0.015450483177399348,61
stop_go,2.0,0.2,0.0,0,savgol_w7p3,0.260056966703115,0.04956794441873368,61
stop_go,2.0,0.2,0.0,0,savgol_w9p3,0.28064681241505224,0.04451784353415465,61
stop_go,2.0,0.2,0.0,0,savgol_w11p3,0.35033413759393134,0.04875862073705444,61
stop_go,2.0,0.2,0.0,0,family_a_W3,0.26005696670311496,0.049567944418715565,61
stop_go,2.0,0.2,0.0,0,family_a_W5,0.35033413759393206,0.04875862073703839,61
stop_go,2.0,0.2,0.0,0,family_a_W7,0.4898108392017046,0.01601403407644571,61
stop_go,2.0,0.2,0.0,0,family_a_midspan_W5,0.9729903359023183,0.10321408457132071,61
stop_go,2.0,0.2,0.0,1,forward,0.6679922169825188,0.12499631846057088,61
stop_go,2.0,0.2,0.0,1,central,0.27608597529693013,0.04770739988385222,61
stop_go,2.0,0.2,0.0,1,cubic_global,0.42647246348445716,0.10996518908042018,61
stop_go,2.0,0.2,0.0,1,smoothing_spline,0.9717187168572851,0.04959721095910085,61
stop_go,2.0,0.2,0.0,1,savgol_w5p2,0.2928315281477143,0.010989064261825074,61
stop_go,2.0,0.2,0.0,1,savgol_w7p3,0.2388993704657495,0.04407189771510289,61
stop_go,2.0,0.2,0.0,1,savgol_w9p3,0.2736701087076204,0.032378408291477846,61
stop_go,2.0,0.2,0.0,1,savgol_w11p3,0.33426298258600357,0.0425970385947802,61
stop_go,2.0,0.2,0.0,1,family_a_W3,0.2388993704657471,0.044071897715085184,61
stop_go,2.0,0.2,0.0,1,family_a_W5,0.334262982586003,0.04259703859476535,61
stop_go,2.0,0.2,0.0,1,family_a_W7,0.49356134526656287,0.023939366724307992,61
stop_go,2.0,0.2,0.0,1,family_a_midspan_W5,0.9474721425364168,0.09888082567258501,61
stop_go,2.0,0.2,0.0,2,forward,0.7218447745886803,0.16121489699117625,61
stop_go,2.0,0.2,0.0,2,central,0.2981783599212352,0.05794139122171645,61
stop_go,2.0,0.2,0.0,2,cubic_global,0.49809336748038935,0.11546768529119826,61
stop_go,2.0,0.2,0.0,2,smoothing_spline,0.9873578436130793,0.056588608380797885,61
stop_go,2.0,0.2,0.0,2,savgol_w5p2,0.2918356541417149,0.018442984673401587,61
stop_go,2.0,0.2,0.0,2,savgol_w7p3,0.21405997075804536,0.05580745605662211,61
stop_go,2.0,0.2,0.0,2,savgol_w9p3,0.2582495879946634,0.045121785882900334,61
stop_go,2.0,0.2,0.0,2,savgol_w11p3,0.36852949999287865,0.06177823266567081,61
stop_go,2.0,0.2,0.0,2,family_a_W3,0.21405997075804295,0.055807456056606766,61
stop_go,2.0,0.2,0.0,2,family_a_W5,0.3685294999928782,0.061778232665655956,61
stop_go,2.0,0.2,0.0,2,family_a_W7,0.505735068847578,0.030918113289694914,61
stop_go,2.0,0.2,0.0,2,family_a_midspan_W5,0.9561511300444696,0.10776339913240844,61
stop_go,2.0,0.2,0.0,3,forward,0.729095589211793,0.17640422475078799,61
stop_go,2.0,0.2,0.0,3,central,0.30769233179138217,0.07214952602147971,61
stop_go,2.0,0.2,0.0,3,cubic_global,0.5047037383247426,0.16002635224264125,61
stop_go,2.0,0.2,0.0,3,smoothing_spline,0.9925012398000925,0.054334355312628556,61
stop_go,2.0,0.2,0.0,3,savgol_w5p2,0.29059691960125567,0.009758287547252473,61
stop_go,2.0,0.2,0.0,3,savgol_w7p3,0.22220612979743415,0.04753018878494142,61
stop_go,2.0,0.2,0.0,3,savgol_w9p3,0.2604602509328742,0.036341323022299914,61
stop_go,2.0,0.2,0.0,3,savgol_w11p3,0.3516574984716453,0.059372483432892136,61
stop_go,2.0,0.2,0.0,3,family_a_W3,0.22220612979743096,0.04753018878492243,61
stop_go,2.0,0.2,0.0,3,family_a_W5,0.35165749847164585,0.05937248343287749,61
stop_go,2.0,0.2,0.0,3,family_a_W7,0.5029370853110019,0.023812605399784817,61
stop_go,2.0,0.2,0.0,3,family_a_midspan_W5,0.9703662547231136,0.10653328810693541,61
stop_go,2.0,0.2,0.0,4,forward,0.7843712308365046,0.12292253468323747,61
stop_go,2.0,0.2,0.0,4,central,0.290229401836363,0.066643872549851,61
stop_go,2.0,0.2,0.0,4,cubic_global,0.4698331803467265,0.12794646163398576,61
stop_go,2.0,0.2,0.0,4,smoothing_spline,0.9803522359354411,0.05219586457235963,61
stop_go,2.0,0.2,0.0,4,savgol_w5p2,0.2893132957010486,0.024597000657311567,61
stop_go,2.0,0.2,0.0,4,savgol_w7p3,0.24104065886414955,0.06308418589465978,61
stop_go,2.0,0.2,0.0,4,savgol_w9p3,0.2544536555665847,0.04532600786106231,61
stop_go,2.0,0.2,0.0,4,savgol_w11p3,0.34429367530724153,0.05618618676590581,61
stop_go,2.0,0.2,0.0,4,family_a_W3,0.24104065886414913,0.06308418589464447,61
stop_go,2.0,0.2,0.0,4,family_a_W5,0.344293675307243,0.05618618676589084,61
stop_go,2.0,0.2,0.0,4,family_a_W7,0.4979601982598786,0.032921907370033816,61
stop_go,2.0,0.2,0.0,4,family_a_midspan_W5,0.959082597937183,0.11319400591868041,61
stop_go,2.0,0.2,0.005,0,forward,0.7406559567257606,0.1510561311257818,61
stop_go,2.0,0.2,0.005,0,central,0.3228794875224322,0.07448423306197718,61
stop_go,2.0,0.2,0.005,0,cubic_global,0.5090928370862193,0.1380067925819226,61
stop_go,2.0,0.2,0.005,0,smoothing_spline,0.9889222427225005,0.05365952275272155,61
stop_go,2.0,0.2,0.005,0,savgol_w5p2,0.33051055562637277,0.016534569467350307,61
stop_go,2.0,0.2,0.005,0,savgol_w7p3,0.28494941140314767,0.06384660704358217,61
stop_go,2.0,0.2,0.005,0,savgol_w9p3,0.30334765242599665,0.05873298503934856,61
stop_go,2.0,0.2,0.005,0,savgol_w11p3,0.35702094112435934,0.0647786095928987,61
stop_go,2.0,0.2,0.005,0,family_a_W3,0.28129162608831165,0.07066178103723347,61
stop_go,2.0,0.2,0.005,0,family_a_W5,0.35858780940112617,0.07201339392677678,61
stop_go,2.0,0.2,0.005,0,family_a_W7,0.4818066608312974,0.027664639928484714,61
stop_go,2.0,0.2,0.005,0,family_a_midspan_W5,0.9756221393159119,0.1267166010447277,61
stop_go,2.0,0.2,0.005,1,forward,0.6171253230586317,0.13023525818155446,61
stop_go,2.0,0.2,0.005,1,central,0.3289414962464407,0.05774300280808357,61
stop_go,2.0,0.2,0.005,1,cubic_global,0.5020206219536997,0.11722064421066267,61
stop_go,2.0,0.2,0.005,1,smoothing_spline,1.016103015776502,0.05703634728698697,61
stop_go,2.0,0.2,0.005,1,savgol_w5p2,0.32441994129940066,0.014538808772314804,61
stop_go,2.0,0.2,0.005,1,savgol_w7p3,0.2569616070765564,0.04492478546315574,61
stop_go,2.0,0.2,0.005,1,savgol_w9p3,0.28818784431992794,0.03928205344525176,61
stop_go,2.0,0.2,0.005,1,savgol_w11p3,0.34866163083263035,0.04588626267766142,61
stop_go,2.0,0.2,0.005,1,family_a_W3,0.26000750004786805,0.042788314568191294,61
stop_go,2.0,0.2,0.005,1,family_a_W5,0.35241102764462723,0.0435272245904589,61
stop_go,2.0,0.2,0.005,1,family_a_W7,0.49263921587988124,0.023108914514554848,61
stop_go,2.0,0.2,0.005,1,family_a_midspan_W5,0.964392753522008,0.10123587939903927,61
stop_go,2.0,0.2,0.005,2,forward,0.7371717977354202,0.1734292247327981,61
stop_go,2.0,0.2,0.005,2,central,0.2876866795788072,0.05534384039764506,61
stop_go,2.0,0.2,0.005,2,cubic_global,0.4785857362095388,0.12872025194676492,61
stop_go,2.0,0.2,0.005,2,smoothing_spline,1.0133560762561526,0.057709579443225835,61
stop_go,2.0,0.2,0.005,2,savgol_w5p2,0.2948795614431616,0.020769497807840553,61
stop_go,2.0,0.2,0.005,2,savgol_w7p3,0.207861191445047,0.049435508331243945,61
stop_go,2.0,0.2,0.005,2,savgol_w9p3,0.25794057095284606,0.04731008060652256,61
stop_go,2.0,0.2,0.005,2,savgol_w11p3,0.3555853143830821,0.05900585725255387,61
stop_go,2.0,0.2,0.005,2,family_a_W3,0.21110502504401105,0.04650616969449799,61
stop_go,2.0,0.2,0.005,2,family_a_W5,0.35212828110409417,0.055498514035902294,61
stop_go,2.0,0.2,0.005,2,family_a_W7,0.5040008173525541,0.03046496906317045,61
stop_go,2.0,0.2,0.005,2,family_a_midspan_W5,0.9683531003915122,0.0990928531802349,61
stop_go,2.0,0.2,0.005,3,forward,0.7913920771828347,0.15261148307277272,61
stop_go,2.0,0.2,0.005,3,central,0.31376295799299636,0.049737174301312685,61
stop_go,2.0,0.2,0.005,3,cubic_global,0.4902381593326427,0.11311111168049408,61
stop_go,2.0,0.2,0.005,3,smoothing_spline,0.9685208485357562,0.052118811600064964,61
stop_go,2.0,0.2,0.005,3,savgol_w5p2,0.27330138580741636,0.022539027542288325,61
stop_go,2.0,0.2,0.005,3,savgol_w7p3,0.256195178150927,0.061793980984537394,61
stop_go,2.0,0.2,0.005,3,savgol_w9p3,0.2515665128353742,0.04747716218490976,61
stop_go,2.0,0.2,0.005,3,savgol_w11p3,0.33998256460085696,0.06008946541354439,61
stop_go,2.0,0.2,0.005,3,family_a_W3,0.25933598814912656,0.05795716967844306,61
stop_go,2.0,0.2,0.005,3,family_a_W5,0.3395272771067481,0.054482876004520016,61
stop_go,2.0,0.2,0.005,3,family_a_W7,0.4938049631437158,0.029556308957309516,61
stop_go,2.0,0.2,0.005,3,family_a_midspan_W5,0.9653570420637999,0.11065404165655864,61
stop_go,2.0,0.2,0.005,4,forward,0.726672238626929,0.15351531939948415,61
stop_go,2.0,0.2,0.005,4,central,0.2884394509638317,0.041283568852274924,61
stop_go,2.0,0.2,0.005,4,cubic_global,0.4975320322781149,0.12116149119848309,61
stop_go,2.0,0.2,0.005,4,smoothing_spline,1.0017260545282503,0.05230040706068007,61
stop_go,2.0,0.2,0.005,4,savgol_w5p2,0.31773734317001395,0.00441664832263156,61
stop_go,2.0,0.2,0.005,4,savgol_w7p3,0.22000509787379788,0.0306466911794471,61
stop_go,2.0,0.2,0.005,4,savgol_w9p3,0.2819018518971327,0.017194005267508347,61
stop_go,2.0,0.2,0.005,4,savgol_w11p3,0.3696237605430732,0.025874047992050418,61
stop_go,2.0,0.2,0.005,4,family_a_W3,0.21948243677984905,0.03563085188190334,61
stop_go,2.0,0.2,0.005,4,family_a_W5,0.3709022458725228,0.03155140523116452,61
stop_go,2.0,0.2,0.005,4,family_a_W7,0.5207767046307629,0.01312731111063374,61
stop_go,2.0,0.2,0.005,4,family_a_midspan_W5,0.9370004956777352,0.08118977338187527,61
stop_go,5.0,0.0,0.0,0,forward,0.1554310206376551,2.0751445979252833e-14,151
stop_go,5.0,0.0,0.0,0,central,0.018231728442294363,2.120809610653479e-14,151
stop_go,5.0,0.0,0.0,0,cubic_global,0.000502797407416075,-1.6333181259230827e-15,151
stop_go,5.0,0.0,0.0,0,smoothing_spline,0.9661208118817666,0.04300561628607145,151
stop_go,5.0,0.0,0.0,0,savgol_w5p2,0.05836427581362882,1.933688408097952e-13,151
stop_go,5.0,0.0,0.0,0,savgol_w7p3,0.01027066830057661,-2.2405941660019502e-14,151
stop_go,5.0,0.0,0.0,0,savgol_w9p3,0.025780298061319023,-7.425771271202699e-14,151
stop_go,5.0,0.0,0.0,0,savgol_w11p3,0.04821939655537909,2.3386759427357106e-05,151
stop_go,5.0,0.0,0.0,0,family_a_W3,0.010270668300609163,-3.7816971776294395e-15,151
stop_go,5.0,0.0,0.0,0,family_a_W5,0.0482193965553764,2.338675944054445e-05,151
stop_go,5.0,0.0,0.0,0,family_a_W7,0.10733835195499149,0.007764688158770343,151
stop_go,5.0,0.0,0.0,0,family_a_midspan_W5,0.3195928637035504,0.010348786263537994,151
stop_go,5.0,0.0,0.0,1,forward,0.1554310206376551,2.0751445979252833e-14,151
stop_go,5.0,0.0,0.0,1,central,0.018231728442294363,2.120809610653479e-14,151
stop_go,5.0,0.0,0.0,1,cubic_global,0.000502797407416075,-1.6333181259230827e-15,151
stop_go,5.0,0.0,0.0,1,smoothing_spline,0.9661208118817666,0.04300561628607145,151
stop_go,5.0,0.0,0.0,1,savgol_w5p2,0.05836427581362882,1.933688408097952e-13,151
stop_go,5.0,0.0,0.0,1,savgol_w7p3,0.01027066830057661,-2.2405941660019502e-14,151
stop_go,5.0,0.0,0.0,1,savgol_w9p3,0.025780298061319023,-7.425771271202699e-14,151
stop_go,5.0,0.0,0.0,1,savgol_w11p3,0.04821939655537909,2.3386759427357106e-05,151
stop_go,5.0,0.0,0.0,1,family_a_W3,0.010270668300609163,-3.7816971776294395e-15,151
stop_go,5.0,0.0,0.0,1,family_a_W5,0.0482193965553764,2.338675944054445e-05,151
stop_go,5.0,0.0,0.0,1,family_a_W7,0.10733835195499149,0.007764688158770343,151
stop_go,5.0,0.0,0.0,1,family_a_midspan_W5,0.3195928637035504,0.010348786263537994,151
stop_go,5.0,0.0,0.0,2,forward,0.1554310206376551,2.0751445979252833e-14,151
stop_go,5.0,0.0,0.0,2,central,0.018231728442294363,2.120809610653479e-14,151
stop_go,5.0,0.0,0.0,2,cubic_global,0.000502797407416075,-1.6333181259230827e-15,151
stop_go,5.0,0.0,0.0,2,smoothing_spline,0.9661208118817666,0.04300561628607145,151
stop_go,5.0,0.0,0.0,2,savgol_w5p2,0.05836427581362882,1.933688408097952e-13,151
stop_go,5.0,0.0,0.0,2,savgol_w7p3,0.01027066830057661,-2.2405941660019502e-14,151
stop_go,5.0,0.0,0.0,2,savgol_w9p3,0.025780298061319023,-7.425771271202699e-14,151
stop_go,5.0,0.0,0.0,2,savgol_w11p3,0.04821939655537909,2.3386759427357106e-05,151
stop_go,5.0,0.0,0.0,2,family_a_W3,0.010270668300609163,-3.7816971776294395e-15,151
stop_go,5.0,0.0,0.0,2,family_a_W5,0.0482193965553764,2.338675944054445e-05,151
stop_go,5.0,0.0,0.0,2,family_a_W7,0.10733835195499149,0.007764688158770343,151
stop_go,5.0,0.0,0.0,2,family_a_midspan_W5,0.3195928637035504,0.010348786263537994,151
stop_go,5.0,0.0,0.0,3,forward,0.1554310206376551,2.0751445979252833e-14,151
stop_go,5.0,0.0,0.0,3,central,0.018231728442294363,2.120809610653479e-14,151
stop_go,5.0,0.0,0.0,3,cubic_global,0.000502797407416075,-1.6333181259230827e-15,151
stop_go,5.0,0.0,0.0,3,smoothing_spline,0.9661208118817666,0.04300561628607145,151
stop_go,5.0,0.0,0.0,3,savgol_w5p2,0.05836427581362882,1.933688408097952e-13,151
stop_go,5.0,0.0,0.0,3,savgol_w7p3,0.01027066830057661,-2.2405941660019502e-14,151
stop_go,5.0,0.0,0.0,3,savgol_w9p3,0.025780298061319023,-7.425771271202699e-14,151
stop_go,5.0,0.0,0.0,3,savgol_w11p3,0.04821939655537909,2.3386759427357106e-05,151
stop_go,5.0,0.0,0.0,3,family_a_W3,0.010270668300609163,-3.7816971776294395e-15,151
stop_go,5.0,0.0,0.0,3,family_a_W5,0.0482193965553764,2.338675944054445e-05,151
stop_go,5.0,0.0,0.0,3,family_a_W7,0.10733835195499149,0.007764688158770343,151
stop_go,5.0,0.0,0.0,3,family_a_midspan_W5,0.3195928637035504,0.010348786263537994,151
stop_go,5.0,0.0,0.0,4,forward,0.1554310206376551,2.0751445979252833e-14,151
stop_go,5.0,0.0,0.0,4,central,0.018231728442294363,2.120809610653479e-14,151
stop_go,5.0,0.0,0.0,4,cubic_global,0.000502797407416075,-1.6333181259230827e-15,151
stop_go,5.0,0.0,0.0,4,smoothing_spline,0.9661208118817666,0.04300561628607145,151
stop_go,5.0,0.0,0.0,4,savgol_w5p2,0.05836427581362882,1.933688408097952e-13,151
stop_go,5.0,0.0,0.0,4,savgol_w7p3,0.01027066830057661,-2.2405941660019502e-14,151
stop_go,5.0,0.0,0.0,4,savgol_w9p3,0.025780298061319023,-7.425771271202699e-14,151
stop_go,5.0,0.0,0.0,4,savgol_w11p3,0.04821939655537909,2.3386759427357106e-05,151
stop_go,5.0,0.0,0.0,4,family_a_W3,0.010270668300609163,-3.7816971776294395e-15,151
stop_go,5.0,0.0,0.0,4,family_a_W5,0.0482193965553764,2.338675944054445e-05,151
stop_go,5.0,0.0,0.0,4,family_a_W7,0.10733835195499149,0.007764688158770343,151
stop_go,5.0,0.0,0.0,4,family_a_midspan_W5,0.3195928637035504,0.010348786263537994,151
stop_go,5.0,0.0,0.005,0,forward,0.15580570448676465,1.2026211235876658e-05,151
stop_go,5.0,0.0,0.005,0,central,0.022238095784429562,4.8005021251388614e-05,151
stop_go,5.0,0.0,0.005,0,cubic_global,0.0005476611378579768,1.3555742322179902e-07,151
stop_go,5.0,0.0,0.005,0,smoothing_spline,0.9656490196867177,0.04387049054210729,151
stop_go,5.0,0.0,0.005,0,savgol_w5p2,0.06365056947328494,0.0011127425598674995,151
stop_go,5.0,0.0,0.005,0,savgol_w7p3,0.04937986385994943,0.0009264003009875224,151
stop_go,5.0,0.0,0.005,0,savgol_w9p3,0.04207656285212461,0.0010581435257017173,151
stop_go,5.0,0.0,0.005,0,savgol_w11p3,0.054609574770889666,0.0012673958617658038,151
stop_go,5.0,0.0,0.005,0,family_a_W3,0.010359623977538496,7.274345355328541e-05,151
stop_go,5.0,0.0,0.005,0,family_a_W5,0.04822897180352576,0.0003076634669025752,151
stop_go,5.0,0.0,0.005,0,family_a_W7,0.10821967144200777,0.008335211895993701,151
stop_go,5.0,0.0,0.005,0,family_a_midspan_W5,0.3205760613679301,0.010959594231166173,151
stop_go,5.0,0.0,0.005,1,forward,0.15536464977291448,1.521986176028784e-06,151
stop_go,5.0,0.0,0.005,1,central,0.018877018054244785,1.1018784785225155e-05,151
stop_go,5.0,0.0,0.005,1,cubic_global,0.0005285982618645745,5.473006978542348e-08,151
stop_go,5.0,0.0,0.005,1,smoothing_spline,0.9667443414047389,0.043201042354807984,151
stop_go,5.0,0.0,0.005,1,savgol_w5p2,0.06443962429125681,0.0034761993640640325,151
stop_go,5.0,0.0,0.005,1,savgol_w7p3,0.05578408162311635,0.0035400995118719083,151
stop_go,5.0,0.0,0.005,1,savgol_w9p3,0.040069669094481355,0.003431964825023075,151
stop_go,5.0,0.0,0.005,1,savgol_w11p3,0.051344846417159105,0.003594726081106885,151
stop_go,5.0,0.0,0.005,1,family_a_W3,0.010225762141674664,2.4559823768660273e-05,151
stop_go,5.0,0.0,0.005,1,family_a_W5,0.04827551881720651,0.00011529263280929321,151
stop_go,5.0,0.0,0.005,1,family_a_W7,0.1065053973234982,0.007710798976332478,151
stop_go,5.0,0.0,0.005,1,family_a_midspan_W5,0.31962540502006986,0.01048584074691796,151
stop_go,5.0,0.0,0.005,2,forward,0.15545948238471216,1.3386409307871522e-05,151
stop_go,5.0,0.0,0.005,2,central,0.022363607632358715,5.2430691414123544e-05,151
stop_go,5.0,0.0,0.005,2,cubic_global,0.0005499447689128746,-2.544885869009401e-07,151
stop_go,5.0,0.0,0.005,2,smoothing_spline,0.9658746146529944,0.04327220712244853,151
stop_go,5.0,0.0,0.005,2,savgol_w5p2,0.06602905840088696,0.004281021342407561,151
stop_go,5.0,0.0,0.005,2,savgol_w7p3,0.054395712707808574,0.004293918556832274,151
stop_go,5.0,0.0,0.005,2,savgol_w9p3,0.04405442728210093,0.0040064250397623844,151
stop_go,5.0,0.0,0.005,2,savgol_w11p3,0.05429073265691288,0.004236802867234428,151
stop_go,5.0,0.0,0.005,2,family_a_W3,0.010637833104959325,0.00012047331717382861,151
stop_go,5.0,0.0,0.005,2,family_a_W5,0.04872019702005137,0.0003656374756173652,151
stop_go,5.0,0.0,0.005,2,family_a_W7,0.10760688425619734,0.008062613110195828,151
stop_go,5.0,0.0,0.005,2,family_a_midspan_W5,0.3191888557773225,0.010642378664253898,151
stop_go,5.0,0.0,0.005,3,forward,0.15542082982606442,-1.6839532546642675e-05,151
stop_go,5.0,0.0,0.005,3,central,0.0211482708569476,-7.520446778983429e-05,151
stop_go,5.0,0.0,0.005,3,cubic_global,0.0005395873558330632,1.1317511360487648e-06,151
stop_go,5.0,0.0,0.005,3,smoothing_spline,0.9669937403797288,0.042053944532714646,151
stop_go,5.0,0.0,0.005,3,savgol_w5p2,0.07114489431147523,0.0034957872165579627,151
stop_go,5.0,0.0,0.005,3,savgol_w7p3,0.06234992363508393,0.0038902761275895056,151
stop_go,5.0,0.0,0.005,3,savgol_w9p3,0.04872573146452785,0.0033811910271003475,151
stop_go,5.0,0.0,0.005,3,savgol_w11p3,0.05669874365258663,0.003137222405919349,151
stop_go,5.0,0.0,0.005,3,family_a_W3,0.010495280882314132,-0.00013499357540130928,151
stop_go,5.0,0.0,0.005,3,family_a_W5,0.048462980363904395,-0.00028993771053256794,151
stop_go,5.0,0.0,0.005,3,family_a_W7,0.1073292370439104,0.007431660039176447,151
stop_go,5.0,0.0,0.005,3,family_a_midspan_W5,0.3189262945260956,0.009684670937613177,151
stop_go,5.0,0.0,0.005,4,forward,0.1556441520271221,-1.044054769320146e-05,151
stop_go,5.0,0.0,0.005,4,central,0.01974935228679181,-3.5464181574235226e-05,151
stop_go,5.0,0.0,0.005,4,cubic_global,0.0005228097612228941,-3.776808989931593e-07,151
stop_go,5.0,0.0,0.005,4,smoothing_spline,0.9664591874427704,0.04241259502397536,151
stop_go,5.0,0.0,0.005,4,savgol_w5p2,0.07492648206625425,-0.009376780440177531,151
stop_go,5.0,0.0,0.005,4,savgol_w7p3,0.05404002629814757,-0.00952937844302868,151
stop_go,5.0,0.0,0.005,4,savgol_w9p3,0.04822612702727357,-0.009120692638304706,151
stop_go,5.0,0.0,0.005,4,savgol_w11p3,0.06174460700293776,-0.009075926583351676,151
stop_go,5.0,0.0,0.005,4,family_a_W3,0.010414157707613732,-1.7251811787494446e-05,151
stop_go,5.0,0.0,0.005,4,family_a_W5,0.04848066164006458,-0.00021866167789068595,151
stop_go,5.0,0.0,0.005,4,family_a_W7,0.1077058259855476,0.007244364034448155,151
stop_go,5.0,0.0,0.005,4,family_a_midspan_W5,0.32135454763190086,0.009709539416215142,151
stop_go,5.0,0.01,0.0,0,forward,0.1711021312617302,0.012641121777763515,151
stop_go,5.0,0.01,0.0,0,central,0.037131719205001495,0.00493901974852279,151
stop_go,5.0,0.01,0.0,0,cubic_global,0.05679971220061324,0.009412430063601724,151
stop_go,5.0,0.01,0.0,0,smoothing_spline,0.9649103314915489,0.042882512766147456,151
stop_go,5.0,0.01,0.0,0,savgol_w5p2,0.05779010105752683,0.001532551669016899,151
stop_go,5.0,0.01,0.0,0,savgol_w7p3,0.02595624566522413,0.003727810789908055,151
stop_go,5.0,0.01,0.0,0,savgol_w9p3,0.02810483419196715,0.0024974445636825695,151
stop_go,5.0,0.01,0.0,0,savgol_w11p3,0.047826421866566965,0.002095045913021111,151
stop_go,5.0,0.01,0.0,0,family_a_W3,0.025956245665316326,0.003727810789946998,151
stop_go,5.0,0.01,0.0,0,family_a_W5,0.04782642186656542,0.0020950459130275527,151
stop_go,5.0,0.01,0.0,0,family_a_W7,0.1061629764710462,0.008713937142223,151
stop_go,5.0,0.01,0.0,0,family_a_midspan_W5,0.31883743632766126,0.01186122370785057,151
stop_go,5.0,0.01,0.0,1,forward,0.1689036246594155,0.011413521906737724,151
stop_go,5.0,0.01,0.0,1,central,0.041374196847352974,0.003034946868388257,151
stop_go,5.0,0.01,0.0,1,cubic_global,0.06120239610591006,0.007892221459880618,151
stop_go,5.0,0.01,0.0,1,smoothing_spline,0.9660937071189019,0.04291643733983601,151
stop_go,5.0,0.01,0.0,1,savgol_w5p2,0.05947831031552942,0.0005600730153748619,151
stop_go,5.0,0.01,0.0,1,savgol_w7p3,0.02698928186614556,0.0017787394404594227,151
stop_go,5.0,0.01,0.0,1,savgol_w9p3,0.029160275522023427,0.0009878615297791032,151
stop_go,5.0,0.01,0.0,1,savgol_w11p3,0.04862422898806141,0.0009369163219879928,151
stop_go,5.0,0.01,0.0,1,family_a_W3,0.02698928186607439,0.001778739440473543,151
stop_go,5.0,0.01,0.0,1,family_a_W5,0.048624228988063706,0.0009369163219880147,151
stop_go,5.0,0.01,0.0,1,family_a_W7,0.10711366771313727,0.007303822115190514,151
stop_go,5.0,0.01,0.0,1,family_a_midspan_W5,0.31996873367851714,0.010952681159705723,151
stop_go,5.0,0.01,0.0,2,forward,0.17082882226945234,0.011018604845247738,151
stop_go,5.0,0.01,0.0,2,central,0.037311029974909274,0.0037399729747013195,151
stop_go,5.0,0.01,0.0,2,cubic_global,0.05581136016697414,0.009102192400494669,151
stop_go,5.0,0.01,0.0,2,smoothing_spline,0.9662495308409886,0.043002136449120945,151
stop_go,5.0,0.01,0.0,2,savgol_w5p2,0.05834575784796639,0.0006729098472112496,151
stop_go,5.0,0.01,0.0,2,savgol_w7p3,0.026201455505176233,0.0022741831758352577,151
stop_go,5.0,0.01,0.0,2,savgol_w9p3,0.02826508408320692,0.0012758363460022414,151
stop_go,5.0,0.01,0.0,2,savgol_w11p3,0.04712674565836691,0.0011417812541199973,151
stop_go,5.0,0.01,0.0,2,family_a_W3,0.0262014555051878,0.0022741831758390806,151
stop_go,5.0,0.01,0.0,2,family_a_W5,0.04712674565836369,0.0011417812541302118,151
stop_go,5.0,0.01,0.0,2,family_a_W7,0.10665844435977632,0.006038237039135456,151
stop_go,5.0,0.01,0.0,2,family_a_midspan_W5,0.3195599958914713,0.011108353767703714,151
stop_go,5.0,0.01,0.0,3,forward,0.17256260547226498,0.010445976219860464,151
stop_go,5.0,0.01,0.0,3,central,0.044918023350122675,0.0036921424063532304,151
stop_go,5.0,0.01,0.0,3,cubic_global,0.06369500029135904,0.007899310402222342,151
stop_go,5.0,0.01,0.0,3,smoothing_spline,0.9664382497505275,0.04315076519006517,151
stop_go,5.0,0.01,0.0,3,savgol_w5p2,0.06364012163289472,0.0015381284791671425,151
stop_go,5.0,0.01,0.0,3,savgol_w7p3,0.03184449518781887,0.0030406086964792295,151
stop_go,5.0,0.01,0.0,3,savgol_w9p3,0.03329143977398959,0.002123868631360222,151
stop_go,5.0,0.01,0.0,3,savgol_w11p3,0.05102864218305535,0.002143958473511689,151
stop_go,5.0,0.01,0.0,3,family_a_W3,0.03184449518779757,0.003040608696487147,151
stop_go,5.0,0.01,0.0,3,family_a_W5,0.05102864218305372,0.0021439584735210514,151
stop_go,5.0,0.01,0.0,3,family_a_W7,0.10900150883867653,0.008488335620457983,151
stop_go,5.0,0.01,0.0,3,family_a_midspan_W5,0.32084074977242183,0.010999541445501042,151
stop_go,5.0,0.01,0.0,4,forward,0.1747330218361618,0.01036493373632938,151
stop_go,5.0,0.01,0.0,4,central,0.039287635004447395,0.0038776748747148056,151
stop_go,5.0,0.01,0.0,4,cubic_global,0.06013553931413369,0.007609680636732448,151
stop_go,5.0,0.01,0.0,4,smoothing_spline,0.9661563162104249,0.042978173264957314,151
stop_go,5.0,0.01,0.0,4,savgol_w5p2,0.06278570601296773,0.0015276876726975782,151
stop_go,5.0,0.01,0.0,4,savgol_w7p3,0.026192858080756807,0.0029547566171625184,151
stop_go,5.0,0.01,0.0,4,savgol_w9p3,0.0315854101412049,0.0020793404562379735,151
stop_go,5.0,0.01,0.0,4,savgol_w11p3,0.05115566456383276,0.0017986539927926839,151
stop_go,5.0,0.01,0.0,4,family_a_W3,0.026192858080735147,0.0029547566171669202,151
stop_go,5.0,0.01,0.0,4,family_a_W5,0.05115566456383508,0.0017986539927943045,151
stop_go,5.0,0.01,0.0,4,family_a_W7,0.10986346440628753,0.008165950880897204,151
stop_go,5.0,0.01,0.0,4,family_a_midspan_W5,0.32127135428507897,0.01123252113650302,151
stop_go,5.0,0.01,0.005,0,forward,0.1740506248981457,0.016076894848749818,151
stop_go,5.0,0.01,0.005,0,central,0.04578508806797847,0.004979249588314036,151
stop_go,5.0,0.01,0.005,0,cubic_global,0.06962655054436287,0.011053483681869517,151
stop_go,5.0,0.01,0.005,0,smoothing_spline,0.966194793556534,0.04394403441674429,151
stop_go,5.0,0.01,0.005,0,savgol_w5p2,0.06591894969842121,0.002180793766517985,151
stop_go,5.0,0.01,0.005,0,savgol_w7p3,0.052913179740455375,0.0036499144926944883,151
stop_go,5.0,0.01,0.005,0,savgol_w9p3,0.044167400901895824,0.0024340904943270176,151
stop_go,5.0,0.01,0.005,0,savgol_w11p3,0.05615999215540621,0.002575282305622228,151
stop_go,5.0,0.01,0.005,0,family_a_W3,0.030390850844140543,0.002798144038808382,151
stop_go,5.0,0.01,0.005,0,family_a_W5,0.050691350111998025,0.0016579081970660924,151
stop_go,5.0,0.01,0.005,0,family_a_W7,0.10913153188711795,0.008796480054305804,151
stop_go,5.0,0.01,0.005,0,family_a_midspan_W5,0.3218434865945585,0.011814941807154561,151
stop_go,5.0,0.01,0.005,1,forward,0.17373051574705306,0.013643388827848402,151
stop_go,5.0,0.01,0.005,1,central,0.03986486516140329,0.0047389635053353,151
stop_go,5.0,0.01,0.005,1,cubic_global,0.06496133298920914,0.010079818490390373,151
stop_go,5.0,0.01,0.005,1,smoothing_spline,0.9666593584915002,0.04325283955638263,151
stop_go,5.0,0.01,0.005,1,savgol_w5p2,0.06553118776622707,0.00482311110087967,151
stop_go,5.0,0.01,0.005,1,savgol_w7p3,0.06031972582216347,0.006613149963396126,151
stop_go,5.0,0.01,0.005,1,savgol_w9p3,0.04267479787376095,0.0053131540037222825,151
stop_go,5.0,0.01,0.005,1,savgol_w11p3,0.050991747327245755,0.0053109230361023845,151
stop_go,5.0,0.01,0.005,1,family_a_W3,0.022958998544389042,0.0030247006391329457,151
stop_go,5.0,0.01,0.005,1,family_a_W5,0.047396924503306626,0.001818007737180573,151
stop_go,5.0,0.01,0.005,1,family_a_W7,0.1063591642035265,0.008079206524289555,151
stop_go,5.0,0.01,0.005,1,family_a_midspan_W5,0.31958452830238,0.01120580260038077,151
stop_go,5.0,0.01,0.005,2,forward,0.17240677744290372,0.013345386118535097,151
stop_go,5.0,0.01,0.005,2,central,0.044310015460044025,0.004323475964618182,151
stop_go,5.0,0.01,0.005,2,cubic_global,0.06512831044960168,0.010757576343208359,151
stop_go,5.0,0.01,0.005,2,smoothing_spline,0.9654086275249203,0.043231499394018026,151
stop_go,5.0,0.01,0.005,2,savgol_w5p2,0.0671298716126294,0.005132582790055543,151
stop_go,5.0,0.01,0.005,2,savgol_w7p3,0.05498197729154936,0.00656949898749078,151
stop_go,5.0,0.01,0.005,2,savgol_w9p3,0.046105549734470334,0.005695896920219051,151
stop_go,5.0,0.01,0.005,2,savgol_w11p3,0.055887571641856475,0.005855619974837356,151
stop_go,5.0,0.01,0.005,2,family_a_W3,0.027830102090992667,0.0023908982514726207,151
stop_go,5.0,0.01,0.005,2,family_a_W5,0.050962912039973725,0.0020412938632605035,151
stop_go,5.0,0.01,0.005,2,family_a_W7,0.1081869028435837,0.008290260361774026,151
stop_go,5.0,0.01,0.005,2,family_a_midspan_W5,0.321192621205073,0.012140369400351883,151
stop_go,5.0,0.01,0.005,3,forward,0.17173376614502953,0.011906491775779501,151
stop_go,5.0,0.01,0.005,3,central,0.03778226786835152,0.005363233767471836,151
stop_go,5.0,0.01,0.005,3,cubic_global,0.05832437079290027,0.009850551925877294,151
stop_go,5.0,0.01,0.005,3,smoothing_spline,0.9673378359166346,0.04214786837779963,151
stop_go,5.0,0.01,0.005,3,savgol_w5p2,0.07056530758787956,0.005294145781291916,151
stop_go,5.0,0.01,0.005,3,savgol_w7p3,0.06539578757638212,0.007740528907769686,151
stop_go,5.0,0.01,0.005,3,savgol_w9p3,0.047263312842286034,0.005802219355579389,151
stop_go,5.0,0.01,0.005,3,savgol_w11p3,0.055056630110572845,0.005577562736175076,151
stop_go,5.0,0.01,0.005,3,family_a_W3,0.022861406138489863,0.0037574693465568165,151
stop_go,5.0,0.01,0.005,3,family_a_W5,0.046796006964634575,0.0021472969509539874,151
stop_go,5.0,0.01,0.005,3,family_a_W7,0.10738339297313916,0.007998540797706772,151
stop_go,5.0,0.01,0.005,3,family_a_midspan_W5,0.318715591392325,0.010540796970521557,151
stop_go,5.0,0.01,0.005,4,forward,0.17239427898513426,0.013226096126009654,151
stop_go,5.0,0.01,0.005,4,central,0.04227401898600856,0.004960476486154266,151
stop_go,5.0,0.01,0.005,4,cubic_global,0.061498926801514246,0.008922349700192535,151
stop_go,5.0,0.01,0.005,4,smoothing_spline,0.9674802027476288,0.042713020964938,151
stop_go,5.0,0.01,0.005,4,savgol_w5p2,0.0790969736008378,-0.007268090510387403,151
stop_go,5.0,0.01,0.005,4,savgol_w7p3,0.06575764047543095,-0.00488527921387039,151
stop_go,5.0,0.01,0.005,4,savgol_w9p3,0.054751124967950406,-0.006041750350546873,151
stop_go,5.0,0.01,0.005,4,savgol_w11p3,0.06494721506347466,-0.0068903504213959355,151
stop_go,5.0,0.01,0.005,4,family_a_W3,0.02959920977551888,0.004581914232163859,151
stop_go,5.0,0.01,0.005,4,family_a_W5,0.04992129221149907,0.001979387596244838,151
stop_go,5.0,0.01,0.005,4,family_a_W7,0.10864985437615736,0.00808359645878326,151
stop_go,5.0,0.01,0.005,4,family_a_midspan_W5,0.32194505716396893,0.011094974701081424,151
stop_go,5.0,0.05,0.0,0,forward,0.3942055793793008,0.10138149267658327,151
stop_go,5.0,0.05,0.0,0,central,0.17342196004746882,0.042081996791984065,151
stop_go,5.0,0.05,0.0,0,cubic_global,0.29326222565138826,0.08065576574981345,151
stop_go,5.0,0.05,0.0,0,smoothing_spline,0.9607920641145893,0.042531227281852324,151
stop_go,5.0,0.05,0.0,0,savgol_w5p2,0.09049036204923971,0.01537183897206838,151
stop_go,5.0,0.05,0.0,0,savgol_w7p3,0.1283773738042741,0.029129462308977873,151
stop_go,5.0,0.05,0.0,0,savgol_w9p3,0.08276940579376019,0.01869929771788857,151
stop_go,5.0,0.05,0.0,0,savgol_w11p3,0.07151285643066847,0.013217217876966513,151
stop_go,5.0,0.05,0.0,0,family_a_W3,0.12837737380436265,0.029129462309017973,151
stop_go,5.0,0.05,0.0,0,family_a_W5,0.07151285643066377,0.01321721787697195,151
stop_go,5.0,0.05,0.0,0,family_a_W7,0.10749213444594052,0.014137229543871315,151
stop_go,5.0,0.05,0.0,0,family_a_midspan_W5,0.3223875344470227,0.026111991384042535,151
stop_go,5.0,0.05,0.0,1,forward,0.3817024564057776,0.10182637479684141,151
stop_go,5.0,0.05,0.0,1,central,0.18854326100402377,0.03243910931962153,151
stop_go,5.0,0.05,0.0,1,cubic_global,0.31648170178289464,0.07420287669503763,151
stop_go,5.0,0.05,0.0,1,smoothing_spline,0.9651977242047528,0.042401842546112255,151
stop_go,5.0,0.05,0.0,1,savgol_w5p2,0.09030350558649401,0.006541487087003108,151
stop_go,5.0,0.05,0.0,1,savgol_w7p3,0.12666441150636445,0.017958759865981593,151
stop_go,5.0,0.05,0.0,1,savgol_w9p3,0.07844474671579273,0.00938654850043587,151
stop_go,5.0,0.05,0.0,1,savgol_w11p3,0.06723726041117822,0.006358966568028158,151
stop_go,5.0,0.05,0.0,1,family_a_W3,0.12666441150629118,0.01795875986599864,151
stop_go,5.0,0.05,0.0,1,family_a_W5,0.06723726041118303,0.006358966568033517,151
stop_go,5.0,0.05,0.0,1,family_a_W7,0.1100509373394432,0.008903033759934153,151
stop_go,5.0,0.05,0.0,1,family_a_midspan_W5,0.3251620931052209,0.01885890406588924,151
stop_go,5.0,0.05,0.0,2,forward,0.4053216050017455,0.09003441487909258,151
stop_go,5.0,0.05,0.0,2,central,0.17523884440522786,0.03712124000354956,151
stop_go,5.0,0.05,0.0,2,cubic_global,0.2935046641206379,0.07691559252306185,151
stop_go,5.0,0.05,0.0,2,smoothing_spline,0.9661968664720164,0.042874598456322244,151
stop_go,5.0,0.05,0.0,2,savgol_w5p2,0.09457176877487576,0.009373750542787683,151
stop_go,5.0,0.05,0.0,2,savgol_w7p3,0.12945700760409146,0.02390220515357482,151
stop_go,5.0,0.05,0.0,2,savgol_w9p3,0.08969268026938666,0.011606957877343366,151
stop_go,5.0,0.05,0.0,2,savgol_w11p3,0.0720527679634857,0.007885693227354567,151
stop_go,5.0,0.05,0.0,2,family_a_W3,0.12945700760409096,0.023902205153571787,151
stop_go,5.0,0.05,0.0,2,family_a_W5,0.07205276796348135,0.007885693227369482,151
stop_go,5.0,0.05,0.0,2,family_a_W7,0.10864597204457381,0.004511083436073239,151
stop_go,5.0,0.05,0.0,2,family_a_midspan_W5,0.3261190062167687,0.022123031509223567,151
stop_go,5.0,0.05,0.0,3,forward,0.4314086396327409,0.08690714611511698,151
stop_go,5.0,0.05,0.0,3,central,0.2006912084837329,0.032683883073236865,151
stop_go,5.0,0.05,0.0,3,cubic_global,0.3225361500717036,0.06479332177643399,151
stop_go,5.0,0.05,0.0,3,smoothing_spline,0.9670359858696216,0.04359978012312193,151
stop_go,5.0,0.05,0.0,3,savgol_w5p2,0.11314318874473964,0.013321624403011685,151
stop_go,5.0,0.05,0.0,3,savgol_w7p3,0.14619918398038448,0.024852154509121618,151
stop_go,5.0,0.05,0.0,3,savgol_w9p3,0.09868935049514845,0.016408316254155116,151
stop_go,5.0,0.05,0.0,3,savgol_w11p3,0.08562717062267447,0.01269031994641616,151
stop_go,5.0,0.05,0.0,3,family_a_W3,0.1461991839803498,0.024852154509116344,151
stop_go,5.0,0.05,0.0,3,family_a_W5,0.08562717062267414,0.012690319946425369,151
stop_go,5.0,0.05,0.0,3,family_a_W7,0.12031949554901515,0.013620917664908553,151
stop_go,5.0,0.05,0.0,3,family_a_midspan_W5,0.3332668233570624,0.02148210313964115,151
stop_go,5.0,0.05,0.0,4,forward,0.4348467850198821,0.08249255817150525,151
stop_go,5.0,0.05,0.0,4,central,0.17519410104796398,0.031452676335785176,151
stop_go,5.0,0.05,0.0,4,cubic_global,0.30903580240970585,0.06204858089812259,151
stop_go,5.0,0.05,0.0,4,smoothing_spline,0.9654052529594483,0.042686909364624895,151
stop_go,5.0,0.05,0.0,4,savgol_w5p2,0.108009873025045,0.011988552864325968,151
stop_go,5.0,0.05,0.0,4,savgol_w7p3,0.12412659443373125,0.022537546565271575,151
stop_go,5.0,0.05,0.0,4,savgol_w9p3,0.09163378400424879,0.015089072576275368,151
stop_go,5.0,0.05,0.0,4,savgol_w11p3,0.08661880690685249,0.010865729712117415,151
stop_go,5.0,0.05,0.0,4,family_a_W3,0.12412659443369867,0.022537546565276907,151
stop_go,5.0,0.05,0.0,4,family_a_W5,0.08661880690685922,0.010865729712119573,151
stop_go,5.0,0.05,0.0,4,family_a_W7,0.1259277357093693,0.011319578182017172,151
stop_go,5.0,0.05,0.0,4,family_a_midspan_W5,0.33303176639852344,0.020471696831889718,151
stop_go,5.0,0.05,0.005,0,forward,0.4535657639949242,0.12009190678518157,151
stop_go,5.0,0.05,0.005,0,central,0.20919031098543267,0.04108570116443429,151
stop_go,5.0,0.05,0.005,0,cubic_global,0.3549788364335788,0.08697712438130276,151
stop_go,5.0,0.05,0.005,0,smoothing_spline,0.9677259335261221,0.04410554341399514,151
stop_go,5.0,0.05,0.005,0,savgol_w5p2,0.10841555660063149,0.012251429063659038,151
stop_go,5.0,0.05,0.005,0,savgol_w7p3,0.14677163733191254,0.027319403852922558,151
stop_go,5.0,0.05,0.005,0,savgol_w9p3,0.0974326940118922,0.015349523285625902,151
stop_go,5.0,0.05,0.005,0,savgol_w11p3,0.08556606861836726,0.010644227311165107,151
stop_go,5.0,0.05,0.005,0,family_a_W3,0.1460318116144835,0.02669571732996923,151
stop_go,5.0,0.05,0.005,0,family_a_W5,0.08395289931552202,0.009586300607156928,151
stop_go,5.0,0.05,0.005,0,family_a_W7,0.11801697332394967,0.011950231497649278,151
stop_go,5.0,0.05,0.005,0,family_a_midspan_W5,0.3325501243195329,0.02114922250338814,151
stop_go,5.0,0.05,0.005,1,forward,0.42743515974438645,0.1080083907545706,151
stop_go,5.0,0.05,0.005,1,central,0.18194874066761668,0.0387614815344469,151
stop_go,5.0,0.05,0.005,1,cubic_global,0.3306810589023648,0.0801753844811921,151
stop_go,5.0,0.05,0.005,1,smoothing_spline,0.9654420535757432,0.04328348624754722,151
stop_go,5.0,0.05,0.005,1,savgol_w5p2,0.09387776324933393,0.014850927668697231,151
stop_go,5.0,0.05,0.005,1,savgol_w7p3,0.12930747814807142,0.02692769443826318,151
stop_go,5.0,0.05,0.005,1,savgol_w9p3,0.08535281337492291,0.01620878527954228,151
stop_go,5.0,0.05,0.005,1,savgol_w11p3,0.0677161593302712,0.013634067553601992,151
stop_go,5.0,0.05,0.005,1,family_a_W3,0.11503728075785302,0.023081888089596842,151
stop_go,5.0,0.05,0.005,1,family_a_W5,0.06353819546405541,0.010051037662508075,151
stop_go,5.0,0.05,0.005,1,family_a_W7,0.10911393387920322,0.011853780936479453,151
stop_go,5.0,0.05,0.005,1,family_a_midspan_W5,0.3244578699710088,0.01990393639546347,151
stop_go,5.0,0.05,0.005,2,forward,0.42627158185386077,0.10505153699893352,151
stop_go,5.0,0.05,0.005,2,central,0.1976339787973791,0.04362203372315155,151
stop_go,5.0,0.05,0.005,2,cubic_global,0.3364601999950567,0.0902330041920662,151
stop_go,5.0,0.05,0.005,2,smoothing_spline,0.9641151955479901,0.043183683279805894,151
stop_go,5.0,0.05,0.005,2,savgol_w5p2,0.10557059337801875,0.01733571942622059,151
stop_go,5.0,0.05,0.005,2,savgol_w7p3,0.1324610283241186,0.030192971784329548,151
stop_go,5.0,0.05,0.005,2,savgol_w9p3,0.10193744983270588,0.0213230692710627,151
stop_go,5.0,0.05,0.005,2,savgol_w11p3,0.09103286357104565,0.016374805762823373,151
stop_go,5.0,0.05,0.005,2,family_a_W3,0.13301725566658076,0.025951172289703124,151
stop_go,5.0,0.05,0.005,2,family_a_W5,0.08944728815988583,0.012524509821971801,151
stop_go,5.0,0.05,0.005,2,family_a_W7,0.11864014027622653,0.011681401180173197,151
stop_go,5.0,0.05,0.005,2,family_a_midspan_W5,0.3363951787148353,0.027096146271220378,151
stop_go,5.0,0.05,0.005,3,forward,0.402375856191419,0.09045144186616062,151
stop_go,5.0,0.05,0.005,3,central,0.17100234458244887,0.037713379263689784,151
stop_go,5.0,0.05,0.005,3,cubic_global,0.29956725445674753,0.0708480437477976,151
stop_go,5.0,0.05,0.005,3,smoothing_spline,0.9682339264071871,0.04242442644461111,151
stop_go,5.0,0.05,0.005,3,savgol_w5p2,0.0962772792950873,0.017652198798878225,151
stop_go,5.0,0.05,0.005,3,savgol_w7p3,0.13498196297225482,0.029485771459980676,151
stop_go,5.0,0.05,0.005,3,savgol_w9p3,0.08152282999388955,0.020046297874134863,151
stop_go,5.0,0.05,0.005,3,savgol_w11p3,0.07136026617099282,0.016664463386793008,151
stop_go,5.0,0.05,0.005,3,family_a_W3,0.12070291616050231,0.025708286809517783,151
stop_go,5.0,0.05,0.005,3,family_a_W5,0.06571980593658544,0.013281349256148847,151
stop_go,5.0,0.05,0.005,3,family_a_W7,0.11151437063234919,0.012519284642868942,151
stop_go,5.0,0.05,0.005,3,family_a_midspan_W5,0.3252560146481513,0.02094299252933932,151
stop_go,5.0,0.05,0.005,4,forward,0.4140686382935454,0.09635808466580259,151
stop_go,5.0,0.05,0.005,4,central,0.19309212043322566,0.03824548932743142,151
stop_go,5.0,0.05,0.005,4,cubic_global,0.3130510933779878,0.07036506365877147,151
stop_go,5.0,0.05,0.005,4,smoothing_spline,0.9697031332253221,0.04354199785817377,151
stop_go,5.0,0.05,0.005,4,savgol_w5p2,0.12398033235061907,0.008321476450055003,151
stop_go,5.0,0.05,0.005,4,savgol_w7p3,0.16602787957751863,0.021665772382975852,151
stop_go,5.0,0.05,0.005,4,savgol_w9p3,0.11432701390912445,0.012222445303500454,151
stop_go,5.0,0.05,0.005,4,savgol_w11p3,0.09659810991770312,0.004565142884989029,151
stop_go,5.0,0.05,0.005,4,family_a_W3,0.1475870748728271,0.03085932668840801,151
stop_go,5.0,0.05,0.005,4,family_a_W5,0.08120407254389309,0.013445365573124209,151
stop_go,5.0,0.05,0.005,4,family_a_W7,0.1171038176175826,0.012932132083974614,151
stop_go,5.0,0.05,0.005,4,family_a_midspan_W5,0.3320641854874876,0.024396023977176225,151
stop_go,5.0,0.2,0.0,0,forward,1.4967741243309978,0.641482407463866,151
stop_go,5.0,0.2,0.0,0,central,0.715597250318422,0.259401808684798,151
stop_go,5.0,0.2,0.0,0,cubic_global,1.2270376549719764,0.5080191912929506,151
stop_go,5.0,0.2,0.0,0,smoothing_spline,0.9377867247213975,0.03955609345958768,151
stop_go,5.0,0.2,0.0,0,savgol_w5p2,0.319894143237979,0.09071430181295877,151
stop_go,5.0,0.2,0.0,0,savgol_w7p3,0.5216017927912441,0.1762546655938972,151
stop_go,5.0,0.2,0.0,0,savgol_w9p3,0.33718080562433,0.1004011423097558,151
stop_go,5.0,0.2,0.0,0,savgol_w11p3,0.24651878257183005,0.06657428245840617,151
stop_go,5.0,0.2,0.0,0,family_a_W3,0.5216017927913282,0.17625466559393146,151
stop_go,5.0,0.2,0.0,0,family_a_W5,0.24651878257182705,0.06657428245840827,151
stop_go,5.0,0.2,0.0,0,family_a_W7,0.17749464147676544,0.04588784722464113,151
stop_go,5.0,0.2,0.0,0,family_a_midspan_W5,0.38494331209624133,0.10871480234473202,151
stop_go,5.0,0.2,0.0,1,forward,1.4654411830036316,0.6299462336832585,151
stop_go,5.0,0.2,0.0,1,central,0.7794592462670563,0.20838189094557047,151
stop_go,5.0,0.2,0.0,1,cubic_global,1.3173414701798938,0.46155150598411293,151
stop_go,5.0,0.2,0.0,1,smoothing_spline,0.9562351035716354,0.03933912816022755,151
stop_go,5.0,0.2,0.0,1,savgol_w5p2,0.292464313107845,0.05005798280650139,151
stop_go,5.0,0.2,0.0,1,savgol_w7p3,0.5193933285547938,0.11150679109662752,151
stop_go,5.0,0.2,0.0,1,savgol_w9p3,0.3076319567606678,0.05902358129023928,151
stop_go,5.0,0.2,0.0,1,savgol_w11p3,0.2039727187727312,0.036349062900580875,151
stop_go,5.0,0.2,0.0,1,family_a_W3,0.5193933285547127,0.11150679109664154,151
stop_go,5.0,0.2,0.0,1,family_a_W5,0.20397271877274206,0.03634906290057799,151
stop_go,5.0,0.2,0.0,1,family_a_W7,0.16434386024061368,0.02405042158775646,151
stop_go,5.0,0.2,0.0,1,family_a_midspan_W5,0.37499620089921437,0.06993184699023475,151
stop_go,5.0,0.2,0.0,2,forward,1.5172287691248842,0.600638201088435,151
stop_go,5.0,0.2,0.0,2,central,0.7331203449371207,0.2349327015193613,151
stop_go,5.0,0.2,0.0,2,cubic_global,1.2217716164659045,0.47855227447154225,151
stop_go,5.0,0.2,0.0,2,smoothing_spline,0.9573993312352018,0.040663788085955284,151
stop_go,5.0,0.2,0.0,2,savgol_w5p2,0.32904458888761595,0.0712192682183029,151
stop_go,5.0,0.2,0.0,2,savgol_w7p3,0.5335565253305202,0.15570646337121533,151
stop_go,5.0,0.2,0.0,2,savgol_w9p3,0.3611848911473816,0.07985635240324596,151
stop_go,5.0,0.2,0.0,2,savgol_w11p3,0.2543256497341065,0.049061368786064416,151
stop_go,5.0,0.2,0.0,2,family_a_W3,0.5335565253305079,0.15570646337122523,151
stop_go,5.0,0.2,0.0,2,family_a_W5,0.2543256497341029,0.04906136878607409,151
stop_go,5.0,0.2,0.0,2,family_a_W7,0.17044575171891127,0.014554700155359536,151
stop_go,5.0,0.2,0.0,2,family_a_midspan_W5,0.3997308427316452,0.09649647476507325,151
stop_go,5.0,0.2,0.0,3,forward,1.6406869518946137,0.5473150896773274,151
stop_go,5.0,0.2,0.0,3,central,0.8046933727941981,0.19619924334845115,151
stop_go,5.0,0.2,0.0,3,cubic_global,1.296767503742315,0.40914205261959263,151
stop_go,5.0,0.2,0.0,3,smoothing_spline,0.9592394239478602,0.04330982475170849,151
stop_go,5.0,0.2,0.0,3,savgol_w5p2,0.369753211742069,0.07807653746128311,151
stop_go,5.0,0.2,0.0,3,savgol_w7p3,0.5945407846672865,0.1427768594834047,151
stop_go,5.0,0.2,0.0,3,savgol_w9p3,0.38166312542195185,0.08496295630933799,151
stop_go,5.0,0.2,0.0,3,savgol_w11p3,0.2802310242688379,0.059431025004676126,151
stop_go,5.0,0.2,0.0,3,family_a_W3,0.594540784667253,0.1427768594834049,151
stop_go,5.0,0.2,0.0,3,family_a_W5,0.2802310242688386,0.0594310250046875,151
stop_go,5.0,0.2,0.0,3,family_a_W7,0.2049015148499017,0.04113230663368967,151
stop_go,5.0,0.2,0.0,3,family_a_midspan_W5,0.4214117611888811,0.08571385488141346,151
stop_go,5.0,0.2,0.0,4,forward,1.628829865950117,0.5393211074601673,151
stop_go,5.0,0.2,0.0,4,central,0.7118561297430935,0.1903748752446779,151
stop_go,5.0,0.2,0.0,4,cubic_global,1.2519651731168842,0.390547405131792,151
stop_go,5.0,0.2,0.0,4,smoothing_spline,0.9554260205108507,0.04011160765596763,151
stop_go,5.0,0.2,0.0,4,savgol_w5p2,0.34865629702564765,0.06978232700628087,151
stop_go,5.0,0.2,0.0,4,savgol_w7p3,0.5048492268957683,0.12925536778651617,151
stop_go,5.0,0.2,0.0,4,savgol_w9p3,0.35789483509737813,0.08025878757189525,151
stop_go,5.0,0.2,0.0,4,savgol_w11p3,0.28305028727739945,0.0563742415985489,151
stop_go,5.0,0.2,0.0,4,family_a_W3,0.5048492268957354,0.1292553677865198,151
stop_go,5.0,0.2,0.0,4,family_a_W5,0.28305028727740644,0.05637424159855346,151
stop_go,5.0,0.2,0.0,4,family_a_W7,0.2313882500056032,0.0316997672771274,151
stop_go,5.0,0.2,0.0,4,family_a_midspan_W5,0.40952547009885626,0.08115472808313376,151
stop_go,5.0,0.2,0.005,0,forward,1.7612379403891238,0.6951173110213162,151
stop_go,5.0,0.2,0.005,0,central,0.8542714322720886,0.23613494214284772,151
stop_go,5.0,0.2,0.005,0,cubic_global,1.4427456978870346,0.49860071317858035,151
stop_go,5.0,0.2,0.005,0,smoothing_spline,0.9632887581356343,0.04266849823751467,151
stop_go,5.0,0.2,0.005,0,savgol_w5p2,0.3623866056225227,0.07451611654810839,151
stop_go,5.0,0.2,0.005,0,savgol_w7p3,0.5953295993976851,0.14664669471434483,151
stop_go,5.0,0.2,0.005,0,savgol_w9p3,0.3789910906205552,0.0832995264905996,151
stop_go,5.0,0.2,0.005,0,savgol_w11p3,0.27347945938477025,0.051588031432257334,151
stop_go,5.0,0.2,0.005,0,family_a_W3,0.599136202442945,0.1466561230386161,151
stop_go,5.0,0.2,0.005,0,family_a_W5,0.27490007066806516,0.05024146451457817,151
stop_go,5.0,0.2,0.005,0,family_a_W7,0.197646070443192,0.034132666929406766,151
stop_go,5.0,0.2,0.005,0,family_a_midspan_W5,0.40976565237133894,0.08285165187162565,151
stop_go,5.0,0.2,0.005,1,forward,1.6221871948609805,0.662281915163344,151
stop_go,5.0,0.2,0.005,1,central,0.731923280991223,0.22726546231612305,151
stop_go,5.0,0.2,0.005,1,cubic_global,1.3402359747476904,0.47737360629854186,151
stop_go,5.0,0.2,0.005,1,smoothing_spline,0.9540481436579096,0.042008475705290864,151
stop_go,5.0,0.2,0.005,1,savgol_w5p2,0.290795973630996,0.06700786516665796,151
stop_go,5.0,0.2,0.005,1,savgol_w7p3,0.4729353616601229,0.13281035829390864,151
stop_go,5.0,0.2,0.005,1,savgol_w9p3,0.31035582398740136,0.06982830626009168,151
stop_go,5.0,0.2,0.005,1,savgol_w11p3,0.20971309962989454,0.05120829873929194,151
stop_go,5.0,0.2,0.005,1,family_a_W3,0.468202257894264,0.12865755913806062,151
stop_go,5.0,0.2,0.005,1,family_a_W5,0.20656907151898424,0.04733485011621611,151
stop_go,5.0,0.2,0.005,1,family_a_W7,0.1599579197497328,0.035470426236091694,151
stop_go,5.0,0.2,0.005,1,family_a_midspan_W5,0.3749931388291558,0.07651550184286006,151
stop_go,5.0,0.2,0.005,2,forward,1.6470096178246432,0.6338991617015389,151
stop_go,5.0,0.2,0.005,2,central,0.8160073944849419,0.2574577644679669,151
stop_go,5.0,0.2,0.005,2,cubic_global,1.3803445683398976,0.5212289742352122,151
stop_go,5.0,0.2,0.005,2,smoothing_spline,0.9495403869209563,0.041018540296633196,151
stop_go,5.0,0.2,0.005,2,savgol_w5p2,0.3578340694322844,0.09137074403778932,151
stop_go,5.0,0.2,0.005,2,savgol_w7p3,0.5405448959680706,0.16724950909589056,151
stop_go,5.0,0.2,0.005,2,savgol_w9p3,0.39362801062637914,0.11160772586836262,151
stop_go,5.0,0.2,0.005,2,savgol_w11p3,0.3083783780264364,0.07158776112537192,151
stop_go,5.0,0.2,0.005,2,family_a_W3,0.5487546598513382,0.16301744012445277,151
stop_go,5.0,0.2,0.005,2,family_a_W5,0.30988396941856966,0.0674102249460413,151
stop_go,5.0,0.2,0.005,2,family_a_W7,0.22608886361533556,0.03466153473088776,151
stop_go,5.0,0.2,0.005,2,family_a_midspan_W5,0.44411265873469913,0.11460270833963256,151
stop_go,5.0,0.2,0.005,3,forward,1.4951554213562204,0.5937656186573159,151
stop_go,5.0,0.2,0.005,3,central,0.6895774102083506,0.21257272872301697,151
stop_go,5.0,0.2,0.005,3,cubic_global,1.1999157385890393,0.4503775199346957,151
stop_go,5.0,0.2,0.005,3,smoothing_spline,0.964185789764379,0.041933858177433295,151
stop_go,5.0,0.2,0.005,3,savgol_w5p2,0.3045303886082043,0.07622464361202788,151
stop_go,5.0,0.2,0.005,3,savgol_w7p3,0.49439967757625836,0.143782159058749,151
stop_go,5.0,0.2,0.005,3,savgol_w9p3,0.3099600677525388,0.08536203452717042,151
stop_go,5.0,0.2,0.005,3,savgol_w11p3,0.23088834281246676,0.06500425481680179,151
stop_go,5.0,0.2,0.005,3,family_a_W3,0.4914710778233402,0.14019420291847312,151
stop_go,5.0,0.2,0.005,3,family_a_W5,0.22899252922823193,0.061895971428110916,151
stop_go,5.0,0.2,0.005,3,family_a_W7,0.16931404357929314,0.04158139246990738,151
stop_go,5.0,0.2,0.005,3,family_a_midspan_W5,0.3924005075270779,0.08535864097577128,151
stop_go,5.0,0.2,0.005,4,forward,1.576996357126796,0.5970244824622445,151
stop_go,5.0,0.2,0.005,4,central,0.7743768924221717,0.22154329718267052,151
stop_go,5.0,0.2,0.005,4,cubic_global,1.284982981859127,0.45147986803947804,151
stop_go,5.0,0.2,0.005,4,smoothing_spline,0.9690239767099226,0.04487466220888432,151
stop_go,5.0,0.2,0.005,4,savgol_w5p2,0.3821112279533817,0.08132963785506948,151
stop_go,5.0,0.2,0.005,4,savgol_w7p3,0.6088446738147494,0.14831123909485458,151
stop_go,5.0,0.2,0.005,4,savgol_w9p3,0.40282734744575555,0.09621353786529166,151
stop_go,5.0,0.2,0.005,4,savgol_w11p3,0.2845593363231986,0.056058085959497114,151
stop_go,5.0,0.2,0.005,4,family_a_W3,0.5992617489313621,0.1562289627724215,151
stop_go,5.0,0.2,0.005,4,family_a_W5,0.27402435434224764,0.06495628725064911,151
stop_go,5.0,0.2,0.005,4,family_a_W7,0.19142634753785606,0.042082596577727505,151
stop_go,5.0,0.2,0.005,4,family_a_midspan_W5,0.4165396261664798,0.09855957653692698,151
stop_go,10.0,0.0,0.0,0,forward,0.07835208968480772,1.479915001533548e-14,301
stop_go,10.0,0.0,0.0,0,central,0.004660566535244336,1.4631246706203113e-14,301
stop_go,10.0,0.0,0.0,0,cubic_global,3.472620234526239e-05,4.363154402658813e-15,301
stop_go,10.0,0.0,0.0,0,smoothing_spline,0.9699181638372613,0.04826572062210172,301
stop_go,10.0,0.0,0.0,0,savgol_w5p2,0.015573005989728604,2.0232472933606892e-13,301
stop_go,10.0,0.0,0.0,0,savgol_w7p3,0.0008485076862729509,-5.890784541691545e-14,301
stop_go,10.0,0.0,0.0,0,savgol_w9p3,0.0024881551903729445,-1.1729739258613212e-15,301
stop_go,10.0,0.0,0.0,0,savgol_w11p3,0.005435314116807708,-2.1483097179016863e-14,301
stop_go,10.0,0.0,0.0,0,family_a_W3,0.000848507686261962,2.7118219967153164e-14,301
stop_go,10.0,0.0,0.0,0,family_a_W5,0.005435314116806212,6.533602328698846e-15,301
stop_go,10.0,0.0,0.0,0,family_a_W7,0.016217452851301384,-8.18468012716538e-14,301
stop_go,10.0,0.0,0.0,0,family_a_midspan_W5,0.10340795426028168,2.8893349377673273e-13,301
stop_go,10.0,0.0,0.0,1,forward,0.07835208968480772,1.479915001533548e-14,301
stop_go,10.0,0.0,0.0,1,central,0.004660566535244336,1.4631246706203113e-14,301
stop_go,10.0,0.0,0.0,1,cubic_global,3.472620234526239e-05,4.363154402658813e-15,301
stop_go,10.0,0.0,0.0,1,smoothing_spline,0.9699181638372613,0.04826572062210172,301
stop_go,10.0,0.0,0.0,1,savgol_w5p2,0.015573005989728604,2.0232472933606892e-13,301
stop_go,10.0,0.0,0.0,1,savgol_w7p3,0.0008485076862729509,-5.890784541691545e-14,301
stop_go,10.0,0.0,0.0,1,savgol_w9p3,0.0024881551903729445,-1.1729739258613212e-15,301
stop_go,10.0,0.0,0.0,1,savgol_w11p3,0.005435314116807708,-2.1483097179016863e-14,301
stop_go,10.0,0.0,0.0,1,family_a_W3,0.000848507686261962,2.7118219967153164e-14,301
stop_go,10.0,0.0,0.0,1,family_a_W5,0.005435314116806212,6.533602328698846e-15,301
stop_go,10.0,0.0,0.0,1,family_a_W7,0.016217452851301384,-8.18468012716538e-14,301
stop_go,10.0,0.0,0.0,1,family_a_midspan_W5,0.10340795426028168,2.8893349377673273e-13,301
stop_go,10.0,0.0,0.0,2,forward,0.07835208968480772,1.479915001533548e-14,301
stop_go,10.0,0.0,0.0,2,central,0.004660566535244336,1.4631246706203113e-14,301
stop_go,10.0,0.0,0.0,2,cubic_global,3.472620234526239e-05,4.363154402658813e-15,301
stop_go,10.0,0.0,0.0,2,smoothing_spline,0.9699181638372613,0.04826572062210172,301
stop_go,10.0,0.0,0.0,2,savgol_w5p2,0.015573005989728604,2.0232472933606892e-13,301
stop_go,10.0,0.0,0.0,2,savgol_w7p3,0.0008485076862729509,-5.890784541691545e-14,301
stop_go,10.0,0.0,0.0,2,savgol_w9p3,0.0024881551903729445,-1.1729739258613212e-15,301
stop_go,10.0,0.0,0.0,2,savgol_w11p3,0.005435314116807708,-2.1483097179016863e-14,301
stop_go,10.0,0.0,0.0,2,family_a_W3,0.000848507686261962,2.7118219967153164e-14,301
stop_go,10.0,0.0,0.0,2,family_a_W5,0.005435314116806212,6.533602328698846e-15,301
stop_go,10.0,0.0,0.0,2,family_a_W7,0.016217452851301384,-8.18468012716538e-14,301
stop_go,10.0,0.0,0.0,2,family_a_midspan_W5,0.10340795426028168,2.8893349377673273e-13,301
stop_go,10.0,0.0,0.0,3,forward,0.07835208968480772,1.479915001533548e-14,301
stop_go,10.0,0.0,0.0,3,central,0.004660566535244336,1.4631246706203113e-14,301
stop_go,10.0,0.0,0.0,3,cubic_global,3.472620234526239e-05,4.363154402658813e-15,301
stop_go,10.0,0.0,0.0,3,smoothing_spline,0.9699181638372613,0.04826572062210172,301
stop_go,10.0,0.0,0.0,3,savgol_w5p2,0.015573005989728604,2.0232472933606892e-13,301
stop_go,10.0,0.0,0.0,3,savgol_w7p3,0.0008485076862729509,-5.890784541691545e-14,301
stop_go,10.0,0.0,0.0,3,savgol_w9p3,0.0024881551903729445,-1.1729739258613212e-15,301
stop_go,10.0,0.0,0.0,3,savgol_w11p3,0.005435314116807708,-2.1483097179016863e-14,301
stop_go,10.0,0.0,0.0,3,family_a_W3,0.000848507686261962,2.7118219967153164e-14,301
stop_go,10.0,0.0,0.0,3,family_a_W5,0.005435314116806212,6.533602328698846e-15,301
stop_go,10.0,0.0,0.0,3,family_a_W7,0.016217452851301384,-8.18468012716538e-14,301
stop_go,10.0,0.0,0.0,3,family_a_midspan_W5,0.10340795426028168,2.8893349377673273e-13,301
stop_go,10.0,0.0,0.0,4,forward,0.07835208968480772,1.479915001533548e-14,301
stop_go,10.0,0.0,0.0,4,central,0.004660566535244336,1.4631246706203113e-14,301
stop_go,10.0,0.0,0.0,4,cubic_global,3.472620234526239e-05,4.363154402658813e-15,301
stop_go,10.0,0.0,0.0,4,smoothing_spline,0.9699181638372613,0.04826572062210172,301
stop_go,10.0,0.0,0.0,4,savgol_w5p2,0.015573005989728604,2.0232472933606892e-13,301
stop_go,10.0,0.0,0.0,4,savgol_w7p3,0.0008485076862729509,-5.890784541691545e-14,301
stop_go,10.0,0.0,0.0,4,savgol_w9p3,0.0024881551903729445,-1.1729739258613212e-15,301
stop_go,10.0,0.0,0.0,4,savgol_w11p3,0.005435314116807708,-2.1483097179016863e-14,301
stop_go,10.0,0.0,0.0,4,family_a_W3,0.000848507686261962,2.7118219967153164e-14,301
stop_go,10.0,0.0,0.0,4,family_a_W5,0.005435314116806212,6.533602328698846e-15,301
stop_go,10.0,0.0,0.0,4,family_a_W7,0.016217452851301384,-8.18468012716538e-14,301
stop_go,10.0,0.0,0.0,4,family_a_midspan_W5,0.10340795426028168,2.8893349377673273e-13,301
stop_go,10.0,0.0,0.005,0,forward,0.07841977762259038,-2.369555542450516e-06,301
stop_go,10.0,0.0,0.005,0,central,0.0111170370001528,-1.1967985079484788e-05,301
stop_go,10.0,0.0,0.005,0,cubic_global,5.022212207588889e-05,1.3486692792656213e-07,301
stop_go,10.0,0.0,0.005,0,smoothing_spline,0.9696248335166696,0.04767486297374746,301
stop_go,10.0,0.0,0.005,0,savgol_w5p2,0.07082608581719815,-0.0005750094644962287,301
stop_go,10.0,0.0,0.005,0,savgol_w7p3,0.11204281555330066,-0.0005281018242392025,301
stop_go,10.0,0.0,0.005,0,savgol_w9p3,0.0735472951621882,-0.0005282687057513772,301
stop_go,10.0,0.0,0.005,0,savgol_w11p3,0.05465706174220461,-0.0003706489259647277,301
stop_go,10.0,0.0,0.005,0,family_a_W3,0.0008637895073677711,-8.26997757762615e-06,301
stop_go,10.0,0.0,0.005,0,family_a_W5,0.005274454106503303,-5.001747797282803e-05,301
stop_go,10.0,0.0,0.005,0,family_a_W7,0.01598818504870535,-0.00013945517238529042,301
stop_go,10.0,0.0,0.005,0,family_a_midspan_W5,0.10237613522255991,-0.0002364435539914271,301
stop_go,10.0,0.0,0.005,1,forward,0.07857047547402145,5.522384258808367e-07,301
stop_go,10.0,0.0,0.005,1,central,0.00997888656743089,1.6649829632526973e-06,301
stop_go,10.0,0.0,0.005,1,cubic_global,4.684112707068235e-05,-1.0443769361055135e-07,301
stop_go,10.0,0.0,0.005,1,smoothing_spline,0.9702154775393027,0.04844709216786012,301
stop_go,10.0,0.0,0.005,1,savgol_w5p2,0.056570576561625965,0.004766529194395348,301
stop_go,10.0,0.0,0.005,1,savgol_w7p3,0.09188718788292195,0.004837857846600855,301
stop_go,10.0,0.0,0.005,1,savgol_w9p3,0.058950669896257135,0.004784652620875448,301
stop_go,10.0,0.0,0.005,1,savgol_w11p3,0.038128622113652554,0.004817088179462596,301
stop_go,10.0,0.0,0.005,1,family_a_W3,0.0008479486167012231,1.28309419712971e-06,301
stop_go,10.0,0.0,0.005,1,family_a_W5,0.00547059144168647,-2.2806260397043155e-06,301
stop_go,10.0,0.0,0.005,1,family_a_W7,0.016089008154574303,-7.248686137567473e-06,301
stop_go,10.0,0.0,0.005,1,family_a_midspan_W5,0.10424593635416321,-1.6550593495480892e-07,301
stop_go,10.0,0.0,0.005,2,forward,0.07847124318789687,-1.1866728694834673e-06,301
stop_go,10.0,0.0,0.005,2,central,0.010924516448745213,-4.947033685040172e-06,301
stop_go,10.0,0.0,0.005,2,cubic_global,5.6353301849093674e-05,4.2416541279788487e-07,301
stop_go,10.0,0.0,0.005,2,smoothing_spline,0.9695739268711326,0.047855469930272385,301
stop_go,10.0,0.0,0.005,2,savgol_w5p2,0.07168765503204139,0.015320030664849047,301
stop_go,10.0,0.0,0.005,2,savgol_w7p3,0.10879073002072505,0.015291534341555515,301
stop_go,10.0,0.0,0.005,2,savgol_w9p3,0.07748570848337825,0.015047069671560507,301
stop_go,10.0,0.0,0.005,2,savgol_w11p3,0.05875996551049504,0.015119592518452768,301
stop_go,10.0,0.0,0.005,2,family_a_W3,0.0008776204837559474,-3.69930197610055e-06,301
stop_go,10.0,0.0,0.005,2,family_a_W5,0.005373055822423672,-4.353069623015826e-05,301
stop_go,10.0,0.0,0.005,2,family_a_W7,0.016057594044553772,-0.00010209407850978003,301
stop_go,10.0,0.0,0.005,2,family_a_midspan_W5,0.10279788554067262,-9.295931623599929e-05,301
stop_go,10.0,0.0,0.005,3,forward,0.07867771868031662,7.3735684619066385e-06,301
stop_go,10.0,0.0,0.005,3,central,0.011649150308575813,2.495520283380823e-05,301
stop_go,10.0,0.0,0.005,3,cubic_global,6.827665948614802e-05,-3.390005239256125e-08,301
stop_go,10.0,0.0,0.005,3,smoothing_spline,0.9700531601837107,0.04929493277111218,301
stop_go,10.0,0.0,0.005,3,savgol_w5p2,0.06029575693301604,-1.2020160421522458e-05,301
stop_go,10.0,0.0,0.005,3,savgol_w7p3,0.09958112076958124,0.00013575141406146159,301
stop_go,10.0,0.0,0.005,3,savgol_w9p3,0.06187426848383337,0.00019954572885840438,301
stop_go,10.0,0.0,0.005,3,savgol_w11p3,0.04219580196060528,-4.3338083257086525e-05,301
stop_go,10.0,0.0,0.005,3,family_a_W3,0.0010549025211698643,2.922829752608442e-05,301
stop_go,10.0,0.0,0.005,3,family_a_W5,0.0056821596660370025,0.00010789079044460616,301
stop_go,10.0,0.0,0.005,3,family_a_W7,0.016469184249728465,0.0002098620426891243,301
stop_go,10.0,0.0,0.005,3,family_a_midspan_W5,0.1053402607726741,0.00034481480916464125,301
stop_go,10.0,0.0,0.005,4,forward,0.07870062201981524,-5.768195973068737e-06,301
stop_go,10.0,0.0,0.005,4,central,0.011377973796539993,-1.418193775036232e-05,301
stop_go,10.0,0.0,0.005,4,cubic_global,5.923193447828322e-05,-2.7662816044991527e-07,301
stop_go,10.0,0.0,0.005,4,smoothing_spline,0.9709077781713578,0.04773920592745355,301
stop_go,10.0,0.0,0.005,4,savgol_w5p2,0.06652782955631537,-0.004504278892899213,301
stop_go,10.0,0.0,0.005,4,savgol_w7p3,0.09941055395800961,-0.004384450718389522,301
stop_go,10.0,0.0,0.005,4,savgol_w9p3,0.06813601080670482,-0.0046186363825034965,301
stop_go,10.0,0.0,0.005,4,savgol_w11p3,0.051038404388287655,-0.004840650406216404,301
stop_go,10.0,0.0,0.005,4,family_a_W3,0.0011093984560178055,-1.5342368025482474e-05,301
stop_go,10.0,0.0,0.005,4,family_a_W5,0.005849544087973542,-6.75716892857999e-05,301
stop_go,10.0,0.0,0.005,4,family_a_W7,0.016769550967637735,-0.00011055121378208324,301
stop_go,10.0,0.0,0.005,4,family_a_midspan_W5,0.10596059704482541,-0.00017805860254826463,301
stop_go,10.0,0.01,0.0,0,forward,0.17068151222738517,0.03277354245807787,301
stop_go,10.0,0.01,0.0,0,central,0.07500792272416262,0.0117208737062143,301
stop_go,10.0,0.01,0.0,0,cubic_global,0.1244662546949964,0.023983792664730677,301
stop_go,10.0,0.01,0.0,0,smoothing_spline,0.9701335374009403,0.04823574536417335,301
stop_go,10.0,0.01,0.0,0,savgol_w5p2,0.03791749425748295,0.0033075127183885564,301
stop_go,10.0,0.01,0.0,0,savgol_w7p3,0.05476323373023486,0.007015314800197322,301
stop_go,10.0,0.01,0.0,0,savgol_w9p3,0.035728001920318865,0.0037962717392346704,301
stop_go,10.0,0.01,0.0,0,savgol_w11p3,0.026404598327503692,0.0020626046192884955,301
stop_go,10.0,0.01,0.0,0,family_a_W3,0.05476323373029016,0.007015314800295707,301
stop_go,10.0,0.01,0.0,0,family_a_W5,0.0264045983274969,0.0020626046193139096,301
stop_go,10.0,0.01,0.0,0,family_a_W7,0.023875381290832647,0.0008466131821553545,301
stop_go,10.0,0.01,0.0,0,family_a_midspan_W5,0.10738927123406343,0.003501820846251845,301
stop_go,10.0,0.01,0.0,1,forward,0.17271646482110192,0.0343183068464745,301
stop_go,10.0,0.01,0.0,1,central,0.07482599577300908,0.013425308613622516,301
stop_go,10.0,0.01,0.0,1,cubic_global,0.13101956452809843,0.026955881486978375,301
stop_go,10.0,0.01,0.0,1,smoothing_spline,0.9697230247271539,0.04823061746932854,301
stop_go,10.0,0.01,0.0,1,savgol_w5p2,0.03195139419877666,0.003565509291683026,301
stop_go,10.0,0.01,0.0,1,savgol_w7p3,0.04864367330866011,0.007330664217654878,301
stop_go,10.0,0.01,0.0,1,savgol_w9p3,0.029609662234365234,0.004203954931365942,301
stop_go,10.0,0.01,0.0,1,savgol_w11p3,0.01979739509761072,0.002562424303639854,301
stop_go,10.0,0.01,0.0,1,family_a_W3,0.04864367330864089,0.007330664217730558,301
stop_go,10.0,0.01,0.0,1,family_a_W5,0.019797395097622128,0.0025624243036577706,301
stop_go,10.0,0.01,0.0,1,family_a_W7,0.020087599573090843,0.001091861144079845,301
stop_go,10.0,0.01,0.0,1,family_a_midspan_W5,0.10556050640733051,0.0039380612911761904,301
stop_go,10.0,0.01,0.0,2,forward,0.16939321046584838,0.030041915190747833,301
stop_go,10.0,0.01,0.0,2,central,0.07493114100672062,0.011388360873381062,301
stop_go,10.0,0.01,0.0,2,cubic_global,0.1262235419040538,0.02238076712222136,301
stop_go,10.0,0.01,0.0,2,smoothing_spline,0.9702894586404776,0.04822282748775231,301
stop_go,10.0,0.01,0.0,2,savgol_w5p2,0.036534664229275676,0.00318404633848074,301
stop_go,10.0,0.01,0.0,2,savgol_w7p3,0.0516706078284033,0.00646241668193604,301
stop_go,10.0,0.01,0.0,2,savgol_w9p3,0.0360767805563756,0.0037801458504647086,301
stop_go,10.0,0.01,0.0,2,savgol_w11p3,0.02697964714719009,0.002267221478394602,301
stop_go,10.0,0.01,0.0,2,family_a_W3,0.051670607828397594,0.006462416682023322,301
stop_go,10.0,0.01,0.0,2,family_a_W5,0.0269796471471818,0.0022672214784202156,301
stop_go,10.0,0.01,0.0,2,family_a_W7,0.024246409886706108,0.0011470184011531418,301
stop_go,10.0,0.01,0.0,2,family_a_midspan_W5,0.10620599102079666,0.003966769367902708,301
stop_go,10.0,0.01,0.0,3,forward,0.16424273177963428,0.02552017260834697,301
stop_go,10.0,0.01,0.0,3,central,0.06930452362607928,0.0096395480969329,301
stop_go,10.0,0.01,0.0,3,cubic_global,0.11620250355013914,0.018060154284964977,301
stop_go,10.0,0.01,0.0,3,smoothing_spline,0.9692916483160755,0.048258362577825696,301
stop_go,10.0,0.01,0.0,3,savgol_w5p2,0.032418605546314795,0.003461602756692233,301
stop_go,10.0,0.01,0.0,3,savgol_w7p3,0.05062472055361705,0.007197687279606759,301
stop_go,10.0,0.01,0.0,3,savgol_w9p3,0.03181712202245194,0.0039030230017732532,301
stop_go,10.0,0.01,0.0,3,savgol_w11p3,0.02238285703945027,0.0028115151659540982,301
stop_go,10.0,0.01,0.0,3,family_a_W3,0.05062472055359923,0.007197687279683728,301
stop_go,10.0,0.01,0.0,3,family_a_W5,0.022382857039451257,0.002811515165981592,301
stop_go,10.0,0.01,0.0,3,family_a_W7,0.01799655434079444,0.0018299627809696207,301
stop_go,10.0,0.01,0.0,3,family_a_midspan_W5,0.10324729016047303,0.003651291641307675,301
stop_go,10.0,0.01,0.0,4,forward,0.16926705418530835,0.02540915288840577,301
stop_go,10.0,0.01,0.0,4,central,0.07061982557706127,0.009805011469815595,301
stop_go,10.0,0.01,0.0,4,cubic_global,0.12030288353743374,0.018826974247919483,301
stop_go,10.0,0.01,0.0,4,smoothing_spline,0.9703034666993611,0.04846935282154486,301
stop_go,10.0,0.01,0.0,4,savgol_w5p2,0.03734333704421447,0.00435880946364008,301
stop_go,10.0,0.01,0.0,4,savgol_w7p3,0.0514998790041296,0.007844247282627514,301
stop_go,10.0,0.01,0.0,4,savgol_w9p3,0.03568779780729769,0.0047458049806215746,301
stop_go,10.0,0.01,0.0,4,savgol_w11p3,0.026860257935458768,0.0029716110169700732,301
stop_go,10.0,0.01,0.0,4,family_a_W3,0.05149987900409783,0.007844247282698554,301
stop_go,10.0,0.01,0.0,4,family_a_W5,0.02686025793546897,0.0029716110169998944,301
stop_go,10.0,0.01,0.0,4,family_a_W7,0.024136989316175934,0.0011961681916535414,301
stop_go,10.0,0.01,0.0,4,family_a_midspan_W5,0.1068139447627221,0.00434672122227252,301
stop_go,10.0,0.01,0.005,0,forward,0.16750486414035648,0.0286480981809198,301
stop_go,10.0,0.01,0.005,0,central,0.07227084364480892,0.010939374634078325,301
stop_go,10.0,0.01,0.005,0,cubic_global,0.12253511030215745,0.021799530155242487,301
stop_go,10.0,0.01,0.005,0,smoothing_spline,0.9701933002730561,0.047715104545358066,301
stop_go,10.0,0.01,0.005,0,savgol_w5p2,0.08146557914569144,0.0019294421829847133,301
stop_go,10.0,0.01,0.005,0,savgol_w7p3,0.12907626144056428,0.005425658157827407,301
stop_go,10.0,0.01,0.005,0,savgol_w9p3,0.08635493366722245,0.002689515796015545,301
stop_go,10.0,0.01,0.005,0,savgol_w11p3,0.0633015834003576,0.001586306799713963,301
stop_go,10.0,0.01,0.005,0,family_a_W3,0.050218104630451135,0.0060055814721652395,301
stop_go,10.0,0.01,0.005,0,family_a_W5,0.023807162863923658,0.0019238517230139533,301
stop_go,10.0,0.01,0.005,0,family_a_W7,0.0206248364305443,0.0006698995309775301,301
stop_go,10.0,0.01,0.005,0,family_a_midspan_W5,0.10511625299632492,0.0030822395658791917,301
stop_go,10.0,0.01,0.005,1,forward,0.16574227099565003,0.034738434762146005,301
stop_go,10.0,0.01,0.005,1,central,0.07495792500193675,0.014253763272757475,301
stop_go,10.0,0.01,0.005,1,cubic_global,0.1245944402782017,0.028162283658959068,301
stop_go,10.0,0.01,0.005,1,smoothing_spline,0.9698393915787601,0.048312323140350284,301
stop_go,10.0,0.01,0.005,1,savgol_w5p2,0.06561751035363582,0.009598125264928637,301
stop_go,10.0,0.01,0.005,1,savgol_w7p3,0.1067775536628402,0.014540098119626844,301
stop_go,10.0,0.01,0.005,1,savgol_w9p3,0.068307955050311,0.010364019124527396,301
stop_go,10.0,0.01,0.005,1,savgol_w11p3,0.0453163028683002,0.00780304512458695,301
stop_go,10.0,0.01,0.005,1,family_a_W3,0.05326092833856489,0.00965618320696091,301
stop_go,10.0,0.01,0.005,1,family_a_W5,0.024825456915091918,0.002940168882593293,301
stop_go,10.0,0.01,0.005,1,family_a_W7,0.022272920668727842,0.0015033663962746404,301
stop_go,10.0,0.01,0.005,1,family_a_midspan_W5,0.10681058320412712,0.004534379334386511,301
stop_go,10.0,0.01,0.005,2,forward,0.16424343001898228,0.029739547632521218,301
stop_go,10.0,0.01,0.005,2,central,0.06952032777276777,0.012661258915620413,301
stop_go,10.0,0.01,0.005,2,cubic_global,0.12141298585099808,0.026765176345141233,301
stop_go,10.0,0.01,0.005,2,smoothing_spline,0.969451780389231,0.047833903677170025,301
stop_go,10.0,0.01,0.005,2,savgol_w5p2,0.07687149529164755,0.01922502159431322,301
stop_go,10.0,0.01,0.005,2,savgol_w7p3,0.11601582572934697,0.022135253290249388,301
stop_go,10.0,0.01,0.005,2,savgol_w9p3,0.08407937132369325,0.01965620817512871,301
stop_go,10.0,0.01,0.005,2,savgol_w11p3,0.06408651953437977,0.018229920979915302,301
stop_go,10.0,0.01,0.005,2,family_a_W3,0.04935012550652089,0.006683524918289872,301
stop_go,10.0,0.01,0.005,2,family_a_W5,0.02426498912183582,0.003082015533012486,301
stop_go,10.0,0.01,0.005,2,family_a_W7,0.022338165718609856,0.002049512272626814,301
stop_go,10.0,0.01,0.005,2,family_a_midspan_W5,0.10412323080308385,0.004015841840517507,301
stop_go,10.0,0.01,0.005,3,forward,0.16556411234084434,0.026911436779963136,301
stop_go,10.0,0.01,0.005,3,central,0.07599222490357016,0.0110273628836601,301
stop_go,10.0,0.01,0.005,3,cubic_global,0.12635319948883392,0.020269769884320665,301
stop_go,10.0,0.01,0.005,3,smoothing_spline,0.9702787044700112,0.04942968385427193,301
stop_go,10.0,0.01,0.005,3,savgol_w5p2,0.07098212379311514,0.0033609461087020765,301
stop_go,10.0,0.01,0.005,3,savgol_w7p3,0.11686614966373825,0.007544742027722326,301
stop_go,10.0,0.01,0.005,3,savgol_w9p3,0.07455008311291464,0.004028018743671164,301
stop_go,10.0,0.01,0.005,3,savgol_w11p3,0.0499664984353917,0.0024180538279470268,301
stop_go,10.0,0.01,0.005,3,family_a_W3,0.055144224189874164,0.007436679479616717,301
stop_go,10.0,0.01,0.005,3,family_a_W5,0.024220253102869325,0.00257563312550501,301
stop_go,10.0,0.01,0.005,3,family_a_W7,0.021375548421094546,0.001773114292464375,301
stop_go,10.0,0.01,0.005,3,family_a_midspan_W5,0.1074593982980999,0.004412141092073546,301
stop_go,10.0,0.01,0.005,4,forward,0.17109505536097108,0.027926128992251144,301
stop_go,10.0,0.01,0.005,4,central,0.0754008771932397,0.010785773836460136,301
stop_go,10.0,0.01,0.005,4,cubic_global,0.12792378717918293,0.021355672596913344,301
stop_go,10.0,0.01,0.005,4,smoothing_spline,0.9716739858156537,0.04794383740649497,301
stop_go,10.0,0.01,0.005,4,savgol_w5p2,0.07583692460095082,-0.0002165915989596884,301
stop_go,10.0,0.01,0.005,4,savgol_w7p3,0.11591750054779307,0.0030791006444844784,301
stop_go,10.0,0.01,0.005,4,savgol_w9p3,0.07600413623128373,0.00028032591785581197,301
stop_go,10.0,0.01,0.005,4,savgol_w11p3,0.05588552734571728,-0.0012526956160370368,301
stop_go,10.0,0.01,0.005,4,family_a_W3,0.051998479762374025,0.007710908060920872,301
stop_go,10.0,0.01,0.005,4,family_a_W5,0.024419159583614864,0.0035071527956103917,301
stop_go,10.0,0.01,0.005,4,family_a_W7,0.022137051539142905,0.0019075990458737708,301
stop_go,10.0,0.01,0.005,4,family_a_midspan_W5,0.10829473202697086,0.004265952616869276,301
stop_go,10.0,0.05,0.0,0,forward,0.7881677033323167,0.24548962667613464,301
stop_go,10.0,0.05,0.0,0,central,0.3831798125656387,0.09245835234373914,301
stop_go,10.0,0.05,0.0,0,cubic_global,0.6420796226220044,0.18210205422077652,301
stop_go,10.0,0.05,0.0,0,smoothing_spline,0.9703721952351306,0.04799183761583662,301
stop_go,10.0,0.05,0.0,0,savgol_w5p2,0.17125221851760158,0.02997726767121348,301
stop_go,10.0,0.05,0.0,0,savgol_w7p3,0.2796036616582593,0.05904758676964631,301
stop_go,10.0,0.05,0.0,0,savgol_w9p3,0.18097731339840903,0.032982022818070035,301
stop_go,10.0,0.05,0.0,0,savgol_w11p3,0.13066113392867945,0.018474898868616092,301
stop_go,10.0,0.05,0.0,0,family_a_W3,0.2796036616583283,0.05904758676974863,301
stop_go,10.0,0.05,0.0,0,family_a_W5,0.13066113392866993,0.01847489886863468,301
stop_go,10.0,0.05,0.0,0,family_a_W7,0.08168161766955348,0.009313810417307127,301
stop_go,10.0,0.05,0.0,0,family_a_midspan_W5,0.1557105853718912,0.03194453800442858,301
stop_go,10.0,0.05,0.0,1,forward,0.7915273791647253,0.24392081347773098,301
stop_go,10.0,0.05,0.0,1,central,0.38339253713395005,0.09864954837100369,301
stop_go,10.0,0.05,0.0,1,cubic_global,0.6671000440269199,0.19416055868506352,301
stop_go,10.0,0.05,0.0,1,smoothing_spline,0.968424437609336,0.04798722662054947,301
stop_go,10.0,0.05,0.0,1,savgol_w5p2,0.14532056853973793,0.030912553679633442,301
stop_go,10.0,0.05,0.0,1,savgol_w7p3,0.25268925123887254,0.05749076119171747,301
stop_go,10.0,0.05,0.0,1,savgol_w9p3,0.1540125910471001,0.03354694164338859,301
stop_go,10.0,0.05,0.0,1,savgol_w11p3,0.0997297380346701,0.023505358978328058,301
stop_go,10.0,0.05,0.0,1,family_a_W3,0.2526892512388609,0.057490761191782286,301
stop_go,10.0,0.05,0.0,1,family_a_W5,0.09972973803467837,0.023505358978352223,301
stop_go,10.0,0.05,0.0,1,family_a_W7,0.06353664610477357,0.012021226515650798,301
stop_go,10.0,0.05,0.0,1,family_a_midspan_W5,0.1469486489529301,0.03483202386130062,301
stop_go,10.0,0.05,0.0,2,forward,0.7788184965699064,0.22697476517372484,301
stop_go,10.0,0.05,0.0,2,central,0.38207626744118867,0.08714097334376843,301
stop_go,10.0,0.05,0.0,2,cubic_global,0.6374852709337127,0.17413622670070625,301
stop_go,10.0,0.05,0.0,2,smoothing_spline,0.9711400054621998,0.04792483128649368,301
stop_go,10.0,0.05,0.0,2,savgol_w5p2,0.16713018950745911,0.02800716441622673,301
stop_go,10.0,0.05,0.0,2,savgol_w7p3,0.2635460466501517,0.05583887232127348,301
stop_go,10.0,0.05,0.0,2,savgol_w9p3,0.18351844528183084,0.03217908440319375,301
stop_go,10.0,0.05,0.0,2,savgol_w11p3,0.1347805610698482,0.020506843237044384,301
stop_go,10.0,0.05,0.0,2,family_a_W3,0.26354604665014136,0.0558388723213582,301
stop_go,10.0,0.05,0.0,2,family_a_W5,0.13478056106983555,0.02050684323706664,301
stop_go,10.0,0.05,0.0,2,family_a_W7,0.08578523125310825,0.013183082237217985,301
stop_go,10.0,0.05,0.0,2,family_a_midspan_W5,0.15303568973969436,0.03442168813259619,301
stop_go,10.0,0.05,0.0,3,forward,0.7501870837555253,0.2079529309834323,301
stop_go,10.0,0.05,0.0,3,central,0.35502315854233474,0.0824575501857089,301
stop_go,10.0,0.05,0.0,3,cubic_global,0.5957607163595628,0.15100040448195126,301
stop_go,10.0,0.05,0.0,3,smoothing_spline,0.9661859581370789,0.04810678475117078,301
stop_go,10.0,0.05,0.0,3,savgol_w5p2,0.15180881830559864,0.033974829914234575,301
stop_go,10.0,0.05,0.0,3,savgol_w7p3,0.2585261719700495,0.06385609063237078,301
stop_go,10.0,0.05,0.0,3,savgol_w9p3,0.1620268954700844,0.03672388690325125,301
stop_go,10.0,0.05,0.0,3,savgol_w11p3,0.11387289961187037,0.025507030652146826,301
stop_go,10.0,0.05,0.0,3,family_a_W3,0.258526171970043,0.0638560906324391,301
stop_go,10.0,0.05,0.0,3,family_a_W5,0.11387289961187849,0.0255070306521767,301
stop_go,10.0,0.05,0.0,3,family_a_W7,0.06523575435577215,0.014670385842828811,301
stop_go,10.0,0.05,0.0,3,family_a_midspan_W5,0.14218260399108693,0.03557684520082159,301
stop_go,10.0,0.05,0.0,4,forward,0.764404677930429,0.22016811439216605,301
stop_go,10.0,0.05,0.0,4,central,0.35814803209710155,0.07932556012195083,301
stop_go,10.0,0.05,0.0,4,cubic_global,0.6024334182432903,0.16264099922761338,301
stop_go,10.0,0.05,0.0,4,smoothing_spline,0.9712249794988997,0.04916140247206053,301
stop_go,10.0,0.05,0.0,4,savgol_w5p2,0.17032823923232193,0.032786266914684906,301
stop_go,10.0,0.05,0.0,4,savgol_w7p3,0.26317237610640387,0.05924948175832736,301
stop_go,10.0,0.05,0.0,4,savgol_w9p3,0.18037518909059813,0.036997060003047186,301
stop_go,10.0,0.05,0.0,4,savgol_w11p3,0.13095591808758428,0.023946668806621434,301
stop_go,10.0,0.05,0.0,4,family_a_W3,0.2631723761063739,0.0592494817584041,301
stop_go,10.0,0.05,0.0,4,family_a_W5,0.13095591808759155,0.023946668806655073,301
stop_go,10.0,0.05,0.0,4,family_a_W7,0.08346085588066839,0.011004357636378368,301
stop_go,10.0,0.05,0.0,4,family_a_midspan_W5,0.1566095195430388,0.035847153940339695,301
stop_go,10.0,0.05,0.005,0,forward,0.7539438276411434,0.22185490641205521,301
stop_go,10.0,0.05,0.005,0,central,0.36825506177231,0.08607868366682395,301
stop_go,10.0,0.05,0.005,0,cubic_global,0.6244659884824368,0.170805729621681,301
stop_go,10.0,0.05,0.005,0,smoothing_spline,0.9719062893191186,0.04776324095674809,301
stop_go,10.0,0.05,0.005,0,savgol_w5p2,0.18195839308821624,0.025195461058312177,301
stop_go,10.0,0.05,0.005,0,savgol_w7p3,0.29662695657358074,0.051044559328593385,301
stop_go,10.0,0.05,0.005,0,savgol_w9p3,0.1995315750463968,0.030425923564509114,301
stop_go,10.0,0.05,0.005,0,savgol_w11p3,0.14164077861006572,0.019131895617202063,301
stop_go,10.0,0.05,0.005,0,family_a_W3,0.2605128050831274,0.051999176515589066,301
stop_go,10.0,0.05,0.005,0,family_a_W5,0.12162555537093128,0.01949530300689997,301
stop_go,10.0,0.05,0.005,0,family_a_W7,0.06841355458022738,0.009590679668344062,301
stop_go,10.0,0.05,0.005,0,family_a_midspan_W5,0.14885960045999067,0.03105111341779849,301
stop_go,10.0,0.05,0.005,1,forward,0.7626760896111596,0.254172928387673,301
stop_go,10.0,0.05,0.005,1,central,0.3842249443981038,0.10768263237693777,301
stop_go,10.0,0.05,0.005,1,cubic_global,0.6397528384099807,0.20777489170753302,301
stop_go,10.0,0.05,0.005,1,smoothing_spline,0.9677937668541314,0.04766447381751891,301
stop_go,10.0,0.05,0.005,1,savgol_w5p2,0.17941213442604736,0.04391507262024221,301
stop_go,10.0,0.05,0.005,1,savgol_w7p3,0.2928580327387531,0.07706016849214974,301
stop_go,10.0,0.05,0.005,1,savgol_w9p3,0.19208037906630196,0.04808600896784134,301
stop_go,10.0,0.05,0.005,1,savgol_w11p3,0.13533349470702824,0.0314359540300129,301
stop_go,10.0,0.05,0.005,1,family_a_W3,0.2775378638993237,0.07233732043074262,301
stop_go,10.0,0.05,0.005,1,family_a_W5,0.12912918192711026,0.026451875964119416,301
stop_go,10.0,0.05,0.005,1,family_a_W7,0.08285336585074939,0.014333530074792222,301
stop_go,10.0,0.05,0.005,1,family_a_midspan_W5,0.15705692491060752,0.04015779342905473,301
stop_go,10.0,0.05,0.005,2,forward,0.7440488336189319,0.22504042314446396,301
stop_go,10.0,0.05,0.005,2,central,0.35562074931844867,0.09350945033908976,301
stop_go,10.0,0.05,0.005,2,cubic_global,0.6285114733874194,0.19116685663298955,301
stop_go,10.0,0.05,0.005,2,smoothing_spline,0.9683808707500109,0.04763212329760805,301
stop_go,10.0,0.05,0.005,2,savgol_w5p2,0.17133664497326245,0.04795822378624794,301
stop_go,10.0,0.05,0.005,2,savgol_w7p3,0.26811438805852544,0.06900989978532533,301
stop_go,10.0,0.05,0.005,2,savgol_w9p3,0.1842027181136543,0.051815391686665734,301
stop_go,10.0,0.05,0.005,2,savgol_w11p3,0.1390088645558452,0.040896417801255226,301
stop_go,10.0,0.05,0.005,2,family_a_W3,0.2530610694645132,0.053180687862748946,301
stop_go,10.0,0.05,0.005,2,family_a_W5,0.12351701819239416,0.025644497325337044,301
stop_go,10.0,0.05,0.005,2,family_a_W7,0.08203728885215011,0.018241912003968994,301
stop_go,10.0,0.05,0.005,2,family_a_midspan_W5,0.14255790094660367,0.035635419119252436,301
stop_go,10.0,0.05,0.005,3,forward,0.7560673708598447,0.221231879734136,301
stop_go,10.0,0.05,0.005,3,central,0.3830932392496752,0.08993358576814844,301
stop_go,10.0,0.05,0.005,3,cubic_global,0.6513165461578092,0.16764638871801604,301
stop_go,10.0,0.05,0.005,3,smoothing_spline,0.9706109461386684,0.04985463989850912,301
stop_go,10.0,0.05,0.005,3,savgol_w5p2,0.1834442999183188,0.029294837660080224,301
stop_go,10.0,0.05,0.005,3,savgol_w7p3,0.3030696257491351,0.060186868785810976,301
stop_go,10.0,0.05,0.005,3,savgol_w9p3,0.19449667898946876,0.0326816758261867,301
stop_go,10.0,0.05,0.005,3,savgol_w11p3,0.13334485403390056,0.022046589193625964,301
stop_go,10.0,0.05,0.005,3,family_a_W3,0.2806906761729676,0.0601725186730239,301
stop_go,10.0,0.05,0.005,3,family_a_W5,0.12345733552229554,0.02196449220153909,301
stop_go,10.0,0.05,0.005,3,family_a_W7,0.0805586828519569,0.014226427375689991,301
stop_go,10.0,0.05,0.005,3,family_a_midspan_W5,0.15099566797941166,0.034964510103202964,301
stop_go,10.0,0.05,0.005,4,forward,0.776854566089438,0.2259578913140353,301
stop_go,10.0,0.05,0.005,4,central,0.3787424039355094,0.08692948998165151,301
stop_go,10.0,0.05,0.005,4,cubic_global,0.6472100390444818,0.17204390367224745,301
stop_go,10.0,0.05,0.005,4,smoothing_spline,0.9741399832279032,0.04864190247727426,301
stop_go,10.0,0.05,0.005,4,savgol_w5p2,0.18102477642237907,0.030588937097644,301
stop_go,10.0,0.05,0.005,4,savgol_w7p3,0.29355755915693665,0.05657015804544709,301
stop_go,10.0,0.05,0.005,4,savgol_w9p3,0.18264368942952908,0.034325124923981515,301
stop_go,10.0,0.05,0.005,4,savgol_w11p3,0.13070068717766772,0.02177681033671356,301
stop_go,10.0,0.05,0.005,4,family_a_W3,0.2685285278784017,0.06235537001819394,301
stop_go,10.0,0.05,0.005,4,family_a_W5,0.12166214020581764,0.02647807564673214,301
stop_go,10.0,0.05,0.005,4,family_a_W7,0.07692472697959805,0.01570529035224651,301
stop_go,10.0,0.05,0.005,4,family_a_midspan_W5,0.15471917505851066,0.037572980081076464,301
stop_go,10.0,0.2,0.0,0,forward,3.114044208077414,1.6332243730795122,301
stop_go,10.0,0.2,0.0,0,central,1.529349610461644,0.5776485487055765,301
stop_go,10.0,0.2,0.0,0,cubic_global,2.5096837548823503,1.2338989433944358,301
stop_go,10.0,0.2,0.0,0,smoothing_spline,0.9619485563036085,0.04521459626549971,301
stop_go,10.0,0.2,0.0,0,savgol_w5p2,0.6964715911985435,0.1799576343273682,301
stop_go,10.0,0.2,0.0,0,savgol_w7p3,1.138876175962354,0.3550071991877962,301
stop_go,10.0,0.2,0.0,0,savgol_w9p3,0.74483278022906,0.2039315084274074,301
stop_go,10.0,0.2,0.0,0,savgol_w11p3,0.5289480212833537,0.12222094932592505,301
stop_go,10.0,0.2,0.0,0,family_a_W3,1.1388761759624182,0.35500719918788093,301
stop_go,10.0,0.2,0.0,0,family_a_W5,0.5289480212833438,0.12222094932593658,301
stop_go,10.0,0.2,0.0,0,family_a_W7,0.3189993880515478,0.05747457918169786,301
stop_go,10.0,0.2,0.0,0,family_a_midspan_W5,0.4592391806707659,0.20312880511240358,301
stop_go,10.0,0.2,0.0,1,forward,3.1159515285903945,1.5733834700022733,301
stop_go,10.0,0.2,0.0,1,central,1.539150869658632,0.5988096984511302,301
stop_go,10.0,0.2,0.0,1,cubic_global,2.5916996448542715,1.2726773729083467,301
stop_go,10.0,0.2,0.0,1,smoothing_spline,0.9557110787992488,0.045488943534420505,301
stop_go,10.0,0.2,0.0,1,savgol_w5p2,0.5917957815408443,0.18038452079687764,301
stop_go,10.0,0.2,0.0,1,savgol_w7p3,1.0212461699702928,0.34995984447082124,301
stop_go,10.0,0.2,0.0,1,savgol_w9p3,0.6336863900727013,0.19801854619849316,301
stop_go,10.0,0.2,0.0,1,savgol_w11p3,0.41761554003180346,0.1397444625088434,301
stop_go,10.0,0.2,0.0,1,family_a_W3,1.0212461699702735,0.34995984447085093,301
stop_go,10.0,0.2,0.0,1,family_a_W5,0.4176155400318093,0.1397444625088643,301
stop_go,10.0,0.2,0.0,1,family_a_W7,0.2550677260023447,0.0732474220126927,301
stop_go,10.0,0.2,0.0,1,family_a_midspan_W5,0.43954231951627776,0.20982278053058945,301
stop_go,10.0,0.2,0.0,2,forward,3.059185931791272,1.5432224048576222,301
stop_go,10.0,0.2,0.0,2,central,1.5240912545646883,0.5478162630205122,301
stop_go,10.0,0.2,0.0,2,cubic_global,2.4991858118291397,1.1774866100846075,301
stop_go,10.0,0.2,0.0,2,smoothing_spline,0.9647667829058694,0.04490700241810202,301
stop_go,10.0,0.2,0.0,2,savgol_w5p2,0.6772709029201558,0.17137807066224797,301
stop_go,10.0,0.2,0.0,2,savgol_w7p3,1.0843411944880428,0.33592707464932003,301
stop_go,10.0,0.2,0.0,2,savgol_w9p3,0.7463648572321345,0.19224367646217752,301
stop_go,10.0,0.2,0.0,2,savgol_w11p3,0.5429823957195126,0.12497371876731203,301
stop_go,10.0,0.2,0.0,2,family_a_W3,1.0843411944880406,0.33592707464939986,301
stop_go,10.0,0.2,0.0,2,family_a_W5,0.5429823957195027,0.1249737187673233,301
stop_go,10.0,0.2,0.0,2,family_a_W7,0.3406954937870239,0.07629543361677059,301
stop_go,10.0,0.2,0.0,2,family_a_midspan_W5,0.4579464827262154,0.20488694696226187,301
stop_go,10.0,0.2,0.0,3,forward,2.8817412510930365,1.534222069834025,301
stop_go,10.0,0.2,0.0,3,central,1.4323745957714291,0.5548828243977578,301
stop_go,10.0,0.2,0.0,3,cubic_global,2.40486756775862,1.1135500134721874,301
stop_go,10.0,0.2,0.0,3,smoothing_spline,0.9454125453201868,0.045616280089820375,301
stop_go,10.0,0.2,0.0,3,savgol_w5p2,0.6307213061232672,0.20095483089999483,301
stop_go,10.0,0.2,0.0,3,savgol_w7p3,1.0485663210434277,0.3896027159124407,301
stop_go,10.0,0.2,0.0,3,savgol_w9p3,0.6694368408135664,0.21767940581452525,301
stop_go,10.0,0.2,0.0,3,savgol_w11p3,0.4740744358940544,0.15527945194317574,301
stop_go,10.0,0.2,0.0,3,family_a_W3,1.0485663210434344,0.38960271591249507,301
stop_go,10.0,0.2,0.0,3,family_a_W5,0.47407443589406306,0.15527945194320303,301
stop_go,10.0,0.2,0.0,3,family_a_W7,0.2749166273125406,0.08746258715475476,301
stop_go,10.0,0.2,0.0,3,family_a_midspan_W5,0.442507352229678,0.22372471797156115,301
stop_go,10.0,0.2,0.0,4,forward,3.0845353140836247,1.5722704783956558,301
stop_go,10.0,0.2,0.0,4,central,1.4415953364757446,0.5520230395104185,301
stop_go,10.0,0.2,0.0,4,cubic_global,2.4010990815932387,1.2253937531595054,301
stop_go,10.0,0.2,0.0,4,smoothing_spline,0.9654659471790575,0.049933254364184346,301
stop_go,10.0,0.2,0.0,4,savgol_w5p2,0.6797378335897638,0.20055193598688187,301
stop_go,10.0,0.2,0.0,4,savgol_w7p3,1.0656757994293986,0.36853759472192216,301
stop_go,10.0,0.2,0.0,4,savgol_w9p3,0.7389893779942354,0.21424063357590495,301
stop_go,10.0,0.2,0.0,4,savgol_w11p3,0.5342193321067346,0.1462756895853627,301
stop_go,10.0,0.2,0.0,4,family_a_W3,1.0656757994293873,0.3685375947219943,301
stop_go,10.0,0.2,0.0,4,family_a_W5,0.5342193321067426,0.14627568958538958,301
stop_go,10.0,0.2,0.0,4,family_a_W7,0.32008244477758085,0.07288224721451632,301
stop_go,10.0,0.2,0.0,4,family_a_midspan_W5,0.4877426644450337,0.22000386062795202,301
stop_go,10.0,0.2,0.005,0,forward,3.0370366184847537,1.4570291898869088,301
stop_go,10.0,0.2,0.005,0,central,1.475607443656821,0.5323296671799911,301
stop_go,10.0,0.2,0.005,0,cubic_global,2.467997319780293,1.1706869001127185,301
stop_go,10.0,0.2,0.005,0,smoothing_spline,0.9702295489876919,0.04632139173859585,301
stop_go,10.0,0.2,0.005,0,savgol_w5p2,0.6590687460929086,0.1537752977111805,301
stop_go,10.0,0.2,0.005,0,savgol_w7p3,1.0756333897258312,0.3038812778725825,301
stop_go,10.0,0.2,0.005,0,savgol_w9p3,0.7206173394226036,0.18350907092685262,301
stop_go,10.0,0.2,0.005,0,savgol_w11p3,0.509478350896197,0.11669642960193524,301
stop_go,10.0,0.2,0.005,0,family_a_W3,1.0572531502339404,0.30799959254674925,301
stop_go,10.0,0.2,0.005,0,family_a_W5,0.4988391774727039,0.11702263446086482,301
stop_go,10.0,0.2,0.005,0,family_a_W7,0.2775956409190408,0.058005894352017806,301
stop_go,10.0,0.2,0.005,0,family_a_midspan_W5,0.43762996543655047,0.18964061056741408,301
stop_go,10.0,0.2,0.005,1,forward,3.0546434553135358,1.6622192603275083,301
stop_go,10.0,0.2,0.005,1,central,1.562988453038494,0.6236711035236048,301
stop_go,10.0,0.2,0.005,1,cubic_global,2.5657234185533735,1.3081965833220013,301
stop_go,10.0,0.2,0.005,1,smoothing_spline,0.9520801045978945,0.04357698741684643,301
stop_go,10.0,0.2,0.005,1,savgol_w5p2,0.7011494226422036,0.22631273708292696,301
stop_go,10.0,0.2,0.005,1,savgol_w7p3,1.1435642536842239,0.4082617092149663,301
stop_go,10.0,0.2,0.005,1,savgol_w9p3,0.7579166128517749,0.25272472364626436,301
stop_go,10.0,0.2,0.005,1,savgol_w11p3,0.5343924157709747,0.1648668220436178,301
stop_go,10.0,0.2,0.005,1,family_a_W3,1.142170779156124,0.40501030231295576,301
stop_go,10.0,0.2,0.005,1,family_a_W5,0.5300040776263808,0.1594646881570056,301
stop_go,10.0,0.2,0.005,1,family_a_W7,0.3369723213111705,0.08643404248419015,301
stop_go,10.0,0.2,0.005,1,family_a_midspan_W5,0.4965789335621033,0.24255130934728533,301
stop_go,10.0,0.2,0.005,2,forward,2.93589859477481,1.5898542228908175,301
stop_go,10.0,0.2,0.005,2,central,1.4437388843418657,0.585226619831677,301
stop_go,10.0,0.2,0.005,2,cubic_global,2.512448705527869,1.2788647094605827,301
stop_go,10.0,0.2,0.005,2,smoothing_spline,0.955500496542977,0.045085189954140056,301
stop_go,10.0,0.2,0.005,2,savgol_w5p2,0.639356491091402,0.2063953018494128,301
stop_go,10.0,0.2,0.005,2,savgol_w7p3,1.0157759939216346,0.36990661626710475,301
stop_go,10.0,0.2,0.005,2,savgol_w9p3,0.674412321570573,0.23037334994766423,301
stop_go,10.0,0.2,0.005,2,savgol_w11p3,0.5115650695522381,0.15975420318934713,301
stop_go,10.0,0.2,0.005,2,family_a_W3,1.0169202847666532,0.3536232033700926,301
stop_go,10.0,0.2,0.005,2,family_a_W5,0.5028313902226071,0.144524572412138,301
stop_go,10.0,0.2,0.005,2,family_a_W7,0.334369160966043,0.09617502534960459,301
stop_go,10.0,0.2,0.005,2,family_a_midspan_W5,0.4285627232705291,0.21819172304657003,301
stop_go,10.0,0.2,0.005,3,forward,2.967563450236024,1.532020872844214,301
stop_go,10.0,0.2,0.005,3,central,1.570791593150006,0.5648545695765758,301
stop_go,10.0,0.2,0.005,3,cubic_global,2.573335942710911,1.159922623587288,301
stop_go,10.0,0.2,0.005,3,smoothing_spline,0.9632740308925875,0.04972834674472174,301
stop_go,10.0,0.2,0.005,3,savgol_w5p2,0.6903154026929215,0.18570383792946354,301
stop_go,10.0,0.2,0.005,3,savgol_w7p3,1.150070614730174,0.3780725430299559,301
stop_go,10.0,0.2,0.005,3,savgol_w9p3,0.7273460600733246,0.20158849259978578,301
stop_go,10.0,0.2,0.005,3,savgol_w11p3,0.5036224737043077,0.13271384506879494,301
stop_go,10.0,0.2,0.005,3,family_a_W3,1.1415428272267096,0.37817382810017885,301
stop_go,10.0,0.2,0.005,3,family_a_W5,0.498574915643026,0.13193379137122244,301
stop_go,10.0,0.2,0.005,3,family_a_W7,0.32749409759130743,0.08177521614291643,301
stop_go,10.0,0.2,0.005,3,family_a_midspan_W5,0.4585863358000885,0.21491811109117945,301
stop_go,10.0,0.2,0.005,4,forward,3.067213627215097,1.6070722516171871,301
stop_go,10.0,0.2,0.005,4,central,1.5182251526137176,0.5686408204628292,301
stop_go,10.0,0.2,0.005,4,cubic_global,2.547033865698052,1.2236318700423199,301
stop_go,10.0,0.2,0.005,4,smoothing_spline,0.9746960139385764,0.0495364186754118,301
stop_go,10.0,0.2,0.005,4,savgol_w5p2,0.676193697329304,0.20570582285464203,301
stop_go,10.0,0.2,0.005,4,savgol_w7p3,1.1152269928636596,0.37034355169516936,301
stop_go,10.0,0.2,0.005,4,savgol_w9p3,0.69052746886787,0.23218537009756,301
stop_go,10.0,0.2,0.005,4,savgol_w11p3,0.4835500650349914,0.1528914434661848,301
stop_go,10.0,0.2,0.005,4,family_a_W3,1.1079987369877022,0.38013574848852705,301
stop_go,10.0,0.2,0.005,4,family_a_W5,0.48343155455752573,0.15684303246480147,301
stop_go,10.0,0.2,0.005,4,family_a_W7,0.30560955365404163,0.08601129991484631,301
stop_go,10.0,0.2,0.005,4,family_a_midspan_W5,0.4766705574072051,0.22973506183393191,301
stop_go,50.0,0.0,0.0,0,forward,0.015707032093900987,-2.3175309849492146e-14,1501
stop_go,50.0,0.0,0.0,0,central,0.00018772809166334463,-2.2990150267935663e-14,1501
stop_go,50.0,0.0,0.0,0,cubic_global,5.654560765873239e-07,-2.3986824341601004e-14,1501
stop_go,50.0,0.0,0.0,0,smoothing_spline,0.9709683843109873,0.04956322297357211,1501
stop_go,50.0,0.0,0.0,0,savgol_w5p2,0.0006368029337193315,7.624240699259658e-13,1501
stop_go,50.0,0.0,0.0,0,savgol_w7p3,1.8275575395899397e-06,1.0318136069729041e-13,1501
stop_go,50.0,0.0,0.0,0,savgol_w9p3,5.031655601309465e-06,4.24197009916173e-14,1501
stop_go,50.0,0.0,0.0,0,savgol_w11p3,1.1579242426110284e-05,1.5358819210685329e-15,1501
stop_go,50.0,0.0,0.0,0,family_a_W3,1.8275575417898063e-06,3.474432869514906e-14,1501
stop_go,50.0,0.0,0.0,0,family_a_W5,1.157924243275698e-05,-3.531991694243741e-15,1501
stop_go,50.0,0.0,0.0,0,family_a_W7,4.141193215819149e-05,-4.005904505070144e-14,1501
stop_go,50.0,0.0,0.0,0,family_a_midspan_W5,0.004658119375280003,-2.186128570709716e-14,1501
stop_go,50.0,0.0,0.0,1,forward,0.015707032093900987,-2.3175309849492146e-14,1501
stop_go,50.0,0.0,0.0,1,central,0.00018772809166334463,-2.2990150267935663e-14,1501
stop_go,50.0,0.0,0.0,1,cubic_global,5.654560765873239e-07,-2.3986824341601004e-14,1501
stop_go,50.0,0.0,0.0,1,smoothing_spline,0.9709683843109873,0.04956322297357211,1501
stop_go,50.0,0.0,0.0,1,savgol_w5p2,0.0006368029337193315,7.624240699259658e-13,1501
stop_go,50.0,0.0,0.0,1,savgol_w7p3,1.8275575395899397e-06,1.0318136069729041e-13,1501
stop_go,50.0,0.0,0.0,1,savgol_w9p3,5.031655601309465e-06,4.24197009916173e-14,1501
stop_go,50.0,0.0,0.0,1,savgol_w11p3,1.1579242426110284e-05,1.5358819210685329e-15,1501
stop_go,50.0,0.0,0.0,1,family_a_W3,1.8275575417898063e-06,3.474432869514906e-14,1501
stop_go,50.0,0.0,0.0,1,family_a_W5,1.157924243275698e-05,-3.531991694243741e-15,1501
stop_go,50.0,0.0,0.0,1,family_a_W7,4.141193215819149e-05,-4.005904505070144e-14,1501
stop_go,50.0,0.0,0.0,1,family_a_midspan_W5,0.004658119375280003,-2.186128570709716e-14,1501
stop_go,50.0,0.0,0.0,2,forward,0.015707032093900987,-2.3175309849492146e-14,1501
stop_go,50.0,0.0,0.0,2,central,0.00018772809166334463,-2.2990150267935663e-14,1501
stop_go,50.0,0.0,0.0,2,cubic_global,5.654560765873239e-07,-2.3986824341601004e-14,1501
stop_go,50.0,0.0,0.0,2,smoothing_spline,0.9709683843109873,0.04956322297357211,1501
stop_go,50.0,0.0,0.0,2,savgol_w5p2,0.0006368029337193315,7.624240699259658e-13,1501
stop_go,50.0,0.0,0.0,2,savgol_w7p3,1.8275575395899397e-06,1.0318136069729041e-13,1501
stop_go,50.0,0.0,0.0,2,savgol_w9p3,5.031655601309465e-06,4.24197009916173e-14,1501
stop_go,50.0,0.0,0.0,2,savgol_w11p3,1.1579242426110284e-05,1.5358819210685329e-15,1501
stop_go,50.0,0.0,0.0,2,family_a_W3,1.8275575417898063e-06,3.474432869514906e-14,1501
stop_go,50.0,0.0,0.0,2,family_a_W5,1.157924243275698e-05,-3.531991694243741e-15,1501
stop_go,50.0,0.0,0.0,2,family_a_W7,4.141193215819149e-05,-4.005904505070144e-14,1501
stop_go,50.0,0.0,0.0,2,family_a_midspan_W5,0.004658119375280003,-2.186128570709716e-14,1501
stop_go,50.0,0.0,0.0,3,forward,0.015707032093900987,-2.3175309849492146e-14,1501
stop_go,50.0,0.0,0.0,3,central,0.00018772809166334463,-2.2990150267935663e-14,1501
stop_go,50.0,0.0,0.0,3,cubic_global,5.654560765873239e-07,-2.3986824341601004e-14,1501
stop_go,50.0,0.0,0.0,3,smoothing_spline,0.9709683843109873,0.04956322297357211,1501
stop_go,50.0,0.0,0.0,3,savgol_w5p2,0.0006368029337193315,7.624240699259658e-13,1501
stop_go,50.0,0.0,0.0,3,savgol_w7p3,1.8275575395899397e-06,1.0318136069729041e-13,1501
stop_go,50.0,0.0,0.0,3,savgol_w9p3,5.031655601309465e-06,4.24197009916173e-14,1501
stop_go,50.0,0.0,0.0,3,savgol_w11p3,1.1579242426110284e-05,1.5358819210685329e-15,1501
stop_go,50.0,0.0,0.0,3,family_a_W3,1.8275575417898063e-06,3.474432869514906e-14,1501
stop_go,50.0,0.0,0.0,3,family_a_W5,1.157924243275698e-05,-3.531991694243741e-15,1501
stop_go,50.0,0.0,0.0,3,family_a_W7,4.141193215819149e-05,-4.005904505070144e-14,1501
stop_go,50.0,0.0,0.0,3,family_a_midspan_W5,0.004658119375280003,-2.186128570709716e-14,1501
stop_go,50.0,0.0,0.0,4,forward,0.015707032093900987,-2.3175309849492146e-14,1501
stop_go,50.0,0.0,0.0,4,central,0.00018772809166334463,-2.2990150267935663e-14,1501
stop_go,50.0,0.0,0.0,4,cubic_global,5.654560765873239e-07,-2.3986824341601004e-14,1501
stop_go,50.0,0.0,0.0,4,smoothing_spline,0.9709683843109873,0.04956322297357211,1501
stop_go,50.0,0.0,0.0,4,savgol_w5p2,0.0006368029337193315,7.624240699259658e-13,1501
stop_go,50.0,0.0,0.0,4,savgol_w7p3,1.8275575395899397e-06,1.0318136069729041e-13,1501
stop_go,50.0,0.0,0.0,4,savgol_w9p3,5.031655601309465e-06,4.24197009916173e-14,1501
stop_go,50.0,0.0,0.0,4,savgol_w11p3,1.1579242426110284e-05,1.5358819210685329e-15,1501
stop_go,50.0,0.0,0.0,4,family_a_W3,1.8275575417898063e-06,3.474432869514906e-14,1501
stop_go,50.0,0.0,0.0,4,family_a_W5,1.157924243275698e-05,-3.531991694243741e-15,1501
stop_go,50.0,0.0,0.0,4,family_a_W7,4.141193215819149e-05,-4.005904505070144e-14,1501
stop_go,50.0,0.0,0.0,4,family_a_midspan_W5,0.004658119375280003,-2.186128570709716e-14,1501
stop_go,50.0,0.0,0.005,0,forward,0.016563919173076914,-1.465962549982462e-06,1501
stop_go,50.0,0.0,0.005,0,central,0.009216590747728032,-1.0507871458888033e-06,1501
stop_go,50.0,0.0,0.005,0,cubic_global,5.552535056890246e-06,4.7123240934289095e-08,1501
stop_go,50.0,0.0,0.005,0,smoothing_spline,0.9714181389292352,0.049441109924227546,1501
stop_go,50.0,0.0,0.005,0,savgol_w5p2,0.314859113732917,-0.011772505368254126,1501
stop_go,50.0,0.0,0.005,0,savgol_w7p3,0.5105427880147001,-0.01153887360259795,1501
stop_go,50.0,0.0,0.005,0,savgol_w9p3,0.33565614875375416,-0.011742452924756367,1501
stop_go,50.0,0.0,0.005,0,savgol_w11p3,0.24593011985776073,-0.011909508218426207,1501
stop_go,50.0,0.0,0.005,0,family_a_W3,1.8566131808356725e-05,6.266241288166202e-08,1501
stop_go,50.0,0.0,0.005,0,family_a_W5,5.161340532752402e-05,2.900480079542321e-08,1501
stop_go,50.0,0.0,0.005,0,family_a_W7,0.0001009201983663345,-3.9482561942591706e-07,1501
stop_go,50.0,0.0,0.005,0,family_a_midspan_W5,0.010205541641680025,-6.217906489374712e-06,1501
stop_go,50.0,0.0,0.005,1,forward,0.01678427466428838,-2.606727682565727e-07,1501
stop_go,50.0,0.0,0.005,1,central,0.010335070782865028,-1.990146309162983e-07,1501
stop_go,50.0,0.0,0.005,1,cubic_global,6.8671161253061895e-06,-2.457810341002146e-07,1501
stop_go,50.0,0.0,0.005,1,smoothing_spline,0.9714059960959626,0.04957444057774541,1501
stop_go,50.0,0.0,0.005,1,savgol_w5p2,0.32132006870289015,0.004238974361792948,1501
stop_go,50.0,0.0,0.005,1,savgol_w7p3,0.5228380481031359,0.00395856870976799,1501
stop_go,50.0,0.0,0.005,1,savgol_w9p3,0.3476247286250582,0.004377672365090121,1501
stop_go,50.0,0.0,0.005,1,savgol_w11p3,0.24724240004870782,0.004681113487010419,1501
stop_go,50.0,0.0,0.005,1,family_a_W3,1.9678041819046226e-05,4.404947821324433e-08,1501
stop_go,50.0,0.0,0.005,1,family_a_W5,5.018736076535479e-05,-9.151827122211585e-08,1501
stop_go,50.0,0.0,0.005,1,family_a_W7,0.00011031452624730408,-3.948826133238762e-07,1501
stop_go,50.0,0.0,0.005,1,family_a_midspan_W5,0.010435549527079594,-2.8715162323968057e-06,1501
stop_go,50.0,0.0,0.005,2,forward,0.01672229965806752,9.74586163090017e-08,1501
stop_go,50.0,0.0,0.005,2,central,0.009834139288543854,3.2190579819003423e-07,1501
stop_go,50.0,0.0,0.005,2,cubic_global,1.616831775891242e-05,-2.2917815428107896e-07,1501
stop_go,50.0,0.0,0.005,2,smoothing_spline,0.9709795792657329,0.04963211385123835,1501
stop_go,50.0,0.0,0.005,2,savgol_w5p2,0.33512161554454317,0.0053496066641215,1501
stop_go,50.0,0.0,0.005,2,savgol_w7p3,0.5295292675180518,0.005254144290062374,1501
stop_go,50.0,0.0,0.005,2,savgol_w9p3,0.3619398652345581,0.005628996600657705,1501
stop_go,50.0,0.0,0.005,2,savgol_w11p3,0.2668422072284006,0.005394687747544884,1501
stop_go,50.0,0.0,0.005,2,family_a_W3,1.9482844269454506e-05,-2.9040344911320254e-08,1501
stop_go,50.0,0.0,0.005,2,family_a_W5,5.765385094973331e-05,-5.846428001899982e-08,1501
stop_go,50.0,0.0,0.005,2,family_a_W7,0.00010606684543850006,-1.0626533524179869e-07,1501
stop_go,50.0,0.0,0.005,2,family_a_midspan_W5,0.011681484836408683,2.625622898702592e-07,1501
stop_go,50.0,0.0,0.005,3,forward,0.01659958922390244,4.3123185575181626e-07,1501
stop_go,50.0,0.0,0.005,3,central,0.009167584169472711,-9.759648676097098e-08,1501
stop_go,50.0,0.0,0.005,3,cubic_global,3.024212834365417e-05,1.061542747293415e-06,1501
stop_go,50.0,0.0,0.005,3,smoothing_spline,0.9709182106844615,0.04957609335465789,1501
stop_go,50.0,0.0,0.005,3,savgol_w5p2,0.31782439906382404,0.003366164652749732,1501
stop_go,50.0,0.0,0.005,3,savgol_w7p3,0.5099808559338468,0.0034616983639363325,1501
stop_go,50.0,0.0,0.005,3,savgol_w9p3,0.33808320799605585,0.003263840136805858,1501
stop_go,50.0,0.0,0.005,3,savgol_w11p3,0.25104019336391903,0.003225234752179683,1501
stop_go,50.0,0.0,0.005,3,family_a_W3,1.8164598823978906e-05,2.932104704151087e-08,1501
stop_go,50.0,0.0,0.005,3,family_a_W5,5.3730785676107875e-05,6.86453545013473e-08,1501
stop_go,50.0,0.0,0.005,3,family_a_W7,9.319107338940245e-05,3.0095849422687116e-07,1501
stop_go,50.0,0.0,0.005,3,family_a_midspan_W5,0.010624818531903746,3.6268089167457984e-06,1501
stop_go,50.0,0.0,0.005,4,forward,0.016902352474553767,1.4171830136436551e-06,1501
stop_go,50.0,0.0,0.005,4,central,0.010756621527353079,-3.1200943587753494e-07,1501
stop_go,50.0,0.0,0.005,4,cubic_global,4.1406675472917376e-05,1.316053006977761e-06,1501
stop_go,50.0,0.0,0.005,4,smoothing_spline,0.971455660034149,0.049271168479993674,1501
stop_go,50.0,0.0,0.005,4,savgol_w5p2,0.32527785209945426,-0.029162088321564486,1501
stop_go,50.0,0.0,0.005,4,savgol_w7p3,0.5164922951834214,-0.029238762538234417,1501
stop_go,50.0,0.0,0.005,4,savgol_w9p3,0.346575368266987,-0.029210769838774586,1501
stop_go,50.0,0.0,0.005,4,savgol_w11p3,0.2569111870232361,-0.029076764499924686,1501
stop_go,50.0,0.0,0.005,4,family_a_W3,2.2504996828234313e-05,5.366248934042591e-08,1501
stop_go,50.0,0.0,0.005,4,family_a_W5,6.630587005548502e-05,7.18113453755268e-08,1501
stop_go,50.0,0.0,0.005,4,family_a_W7,0.00011746024157212253,6.806012525362532e-07,1501
stop_go,50.0,0.0,0.005,4,family_a_midspan_W5,0.012807640406842602,2.254037671182355e-06,1501
stop_go,50.0,0.01,0.0,0,forward,0.7545796905476999,0.2338738695694304,1501
stop_go,50.0,0.01,0.0,0,central,0.37348929494364613,0.09572916657541292,1501
stop_go,50.0,0.01,0.0,0,cubic_global,0.6317449197411995,0.18826570982747012,1501
stop_go,50.0,0.01,0.0,0,smoothing_spline,0.9709447563283233,0.04958098929833615,1501
stop_go,50.0,0.01,0.0,0,savgol_w5p2,0.1610730688764045,0.03344307707281413,1501
stop_go,50.0,0.01,0.0,0,savgol_w7p3,0.2624926717991755,0.061145952620443984,1501
stop_go,50.0,0.01,0.0,0,savgol_w9p3,0.1725139046085072,0.03740798413170458,1501
stop_go,50.0,0.01,0.0,0,savgol_w11p3,0.12701503538268108,0.02561265416863237,1501
stop_go,50.0,0.01,0.0,0,family_a_W3,0.2624926717991253,0.06114595262040014,1501
stop_go,50.0,0.01,0.0,0,family_a_W5,0.12701503538267128,0.025612654168611977,1501
stop_go,50.0,0.01,0.0,0,family_a_W7,0.07784232266266605,0.01218781064140348,1501
stop_go,50.0,0.01,0.0,0,family_a_midspan_W5,0.10210451390114762,0.037425193648471355,1501
stop_go,50.0,0.01,0.0,1,forward,0.7714863116158343,0.21968252632248086,1501
stop_go,50.0,0.01,0.0,1,central,0.37968254977576166,0.09053906031342626,1501
stop_go,50.0,0.01,0.0,1,cubic_global,0.642061521303524,0.17481581573686214,1501
stop_go,50.0,0.01,0.0,1,smoothing_spline,0.9705940324774847,0.049510415151519827,1501
stop_go,50.0,0.01,0.0,1,savgol_w5p2,0.16533492433182598,0.03342044751623088,1501
stop_go,50.0,0.01,0.0,1,savgol_w7p3,0.26862374161789426,0.05929901465150299,1501
stop_go,50.0,0.01,0.0,1,savgol_w9p3,0.17788791982349872,0.037278436101593045,1501
stop_go,50.0,0.01,0.0,1,savgol_w11p3,0.12747192816752068,0.02574716106217661,1501
stop_go,50.0,0.01,0.0,1,family_a_W3,0.2686237416178647,0.059299014651417056,1501
stop_go,50.0,0.01,0.0,1,family_a_W5,0.12747192816752614,0.02574716106216726,1501
stop_go,50.0,0.01,0.0,1,family_a_W7,0.078079607579997,0.01421879892867205,1501
stop_go,50.0,0.01,0.0,1,family_a_midspan_W5,0.10117408893459194,0.03707646961166076,1501
stop_go,50.0,0.01,0.0,2,forward,0.7897723314420689,0.23564513164794673,1501
stop_go,50.0,0.01,0.0,2,central,0.3821139541156796,0.09642176188414231,1501
stop_go,50.0,0.01,0.0,2,cubic_global,0.6520485059438812,0.18585960365984489,1501
stop_go,50.0,0.01,0.0,2,smoothing_spline,0.9708609537329304,0.049514460619884605,1501
stop_go,50.0,0.01,0.0,2,savgol_w5p2,0.16865735200379192,0.032366400930473056,1501
stop_go,50.0,0.01,0.0,2,savgol_w7p3,0.2708938389531318,0.062184302604365325,1501
stop_go,50.0,0.01,0.0,2,savgol_w9p3,0.18134320625693232,0.03523049247508429,1501
stop_go,50.0,0.01,0.0,2,savgol_w11p3,0.13222971082061707,0.02324872749225888,1501
stop_go,50.0,0.01,0.0,2,family_a_W3,0.27089383895310765,0.06218430260430308,1501
stop_go,50.0,0.01,0.0,2,family_a_W5,0.13222971082059204,0.02324872749224229,1501
stop_go,50.0,0.01,0.0,2,family_a_W7,0.08145903367282768,0.012304385644904324,1501
stop_go,50.0,0.01,0.0,2,family_a_midspan_W5,0.09795899294553852,0.035579838458821476,1501
stop_go,50.0,0.01,0.0,3,forward,0.736212815587034,0.23133602943812523,1501
stop_go,50.0,0.01,0.0,3,central,0.36677355989352645,0.09634259126095136,1501
stop_go,50.0,0.01,0.0,3,cubic_global,0.6220086339761061,0.18799204331638436,1501
stop_go,50.0,0.01,0.0,3,smoothing_spline,0.9708207093294265,0.049511968580835265,1501
stop_go,50.0,0.01,0.0,3,savgol_w5p2,0.16145681864141373,0.032560257329621665,1501
stop_go,50.0,0.01,0.0,3,savgol_w7p3,0.26508562668557156,0.061900315766926214,1501
stop_go,50.0,0.01,0.0,3,savgol_w9p3,0.1716484545201177,0.03422771011705254,1501
stop_go,50.0,0.01,0.0,3,savgol_w11p3,0.12531767492488785,0.022312988790729953,1501
stop_go,50.0,0.01,0.0,3,family_a_W3,0.2650856266855773,0.06190031576686041,1501
stop_go,50.0,0.01,0.0,3,family_a_W5,0.1253176749248611,0.02231298879071652,1501
stop_go,50.0,0.01,0.0,3,family_a_W7,0.07796055567046638,0.01201902834098419,1501
stop_go,50.0,0.01,0.0,3,family_a_midspan_W5,0.09509398632287407,0.03453882915193794,1501
stop_go,50.0,0.01,0.0,4,forward,0.769531428014352,0.23415802619916168,1501
stop_go,50.0,0.01,0.0,4,central,0.3789360798890535,0.09295545505018388,1501
stop_go,50.0,0.01,0.0,4,cubic_global,0.6419478777660431,0.17802963406164143,1501
stop_go,50.0,0.01,0.0,4,smoothing_spline,0.9712480463161043,0.04960204512583772,1501
stop_go,50.0,0.01,0.0,4,savgol_w5p2,0.17041257903194107,0.03429677113020132,1501
stop_go,50.0,0.01,0.0,4,savgol_w7p3,0.27474544265074546,0.06330760823732892,1501
stop_go,50.0,0.01,0.0,4,savgol_w9p3,0.1814750198055133,0.03694017365930064,1501
stop_go,50.0,0.01,0.0,4,savgol_w11p3,0.13322572723831466,0.024969206373467404,1501
stop_go,50.0,0.01,0.0,4,family_a_W3,0.27474544265075107,0.06330760823725722,1501
stop_go,50.0,0.01,0.0,4,family_a_W5,0.13322572723830456,0.024969206373456235,1501
stop_go,50.0,0.01,0.0,4,family_a_W7,0.08221066959035064,0.013845216361264373,1501
stop_go,50.0,0.01,0.0,4,family_a_midspan_W5,0.10283910065795791,0.03694940548551241,1501
stop_go,50.0,0.01,0.005,0,forward,1.6666866675071261,0.3708673820252914,1501
stop_go,50.0,0.01,0.005,0,central,0.40035157849937575,0.0953129454033531,1501
stop_go,50.0,0.01,0.005,0,cubic_global,2.22419819680384,0.5099037356006209,1501
stop_go,50.0,0.01,0.005,0,smoothing_spline,0.9714826035007668,0.04941236280115143,1501
stop_go,50.0,0.01,0.005,0,savgol_w5p2,0.35725150473405765,0.020132394379380684,1501
stop_go,50.0,0.01,0.005,0,savgol_w7p3,0.5790981586043146,0.04770987884729085,1501
stop_go,50.0,0.01,0.005,0,savgol_w9p3,0.37721691588732065,0.023871385825486775,1501
stop_go,50.0,0.01,0.005,0,savgol_w11p3,0.28074742482915166,0.012501966936354436,1501
stop_go,50.0,0.01,0.005,0,family_a_W3,0.2821892561893498,0.06274611413790719,1501
stop_go,50.0,0.01,0.005,0,family_a_W5,0.13104698468922776,0.02468006673303252,1501
stop_go,50.0,0.01,0.005,0,family_a_W7,0.0799376238263646,0.012217487186847129,1501
stop_go,50.0,0.01,0.005,0,family_a_midspan_W5,0.10052415536149094,0.0358572033540554,1501
stop_go,50.0,0.01,0.005,1,forward,3.4628798723759826,0.5505223139132062,1501
stop_go,50.0,0.01,0.005,1,central,0.3962052586168005,0.09880470417652111,1501
stop_go,50.0,0.01,0.005,1,cubic_global,4.821368340521333,0.9001073727552334,1501
stop_go,50.0,0.01,0.005,1,smoothing_spline,0.9716759264217906,0.049659511303148864,1501
stop_go,50.0,0.01,0.005,1,savgol_w5p2,0.3561874801654707,0.03898113876719606,1501
stop_go,50.0,0.01,0.005,1,savgol_w7p3,0.5844581214824706,0.0688939461816157,1501
stop_go,50.0,0.01,0.005,1,savgol_w9p3,0.3860886897907276,0.041773676859681835,1501
stop_go,50.0,0.01,0.005,1,savgol_w11p3,0.27497422973810154,0.029078010915598473,1501
stop_go,50.0,0.01,0.005,1,family_a_W3,0.27802998062470113,0.06751298887992967,1501
stop_go,50.0,0.01,0.005,1,family_a_W5,0.13010523649805703,0.02429915106351252,1501
stop_go,50.0,0.01,0.005,1,family_a_W7,0.08193292012317237,0.01355341573140539,1501
stop_go,50.0,0.01,0.005,1,family_a_midspan_W5,0.10109053913501985,0.03794693418218752,1501
stop_go,50.0,0.01,0.005,2,forward,2.3165618446499407,0.4341711754715621,1501
stop_go,50.0,0.01,0.005,2,central,0.3862384960545355,0.09883201135028385,1501
stop_go,50.0,0.01,0.005,2,cubic_global,3.176066023764696,0.623847653786723,1501
stop_go,50.0,0.01,0.005,2,smoothing_spline,0.9707927319651977,0.04958908844038675,1501
stop_go,50.0,0.01,0.005,2,savgol_w5p2,0.3797814560802997,0.03869552653248627,1501
stop_go,50.0,0.01,0.005,2,savgol_w7p3,0.6028645298506972,0.06690689831248114,1501
stop_go,50.0,0.01,0.005,2,savgol_w9p3,0.4108719490263727,0.042266820327509405,1501
stop_go,50.0,0.01,0.005,2,savgol_w11p3,0.3004867143712049,0.028507525183053096,1501
stop_go,50.0,0.01,0.005,2,family_a_W3,0.2752912724217315,0.06196759092148913,1501
stop_go,50.0,0.01,0.005,2,family_a_W5,0.12702855529221838,0.02322073250207273,1501
stop_go,50.0,0.01,0.005,2,family_a_W7,0.07366426953456295,0.010913934255235984,1501
stop_go,50.0,0.01,0.005,2,family_a_midspan_W5,0.10012463543074353,0.03636402522766808,1501
stop_go,50.0,0.01,0.005,3,forward,16.327558596677825,0.7572299629877517,1501
stop_go,50.0,0.01,0.005,3,central,0.4078562475262169,0.10261348256253126,1501
stop_go,50.0,0.01,0.005,3,cubic_global,23.477434308524234,1.4490238251443237,1501
stop_go,50.0,0.01,0.005,3,smoothing_spline,0.9709779476910804,0.04953140971925346,1501
stop_go,50.0,0.01,0.005,3,savgol_w5p2,0.35430766732264796,0.03724390150669724,1501
stop_go,50.0,0.01,0.005,3,savgol_w7p3,0.5706739378621752,0.06802897260908743,1501
stop_go,50.0,0.01,0.005,3,savgol_w9p3,0.3767388911847348,0.03925505788434501,1501
stop_go,50.0,0.01,0.005,3,savgol_w11p3,0.2781018847329569,0.02569511189839784,1501
stop_go,50.0,0.01,0.005,3,family_a_W3,0.28220856727539945,0.06454134994499632,1501
stop_go,50.0,0.01,0.005,3,family_a_W5,0.12783208954450057,0.022321748266626303,1501
stop_go,50.0,0.01,0.005,3,family_a_W7,0.07917478912059157,0.011491286906330235,1501
stop_go,50.0,0.01,0.005,3,family_a_midspan_W5,0.09928277426169767,0.03478834521726895,1501
stop_go,50.0,0.01,0.005,4,forward,10.094633873376457,0.791016769170383,1501
stop_go,50.0,0.01,0.005,4,central,0.3823755369099072,0.09655300121888287,1501
stop_go,50.0,0.01,0.005,4,cubic_global,14.53968899941516,1.5289680246061732,1501
stop_go,50.0,0.01,0.005,4,smoothing_spline,0.9713668039573994,0.049217322626363816,1501
stop_go,50.0,0.01,0.005,4,savgol_w5p2,0.35795541618028864,0.0026005242582605695,1501
stop_go,50.0,0.01,0.005,4,savgol_w7p3,0.5741906377515252,0.031318156569205106,1501
stop_go,50.0,0.01,0.005,4,savgol_w9p3,0.3794413567942802,0.00525672674738916,1501
stop_go,50.0,0.01,0.005,4,savgol_w11p3,0.27923254657042,-0.006654836781350223,1501
stop_go,50.0,0.01,0.005,4,family_a_W3,0.26785247779765975,0.06382155928651044,1501
stop_go,50.0,0.01,0.005,4,family_a_W5,0.12182189995457054,0.02240039625166361,1501
stop_go,50.0,0.01,0.005,4,family_a_W7,0.07601849019531183,0.012532398594779006,1501
stop_go,50.0,0.01,0.005,4,family_a_midspan_W5,0.0936442276364783,0.03381408350585928,1501
stop_go,50.0,0.05,0.0,0,forward,3.796431499850217,2.256041448464833,1501
stop_go,50.0,0.05,0.0,0,central,1.8906634616545166,0.8082258650933862,1501
stop_go,50.0,0.05,0.0,0,cubic_global,3.168666991812323,1.7409618775386915,1501
stop_go,50.0,0.05,0.0,0,smoothing_spline,0.9702388100141639,0.04953159088798778,1501
stop_go,50.0,0.05,0.0,0,savgol_w5p2,0.8284186400281089,0.26394941458806714,1501
stop_go,50.0,0.05,0.0,0,savgol_w7p3,1.347189835258274,0.49807662189621066,1501
stop_go,50.0,0.05,0.0,0,savgol_w9p3,0.883990097259199,0.2923625715444525,1501
stop_go,50.0,0.05,0.0,0,savgol_w11p3,0.651283783335491,0.20078188643599432,1501
stop_go,50.0,0.05,0.0,0,family_a_W3,1.3471898352581941,0.4980766218961355,1501
stop_go,50.0,0.05,0.0,0,family_a_W5,0.6512837833354722,0.20078188643596578,1501
stop_go,50.0,0.05,0.0,0,family_a_W7,0.40254178479396197,0.10196192918908296,1501
stop_go,50.0,0.05,0.0,0,family_a_midspan_W5,0.5737435077263912,0.3030586348701796,1501
stop_go,50.0,0.05,0.0,1,forward,3.749819821898573,2.198175093108436,1501
stop_go,50.0,0.05,0.0,1,central,1.8903183225352527,0.7879337528881489,1501
stop_go,50.0,0.05,0.0,1,cubic_global,3.1088961964322777,1.7002223377246213,1501
stop_go,50.0,0.05,0.0,1,smoothing_spline,0.9684682070276884,0.04917442798307544,1501
stop_go,50.0,0.05,0.0,1,savgol_w5p2,0.836216547322984,0.26646642619124533,1501
stop_go,50.0,0.05,0.0,1,savgol_w7p3,1.3568294008274455,0.4930774942193353,1501
stop_go,50.0,0.05,0.0,1,savgol_w9p3,0.9032676742025201,0.29453311942302757,1501
stop_go,50.0,0.05,0.0,1,savgol_w11p3,0.6496884973034593,0.20119331026269882,1501
stop_go,50.0,0.05,0.0,1,family_a_W3,1.3568294008273702,0.49307749421922686,1501
stop_go,50.0,0.05,0.0,1,family_a_W5,0.6496884973034543,0.20119331026269088,1501
stop_go,50.0,0.05,0.0,1,family_a_W7,0.40083973663110384,0.11179433973157493,1501
stop_go,50.0,0.05,0.0,1,family_a_midspan_W5,0.5672389912501999,0.30201066614545974,1501
stop_go,50.0,0.05,0.0,2,forward,3.8777734742233236,2.2386700001817537,1501
stop_go,50.0,0.05,0.0,2,central,1.9433588414601692,0.7891005679017548,1501
stop_go,50.0,0.05,0.0,2,cubic_global,3.2039867994816427,1.6861796842507037,1501
stop_go,50.0,0.05,0.0,2,smoothing_spline,0.9697917213604951,0.04919339545692752,1501
stop_go,50.0,0.05,0.0,2,savgol_w5p2,0.8674277539934658,0.26014705473483746,1501
stop_go,50.0,0.05,0.0,2,savgol_w7p3,1.4007231280117853,0.5016372752425837,1501
stop_go,50.0,0.05,0.0,2,savgol_w9p3,0.9296334954613681,0.2848519314651879,1501
stop_go,50.0,0.05,0.0,2,savgol_w11p3,0.677848539999656,0.1856368334507763,1501
stop_go,50.0,0.05,0.0,2,family_a_W3,1.400723128011707,0.5016372752425234,1501
stop_go,50.0,0.05,0.0,2,family_a_W5,0.6778485399996295,0.18563683345075244,1501
stop_go,50.0,0.05,0.0,2,family_a_W7,0.4140192138232756,0.10123556823271655,1501
stop_go,50.0,0.05,0.0,2,family_a_midspan_W5,0.5546134465808339,0.2919048320465618,1501
stop_go,50.0,0.05,0.0,3,forward,3.725978794674906,2.241573415366535,1501
stop_go,50.0,0.05,0.0,3,central,1.8755590730312144,0.820966922921463,1501
stop_go,50.0,0.05,0.0,3,cubic_global,3.12567193681269,1.7334799894581399,1501
stop_go,50.0,0.05,0.0,3,smoothing_spline,0.9696301170643946,0.04918882889337385,1501
stop_go,50.0,0.05,0.0,3,savgol_w5p2,0.8311188528445955,0.2657427588904139,1501
stop_go,50.0,0.05,0.0,3,savgol_w7p3,1.3649959814172445,0.5162151809020974,1501
stop_go,50.0,0.05,0.0,3,savgol_w9p3,0.8805666148880716,0.2853114440826395,1501
stop_go,50.0,0.05,0.0,3,savgol_w11p3,0.6392544885511761,0.18481732561582287,1501
stop_go,50.0,0.05,0.0,3,family_a_W3,1.3649959814172092,0.5162151809020316,1501
stop_go,50.0,0.05,0.0,3,family_a_W5,0.6392544885511425,0.18481732561578926,1501
stop_go,50.0,0.05,0.0,3,family_a_W7,0.3962880036835157,0.1010545098276848,1501
stop_go,50.0,0.05,0.0,3,family_a_midspan_W5,0.5446647661361506,0.2927087488630108,1501
stop_go,50.0,0.05,0.0,4,forward,3.840782961415106,2.258874155379473,1501
stop_go,50.0,0.05,0.0,4,central,1.9093185286985292,0.7876967346933613,1501
stop_go,50.0,0.05,0.0,4,cubic_global,3.1600148486936606,1.681083831258333,1501
stop_go,50.0,0.05,0.0,4,smoothing_spline,0.9717261936440657,0.04963121620976961,1501
stop_go,50.0,0.05,0.0,4,savgol_w5p2,0.871605908588375,0.26385279866766936,1501
stop_go,50.0,0.05,0.0,4,savgol_w7p3,1.4031374409536033,0.5059668614562958,1501
stop_go,50.0,0.05,0.0,4,savgol_w9p3,0.9266733065479774,0.2853206978605925,1501
stop_go,50.0,0.05,0.0,4,savgol_w11p3,0.6782277272515831,0.1882626365112809,1501
stop_go,50.0,0.05,0.0,4,family_a_W3,1.4031374409535757,0.5059668614562282,1501
stop_go,50.0,0.05,0.0,4,family_a_W5,0.6782277272515684,0.188262636511255,1501
stop_go,50.0,0.05,0.0,4,family_a_W7,0.4202977589801693,0.10415860073361467,1501
stop_go,50.0,0.05,0.0,4,family_a_midspan_W5,0.5702214016345958,0.29286184339290194,1501
stop_go,50.0,0.05,0.005,0,forward,9.521962953223037,3.4275959002594294,1501
stop_go,50.0,0.05,0.005,0,central,2.010384690455232,0.8425228979236982,1501
stop_go,50.0,0.05,0.005,0,cubic_global,12.827022455187288,4.3879435288766535,1501
stop_go,50.0,0.05,0.005,0,smoothing_spline,0.9711146316021508,0.049174338124722494,1501
stop_go,50.0,0.05,0.005,0,savgol_w5p2,0.9019150114086022,0.25158740520360584,1501
stop_go,50.0,0.05,0.005,0,savgol_w7p3,1.4514233822806724,0.4941273045241554,1501
stop_go,50.0,0.05,0.005,0,savgol_w9p3,0.9512417292545419,0.2813938046594227,1501
stop_go,50.0,0.05,0.005,0,savgol_w11p3,0.7100953193537052,0.18230306394744955,1501
stop_go,50.0,0.05,0.005,0,family_a_W3,1.4253040187994062,0.5344216166238607,1501
stop_go,50.0,0.05,0.005,0,family_a_W5,0.6686251442114292,0.19512968905962746,1501
stop_go,50.0,0.05,0.005,0,family_a_W7,0.4071712058056562,0.09935963962396134,1501
stop_go,50.0,0.05,0.005,0,family_a_midspan_W5,0.5632154820089174,0.3003557001119074,1501
stop_go,50.0,0.05,0.005,1,forward,18.680089696743003,4.354341645303924,1501
stop_go,50.0,0.05,0.005,1,central,1.9781949411620203,0.8425274827777796,1501
stop_go,50.0,0.05,0.005,1,cubic_global,26.184949353298983,6.693760288119815,1501
stop_go,50.0,0.05,0.005,1,smoothing_spline,0.9721582900346946,0.0498817241532538,1501
stop_go,50.0,0.05,0.005,1,savgol_w5p2,0.9003477659188921,0.27079660652807674,1501
stop_go,50.0,0.05,0.005,1,savgol_w7p3,1.470922926822335,0.5105667950798484,1501
stop_go,50.0,0.05,0.005,1,savgol_w9p3,0.9754877096803874,0.2930450582729362,1501
stop_go,50.0,0.05,0.005,1,savgol_w11p3,0.7056303450723994,0.19601014196635705,1501
stop_go,50.0,0.05,0.005,1,family_a_W3,1.4275797758980249,0.5233529104102969,1501
stop_go,50.0,0.05,0.005,1,family_a_W5,0.671933223046561,0.18907488867192068,1501
stop_go,50.0,0.05,0.005,1,family_a_W7,0.4197220903814621,0.10516893607803328,1501
stop_go,50.0,0.05,0.005,1,family_a_midspan_W5,0.5674804469856509,0.2984709731208541,1501
stop_go,50.0,0.05,0.005,2,forward,12.187322948946795,3.666325080864936,1501
stop_go,50.0,0.05,0.005,2,central,1.9700495851411095,0.8716157832523799,1501
stop_go,50.0,0.05,0.005,2,cubic_global,16.666889214364677,4.8823789603847425,1501
stop_go,50.0,0.05,0.005,2,smoothing_spline,0.969428772999747,0.04929544951931164,1501
stop_go,50.0,0.05,0.005,2,savgol_w5p2,0.9129865546064353,0.2705765459650487,1501
stop_go,50.0,0.05,0.005,2,savgol_w7p3,1.4679665763689602,0.5221998467833525,1501
stop_go,50.0,0.05,0.005,2,savgol_w9p3,0.9897595426970621,0.2946614490814815,1501
stop_go,50.0,0.05,0.005,2,savgol_w11p3,0.7049464561021952,0.1887728756570294,1501
stop_go,50.0,0.05,0.005,2,family_a_W3,1.3953593186477409,0.5257767829431671,1501
stop_go,50.0,0.05,0.005,2,family_a_W5,0.6447611374720871,0.18348184996746242,1501
stop_go,50.0,0.05,0.005,2,family_a_W7,0.37525172892115016,0.09102155766751614,1501
stop_go,50.0,0.05,0.005,2,family_a_midspan_W5,0.5577848876896557,0.29452599096143056,1501
stop_go,50.0,0.05,0.005,3,forward,81.65728897633599,5.284766354380492,1501
stop_go,50.0,0.05,0.005,3,central,2.08503021800526,0.8611898228354331,1501
stop_go,50.0,0.05,0.005,3,cubic_global,117.40827173699014,8.960841309604282,1501
stop_go,50.0,0.05,0.005,3,smoothing_spline,0.970552248707767,0.04922155176080564,1501
stop_go,50.0,0.05,0.005,3,savgol_w5p2,0.9105337292849813,0.27604781199243317,1501
stop_go,50.0,0.05,0.005,3,savgol_w7p3,1.4922581647113138,0.5273814707475792,1501
stop_go,50.0,0.05,0.005,3,savgol_w9p3,0.9744958353996842,0.2966930213078484,1501
stop_go,50.0,0.05,0.005,3,savgol_w11p3,0.6957807467091045,0.18921402585923747,1501
stop_go,50.0,0.05,0.005,3,family_a_W3,1.4555903051149701,0.5298116451936871,1501
stop_go,50.0,0.05,0.005,3,family_a_W5,0.6549571161467714,0.1864291091466465,1501
stop_go,50.0,0.05,0.005,3,family_a_W7,0.4040983289112293,0.09565297623267349,1501
stop_go,50.0,0.05,0.005,3,family_a_midspan_W5,0.5624351527842201,0.29377528040602363,1501
stop_go,50.0,0.05,0.005,4,forward,50.946402553321974,5.483839472773368,1501
stop_go,50.0,0.05,0.005,4,central,1.935374245257484,0.8419610727741818,1501
stop_go,50.0,0.05,0.005,4,cubic_global,73.37344707320703,9.559882272464042,1501
stop_go,50.0,0.05,0.005,4,smoothing_spline,0.9704195600691955,0.048885470304102334,1501
stop_go,50.0,0.05,0.005,4,savgol_w5p2,0.8561930764282056,0.22739657127536161,1501
stop_go,50.0,0.05,0.005,4,savgol_w7p3,1.4074879677582945,0.4718553672180968,1501
stop_go,50.0,0.05,0.005,4,savgol_w9p3,0.9029357312258562,0.2541557523687441,1501
stop_go,50.0,0.05,0.005,4,savgol_w11p3,0.6542299499305396,0.14955569648399528,1501
stop_go,50.0,0.05,0.005,4,family_a_W3,1.3713964787570387,0.528726553480567,1501
stop_go,50.0,0.05,0.005,4,family_a_W5,0.6208406928719944,0.1791911168101728,1501
stop_go,50.0,0.05,0.005,4,family_a_W7,0.38887942390573915,0.0991496789148435,1501
stop_go,50.0,0.05,0.005,4,family_a_midspan_W5,0.5232567619552666,0.2808360036498472,1501
stop_go,50.0,0.2,0.0,0,forward,17.559418607807665,14.625706540819305,1501
stop_go,50.0,0.2,0.0,0,central,8.011369494009235,6.05839834418018,1501
stop_go,50.0,0.2,0.0,0,cubic_global,14.424013477338818,11.859400747265214,1501
stop_go,50.0,0.2,0.0,0,smoothing_spline,0.9585462995963546,0.04754021707012449,1501
stop_go,50.0,0.2,0.0,0,savgol_w5p2,3.2980453084964454,1.883926766813123,1501
stop_go,50.0,0.2,0.0,0,savgol_w7p3,5.4770001180146,3.81281014725697,1501
stop_go,50.0,0.2,0.0,0,savgol_w9p3,3.5299386528604004,2.0865453752603518,1501
stop_go,50.0,0.2,0.0,0,savgol_w11p3,2.612576958934306,1.3370689416502681,1501
stop_go,50.0,0.2,0.0,0,family_a_W3,5.477000118014422,3.812810147256781,1501
stop_go,50.0,0.2,0.0,0,family_a_W5,2.6125769589342496,1.3370689416501906,1501
stop_go,50.0,0.2,0.0,0,family_a_W7,1.6466379288969475,0.6333224905742079,1501
stop_go,50.0,0.2,0.0,0,family_a_midspan_W5,2.7341941283608358,2.162936908264689,1501
stop_go,50.0,0.2,0.0,1,forward,17.344891162165997,14.44611218586741,1501
stop_go,50.0,0.2,0.0,1,central,7.905875969155705,6.067251002731606,1501
stop_go,50.0,0.2,0.0,1,cubic_global,14.19570463946326,11.624016011049225,1501
stop_go,50.0,0.2,0.0,1,smoothing_spline,0.951182990350283,0.046016975361242336,1501
stop_go,50.0,0.2,0.0,1,savgol_w5p2,3.314070469550608,1.8785458245261828,1501
stop_go,50.0,0.2,0.0,1,savgol_w7p3,5.477273679527967,3.7547813386074194,1501
stop_go,50.0,0.2,0.0,1,savgol_w9p3,3.5587171138931692,2.1225872992695387,1501
stop_go,50.0,0.2,0.0,1,savgol_w11p3,2.601122253717799,1.3435648911200506,1501
stop_go,50.0,0.2,0.0,1,family_a_W3,5.477273679527796,3.754781338607251,1501
stop_go,50.0,0.2,0.0,1,family_a_W5,2.6011222537177296,1.3435648911199969,1501
stop_go,50.0,0.2,0.0,1,family_a_W7,1.6441748207812552,0.6852324895818458,1501
stop_go,50.0,0.2,0.0,1,family_a_midspan_W5,2.7228068630132083,2.1695653640818,1501
stop_go,50.0,0.2,0.0,2,forward,17.64656091167655,14.654022357227726,1501
stop_go,50.0,0.2,0.0,2,central,7.975134026497413,5.970100378433332,1501
stop_go,50.0,0.2,0.0,2,cubic_global,14.252588363710387,11.547081354932066,1501
stop_go,50.0,0.2,0.0,2,smoothing_spline,0.9563023395562208,0.04609053604306264,1501
stop_go,50.0,0.2,0.0,2,savgol_w5p2,3.4021160424827497,1.8626800942645014,1501
stop_go,50.0,0.2,0.0,2,savgol_w7p3,5.59336987886192,3.8085510085240872,1501
stop_go,50.0,0.2,0.0,2,savgol_w9p3,3.6320598541876588,2.092397737745516,1501
stop_go,50.0,0.2,0.0,2,savgol_w11p3,2.6915498971409404,1.2620934031009992,1501
stop_go,50.0,0.2,0.0,2,family_a_W3,5.59336987886176,3.8085510085239407,1501
stop_go,50.0,0.2,0.0,2,family_a_W5,2.6915498971408702,1.2620934031009372,1501
stop_go,50.0,0.2,0.0,2,family_a_W7,1.6719014380647303,0.6249431000444142,1501
stop_go,50.0,0.2,0.0,2,family_a_midspan_W5,2.686903687838374,2.147309152710321,1501
stop_go,50.0,0.2,0.0,3,forward,17.32646909650245,14.504786788126143,1501
stop_go,50.0,0.2,0.0,3,central,7.982571104329458,6.131144817609168,1501
stop_go,50.0,0.2,0.0,3,cubic_global,14.258757626463021,11.74106695874017,1501
stop_go,50.0,0.2,0.0,3,smoothing_spline,0.9562183070298074,0.04618854100550484,1501
stop_go,50.0,0.2,0.0,3,savgol_w5p2,3.335098857118904,1.8992182320469593,1501
stop_go,50.0,0.2,0.0,3,savgol_w7p3,5.588457128201619,3.898645703182996,1501
stop_go,50.0,0.2,0.0,3,savgol_w9p3,3.5577094570587953,2.0834135000226803,1501
stop_go,50.0,0.2,0.0,3,savgol_w11p3,2.5838655166548645,1.266761976054529,1501
stop_go,50.0,0.2,0.0,3,family_a_W3,5.58845712820147,3.8986457031828814,1501
stop_go,50.0,0.2,0.0,3,family_a_W5,2.5838655166547833,1.2667619760544546,1501
stop_go,50.0,0.2,0.0,3,family_a_W7,1.6349364060987674,0.6561378905911895,1501
stop_go,50.0,0.2,0.0,3,family_a_midspan_W5,2.668176579736239,2.1297637146849784,1501
stop_go,50.0,0.2,0.0,4,forward,17.628464744308868,14.72234580304923,1501
stop_go,50.0,0.2,0.0,4,central,7.941024448953937,5.939185500924464,1501
stop_go,50.0,0.2,0.0,4,cubic_global,14.205413600239575,11.660355344051549,1501
stop_go,50.0,0.2,0.0,4,smoothing_spline,0.9642834134857268,0.04792055161375315,1501
stop_go,50.0,0.2,0.0,4,savgol_w5p2,3.422170074953204,1.855842359326869,1501
stop_go,50.0,0.2,0.0,4,savgol_w7p3,5.611020994851743,3.7720453792572797,1501
stop_go,50.0,0.2,0.0,4,savgol_w9p3,3.6338437843827482,2.03974341704305,1501
stop_go,50.0,0.2,0.0,4,savgol_w11p3,2.684142106401302,1.2789616242996762,1501
stop_go,50.0,0.2,0.0,4,family_a_W3,5.611020994851586,3.772045379257135,1501
stop_go,50.0,0.2,0.0,4,family_a_W5,2.6841421064012416,1.2789616242996031,1501
stop_go,50.0,0.2,0.0,4,family_a_W7,1.6947634892249264,0.6574805188284191,1501
stop_go,50.0,0.2,0.0,4,family_a_midspan_W5,2.7281864177454143,2.119325259271408,1501
stop_go,50.0,0.2,0.005,0,forward,40.74958956186523,19.667597656036612,1501
stop_go,50.0,0.2,0.005,0,central,8.59862258036073,6.451433075540567,1501
stop_go,50.0,0.2,0.005,0,cubic_global,54.15568742010915,23.937609434656665,1501
stop_go,50.0,0.2,0.005,0,smoothing_spline,0.9608059169006449,0.04651038320195484,1501
stop_go,50.0,0.2,0.005,0,savgol_w5p2,3.3527299499623813,1.9387432766099129,1501
stop_go,50.0,0.2,0.005,0,savgol_w7p3,5.567750161274441,3.9165501316590468,1501
stop_go,50.0,0.2,0.005,0,savgol_w9p3,3.583520911253807,2.166854225407699,1501
stop_go,50.0,0.2,0.005,0,savgol_w11p3,2.6523306155365383,1.3241705760817013,1501
stop_go,50.0,0.2,0.005,0,family_a_W3,5.838924341210983,4.154686195807014,1501
stop_go,50.0,0.2,0.005,0,family_a_W5,2.6806680942380705,1.3244641762119125,1501
stop_go,50.0,0.2,0.005,0,family_a_W7,1.657154143301028,0.626413567690033,1501
stop_go,50.0,0.2,0.005,0,family_a_midspan_W5,2.7527755493052375,2.1995775989154334,1501
stop_go,50.0,0.2,0.005,1,forward,76.69291189683908,23.160134740246825,1501
stop_go,50.0,0.2,0.005,1,central,8.396930647671994,6.267873681786631,1501
stop_go,50.0,0.2,0.005,1,cubic_global,107.28954713433365,33.12234334057681,1501
stop_go,50.0,0.2,0.005,1,smoothing_spline,0.9653777666083035,0.04901019795553293,1501
stop_go,50.0,0.2,0.005,1,savgol_w5p2,3.3912374927243634,1.8569206356596524,1501
stop_go,50.0,0.2,0.005,1,savgol_w7p3,5.585524757589754,3.7892137942078925,1501
stop_go,50.0,0.2,0.005,1,savgol_w9p3,3.647045427964848,2.0565934198984333,1501
stop_go,50.0,0.2,0.005,1,savgol_w11p3,2.6749039224959534,1.2845166467185547,1501
stop_go,50.0,0.2,0.005,1,family_a_W3,5.76054847071261,3.8931942147917895,1501
stop_go,50.0,0.2,0.005,1,family_a_W5,2.6793456069614185,1.2594977402583378,1501
stop_go,50.0,0.2,0.005,1,family_a_W7,1.6811537886018733,0.6526099101605748,1501
stop_go,50.0,0.2,0.005,1,family_a_midspan_W5,2.7175670137329804,2.098304287626547,1501
stop_go,50.0,0.2,0.005,2,forward,50.50568868266639,20.408816566452852,1501
stop_go,50.0,0.2,0.005,2,central,8.531522923596334,6.316543232712788,1501
stop_go,50.0,0.2,0.005,2,cubic_global,68.44102572780523,25.677465324801524,1501
stop_go,50.0,0.2,0.005,2,smoothing_spline,0.9551439712905196,0.04635480127155396,1501
stop_go,50.0,0.2,0.005,2,savgol_w5p2,3.3770901254089405,1.8616099430323532,1501
stop_go,50.0,0.2,0.005,2,savgol_w7p3,5.5797814774228325,3.836475532994599,1501
stop_go,50.0,0.2,0.005,2,savgol_w9p3,3.6295964377859873,2.0559981513606913,1501
stop_go,50.0,0.2,0.005,2,savgol_w11p3,2.605085872809881,1.2479814505067575,1501
stop_go,50.0,0.2,0.005,2,family_a_W3,5.740735140431171,3.931239271426606,1501
stop_go,50.0,0.2,0.005,2,family_a_W5,2.6089999689092074,1.24440388615268,1501
stop_go,50.0,0.2,0.005,2,family_a_W7,1.5265680327507278,0.5955814386894001,1501
stop_go,50.0,0.2,0.005,2,family_a_midspan_W5,2.6859802613414785,2.104981975391437,1501
stop_go,50.0,0.2,0.005,3,forward,326.84859644536476,26.91646357557565,1501
stop_go,50.0,0.2,0.005,3,central,8.735962318907262,6.422112965852967,1501
stop_go,50.0,0.2,0.005,3,cubic_global,469.81802932524533,42.07995199243649,1501
stop_go,50.0,0.2,0.005,3,smoothing_spline,0.959016795221408,0.04607915507418678,1501
stop_go,50.0,0.2,0.005,3,savgol_w5p2,3.43579942860797,1.9449908134179879,1501
stop_go,50.0,0.2,0.005,3,savgol_w7p3,5.7262502844497805,3.95340429512929,1501
stop_go,50.0,0.2,0.005,3,savgol_w9p3,3.6860919458337946,2.14395381204554,1501
stop_go,50.0,0.2,0.005,3,savgol_w11p3,2.644169227471808,1.3074238175944233,1501
stop_go,50.0,0.2,0.005,3,family_a_W3,5.88878421812402,4.01742983769572,1501
stop_go,50.0,0.2,0.005,3,family_a_W5,2.645794478346149,1.3077844440719133,1501
stop_go,50.0,0.2,0.005,3,family_a_W7,1.6414311121941636,0.6443849092100631,1501
stop_go,50.0,0.2,0.005,3,family_a_midspan_W5,2.7352743102370796,2.165787606428142,1501
stop_go,50.0,0.2,0.005,4,forward,204.47531017450842,27.660592067790223,1501
stop_go,50.0,0.2,0.005,4,central,8.38716289268795,6.188763868115262,1501
stop_go,50.0,0.2,0.005,4,cubic_global,294.3059308123003,44.49765573761731,1501
stop_go,50.0,0.2,0.005,4,smoothing_spline,0.9580703253891495,0.045885375456034015,1501
stop_go,50.0,0.2,0.005,4,savgol_w5p2,3.2736305144386546,1.7664693531718314,1501
stop_go,50.0,0.2,0.005,4,savgol_w7p3,5.457209484211132,3.6658158974630966,1501
stop_go,50.0,0.2,0.005,4,savgol_w9p3,3.487362745848728,1.9768561721314908,1501
stop_go,50.0,0.2,0.005,4,savgol_w11p3,2.459130416282326,1.1916715870142065,1501
stop_go,50.0,0.2,0.005,4,family_a_W3,5.710414245247904,3.876379619106577,1501
stop_go,50.0,0.2,0.005,4,family_a_W5,2.494667107193579,1.2327246453799696,1501
stop_go,50.0,0.2,0.005,4,family_a_W7,1.573313095365382,0.626386191846225,1501
stop_go,50.0,0.2,0.005,4,family_a_midspan_W5,2.5639354217729706,2.0449015569203985,1501
