ds_factor,effective_hz,noise_sigma,jitter_sigma,method,rmse,n,sequence
1,9.99998720001305,0.0,0.0,central,0.06925189212541945,21439,bridge01
1,9.99998720001305,0.0,0.0,savgol_w7p3,0.05416271332128902,21439,bridge01
1,9.99998720001305,0.0,0.0,smoothing_spline_default,0.5153533013778144,21439,bridge01
1,9.99998720001305,0.0,0.0,smoothing_spline_tuned,0.11407292692448058,21439,bridge01
1,9.99998720001305,0.0,0.0,family_a_W5,0.03650801158135794,21439,bridge01
1,9.99998720001305,0.0,0.0,family_a_W7,0.037830968433979435,21439,bridge01
1,10.003420559629653,0.0,0.005,central,0.4451779570795118,21439,bridge01
1,10.003420559629653,0.0,0.005,savgol_w7p3,0.0544116385302707,21439,bridge01
1,10.003420559629653,0.0,0.005,smoothing_spline_default,0.51734710866291,21439,bridge01
1,10.003420559629653,0.0,0.005,smoothing_spline_tuned,0.8979259037008913,21439,bridge01
1,10.003420559629653,0.0,0.005,family_a_W5,0.15666514371085172,21439,bridge01
1,10.003420559629653,0.0,0.005,family_a_W7,0.10197403289660945,21439,bridge01
1,9.995445164138502,0.0,0.02,central,1.967077649178601,21439,bridge01
1,9.995445164138502,0.0,0.02,savgol_w7p3,0.1762668071398025,21439,bridge01
1,9.995445164138502,0.0,0.02,smoothing_spline_default,0.5093039919744722,21439,bridge01
1,9.995445164138502,0.0,0.02,smoothing_spline_tuned,2779.973174479832,21439,bridge01
1,9.995445164138502,0.0,0.02,family_a_W5,0.606825573459188,21439,bridge01
1,9.995445164138502,0.0,0.02,family_a_W7,0.3777634089434981,21439,bridge01
1,9.99998720001305,0.05,0.0,central,0.3790215041569093,21439,bridge01
1,9.99998720001305,0.05,0.0,savgol_w7p3,0.27547780571471386,21439,bridge01
1,9.99998720001305,0.05,0.0,smoothing_spline_default,0.516944013860049,21439,bridge01
1,9.99998720001305,0.05,0.0,smoothing_spline_tuned,0.05815217074947315,21439,bridge01
1,9.99998720001305,0.05,0.0,family_a_W5,0.13383902108399345,21439,bridge01
1,9.99998720001305,0.05,0.0,family_a_W7,0.08817302880229683,21439,bridge01
1,10.003149084783024,0.05,0.005,central,0.5824899101574041,21439,bridge01
1,10.003149084783024,0.05,0.005,savgol_w7p3,0.2763508232752326,21439,bridge01
1,10.003149084783024,0.05,0.005,smoothing_spline_default,0.5164083997545625,21439,bridge01
1,10.003149084783024,0.05,0.005,smoothing_spline_tuned,0.481963321751713,21439,bridge01
1,10.003149084783024,0.05,0.005,family_a_W5,0.20280868561370813,21439,bridge01
1,10.003149084783024,0.05,0.005,family_a_W7,0.12903363355626807,21439,bridge01
1,10.016264554224273,0.05,0.02,central,1.97784497826565,21439,bridge01
1,10.016264554224273,0.05,0.02,savgol_w7p3,0.3276595295746441,21439,bridge01
1,10.016264554224273,0.05,0.02,smoothing_spline_default,0.5064954863534595,21439,bridge01
1,10.016264554224273,0.05,0.02,smoothing_spline_tuned,8.007384407598531,21439,bridge01
1,10.016264554224273,0.05,0.02,family_a_W5,0.6127331075846802,21439,bridge01
1,10.016264554224273,0.05,0.02,family_a_W7,0.3836060244689233,21439,bridge01
1,9.99998720001305,0.2,0.0,central,1.4927726651142283,21439,bridge01
1,9.99998720001305,0.2,0.0,savgol_w7p3,1.081456088869805,21439,bridge01
1,9.99998720001305,0.2,0.0,smoothing_spline_default,0.5034972508366644,21439,bridge01
1,9.99998720001305,0.2,0.0,smoothing_spline_tuned,0.10107705345427165,21439,bridge01
1,9.99998720001305,0.2,0.0,family_a_W5,0.515178932342455,21439,bridge01
1,9.99998720001305,0.2,0.0,family_a_W7,0.3184913279107973,21439,bridge01
1,9.99676489957664,0.2,0.005,central,1.5795189397192637,21439,bridge01
1,9.99676489957664,0.2,0.005,savgol_w7p3,1.0940280357904988,21439,bridge01
1,9.99676489957664,0.2,0.005,smoothing_spline_default,0.5102471546049163,21439,bridge01
1,9.99676489957664,0.2,0.005,smoothing_spline_tuned,0.10063838433132193,21439,bridge01
1,9.99676489957664,0.2,0.005,family_a_W5,0.5490823174569264,21439,bridge01
1,9.99676489957664,0.2,0.005,family_a_W7,0.34099070405345056,21439,bridge01
1,10.014974425023192,0.2,0.02,central,2.482827811173145,21439,bridge01
1,10.014974425023192,0.2,0.02,savgol_w7p3,1.09820683476652,21439,bridge01
1,10.014974425023192,0.2,0.02,smoothing_spline_default,0.5025195659100216,21439,bridge01
1,10.014974425023192,0.2,0.02,smoothing_spline_tuned,2.0617265307912533,21439,bridge01
1,10.014974425023192,0.2,0.02,family_a_W5,0.7899639537896563,21439,bridge01
1,10.014974425023192,0.2,0.02,family_a_W7,0.48582882824492557,21439,bridge01
1,9.99998720001305,0.5,0.0,central,3.6962155658375853,21439,bridge01
1,9.99998720001305,0.5,0.0,savgol_w7p3,2.6613409356452205,21439,bridge01
1,9.99998720001305,0.5,0.0,smoothing_spline_default,0.47611406187299465,21439,bridge01
1,9.99998720001305,0.5,0.0,smoothing_spline_tuned,0.16673014454074045,21439,bridge01
1,9.99998720001305,0.5,0.0,family_a_W5,1.3015697322603572,21439,bridge01
1,9.99998720001305,0.5,0.0,family_a_W7,0.8074939649248837,21439,bridge01
1,10.003987974646233,0.5,0.005,central,3.7173641379037656,21439,bridge01
1,10.003987974646233,0.5,0.005,savgol_w7p3,2.6698212449669834,21439,bridge01
1,10.003987974646233,0.5,0.005,smoothing_spline_default,0.4803195249512423,21439,bridge01
1,10.003987974646233,0.5,0.005,smoothing_spline_tuned,0.1646830593957823,21439,bridge01
1,10.003987974646233,0.5,0.005,family_a_W5,1.2802713964666514,21439,bridge01
1,10.003987974646233,0.5,0.005,family_a_W7,0.7979451495924209,21439,bridge01
1,9.996196455315118,0.5,0.02,central,4.36700488545433,21439,bridge01
1,9.996196455315118,0.5,0.02,savgol_w7p3,2.7046528505833147,21439,bridge01
1,9.996196455315118,0.5,0.02,smoothing_spline_default,0.46735075201229537,21439,bridge01
1,9.996196455315118,0.5,0.02,smoothing_spline_tuned,0.3855452230471462,21439,bridge01
1,9.996196455315118,0.5,0.02,family_a_W5,1.4294316768329254,21439,bridge01
1,9.996196455315118,0.5,0.02,family_a_W7,0.888982847998265,21439,bridge01
2,4.999987200036256,0.0,0.0,central,0.05169868872352409,10720,bridge01
2,4.999987200036256,0.0,0.0,savgol_w7p3,0.04933397022816752,10720,bridge01
2,4.999987200036256,0.0,0.0,smoothing_spline_default,0.5104042082187485,10720,bridge01
2,4.999987200036256,0.0,0.0,smoothing_spline_tuned,0.055238451366468835,10720,bridge01
2,4.999987200036256,0.0,0.0,family_a_W5,0.03996642648670886,10720,bridge01
2,4.999987200036256,0.0,0.0,family_a_W7,0.045112631775570844,10720,bridge01
2,5.000428427985964,0.0,0.005,central,0.22818417354964554,10720,bridge01
2,5.000428427985964,0.0,0.005,savgol_w7p3,0.04946184911323135,10720,bridge01
2,5.000428427985964,0.0,0.005,smoothing_spline_default,0.5080699721985587,10720,bridge01
2,5.000428427985964,0.0,0.005,smoothing_spline_tuned,0.4206636940100582,10720,bridge01
2,5.000428427985964,0.0,0.005,family_a_W5,0.08744681780352381,10720,bridge01
2,5.000428427985964,0.0,0.005,family_a_W7,0.06517456723848465,10720,bridge01
2,5.002382134327339,0.0,0.02,central,0.907532578720833,10720,bridge01
2,5.002382134327339,0.0,0.02,savgol_w7p3,0.051226240853621034,10720,bridge01
2,5.002382134327339,0.0,0.02,smoothing_spline_default,0.5081233177131036,10720,bridge01
2,5.002382134327339,0.0,0.02,smoothing_spline_tuned,2.1061190922906143,10720,bridge01
2,5.002382134327339,0.0,0.02,family_a_W5,0.31222673319267946,10720,bridge01
2,5.002382134327339,0.0,0.02,family_a_W7,0.194226372590387,10720,bridge01
2,4.999987200036256,0.05,0.0,central,0.19712884109148734,10720,bridge01
2,4.999987200036256,0.05,0.0,savgol_w7p3,0.1469299911998517,10720,bridge01
2,4.999987200036256,0.05,0.0,smoothing_spline_default,0.5127713476372951,10720,bridge01
2,4.999987200036256,0.05,0.0,smoothing_spline_tuned,0.07025052209732771,10720,bridge01
2,4.999987200036256,0.05,0.0,family_a_W5,0.076774481565603,10720,bridge01
2,4.999987200036256,0.05,0.0,family_a_W7,0.060437179958292994,10720,bridge01
2,5.002203183240668,0.05,0.005,central,0.2951497573601561,10720,bridge01
2,5.002203183240668,0.05,0.005,savgol_w7p3,0.14353143485708028,10720,bridge01
2,5.002203183240668,0.05,0.005,smoothing_spline_default,0.5126014190447115,10720,bridge01
2,5.002203183240668,0.05,0.005,smoothing_spline_tuned,0.23219411030346324,10720,bridge01
2,5.002203183240668,0.05,0.005,family_a_W5,0.10845472383530037,10720,bridge01
2,5.002203183240668,0.05,0.005,family_a_W7,0.07662363193478927,10720,bridge01
2,5.002807910660961,0.05,0.02,central,0.919637445689014,10720,bridge01
2,5.002807910660961,0.05,0.02,savgol_w7p3,0.14452863209432767,10720,bridge01
2,5.002807910660961,0.05,0.02,smoothing_spline_default,0.5095308926739293,10720,bridge01
2,5.002807910660961,0.05,0.02,smoothing_spline_tuned,2.0028157052562423,10720,bridge01
2,5.002807910660961,0.05,0.02,family_a_W5,0.31182141870786156,10720,bridge01
2,5.002807910660961,0.05,0.02,family_a_W7,0.19776797329682902,10720,bridge01
2,4.999987200036256,0.2,0.0,central,0.7580397903450077,10720,bridge01
2,4.999987200036256,0.2,0.0,savgol_w7p3,0.551323735819295,10720,bridge01
2,4.999987200036256,0.2,0.0,smoothing_spline_default,0.5130079096750746,10720,bridge01
2,4.999987200036256,0.2,0.0,smoothing_spline_tuned,0.11434625551819078,10720,bridge01
2,4.999987200036256,0.2,0.0,family_a_W5,0.26589830021410177,10720,bridge01
2,4.999987200036256,0.2,0.0,family_a_W7,0.16755556440151953,10720,bridge01
2,5.0016319123862285,0.2,0.005,central,0.7732711740456157,10720,bridge01
2,5.0016319123862285,0.2,0.005,savgol_w7p3,0.541498847491379,10720,bridge01
2,5.0016319123862285,0.2,0.005,smoothing_spline_default,0.5087162964675632,10720,bridge01
2,5.0016319123862285,0.2,0.005,smoothing_spline_tuned,0.11332681702961753,10720,bridge01
2,5.0016319123862285,0.2,0.005,family_a_W5,0.2733415631261279,10720,bridge01
2,5.0016319123862285,0.2,0.005,family_a_W7,0.16943153872347935,10720,bridge01
2,4.999005499668126,0.2,0.02,central,1.1681499617122164,10720,bridge01
2,4.999005499668126,0.2,0.02,savgol_w7p3,0.5393540510374675,10720,bridge01
2,4.999005499668126,0.2,0.02,smoothing_spline_default,0.5058520086234182,10720,bridge01
2,4.999005499668126,0.2,0.02,smoothing_spline_tuned,0.8819980086277792,10720,bridge01
2,4.999005499668126,0.2,0.02,family_a_W5,0.3985201254686122,10720,bridge01
2,4.999005499668126,0.2,0.02,family_a_W7,0.24851615414968192,10720,bridge01
2,4.999987200036256,0.5,0.0,central,1.8626185140615306,10720,bridge01
2,4.999987200036256,0.5,0.0,savgol_w7p3,1.3482886406274177,10720,bridge01
2,4.999987200036256,0.5,0.0,smoothing_spline_default,0.47169006013794346,10720,bridge01
2,4.999987200036256,0.5,0.0,smoothing_spline_tuned,0.2004422155549379,10720,bridge01
2,4.999987200036256,0.5,0.0,family_a_W5,0.6363173548443778,10720,bridge01
2,4.999987200036256,0.5,0.0,family_a_W7,0.3908929639700385,10720,bridge01
2,5.000994074568616,0.5,0.005,central,1.8705653846813115,10720,bridge01
2,5.000994074568616,0.5,0.005,savgol_w7p3,1.3494287119463677,10720,bridge01
2,5.000994074568616,0.5,0.005,smoothing_spline_default,0.47206410875305804,10720,bridge01
2,5.000994074568616,0.5,0.005,smoothing_spline_tuned,0.17677034508739392,10720,bridge01
2,5.000994074568616,0.5,0.005,family_a_W5,0.6533757049911206,10720,bridge01
2,5.000994074568616,0.5,0.005,family_a_W7,0.4091921221068806,10720,bridge01
2,5.006817985858617,0.5,0.02,central,2.0987020949182966,10720,bridge01
2,5.006817985858617,0.5,0.02,savgol_w7p3,1.3738532511287527,10720,bridge01
2,5.006817985858617,0.5,0.02,smoothing_spline_default,0.4641640403060034,10720,bridge01
2,5.006817985858617,0.5,0.02,smoothing_spline_tuned,0.18946103321919033,10720,bridge01
2,5.006817985858617,0.5,0.02,family_a_W5,0.7259925608275809,10720,bridge01
2,5.006817985858617,0.5,0.02,family_a_W7,0.4464643206843454,10720,bridge01
5,2.0,0.0,0.0,central,0.04575485135623675,4288,bridge01
5,2.0,0.0,0.0,savgol_w7p3,0.047873910585835774,4288,bridge01
5,2.0,0.0,0.0,smoothing_spline_default,0.5228110393566188,4288,bridge01
5,2.0,0.0,0.0,smoothing_spline_tuned,0.08898877176631878,4288,bridge01
5,2.0,0.0,0.0,family_a_W5,0.07681412581471658,4288,bridge01
5,2.0,0.0,0.0,family_a_W7,0.11351742401132922,4288,bridge01
5,2.0001362969251533,0.0,0.005,central,0.1033286736122477,4288,bridge01
5,2.0001362969251533,0.0,0.005,savgol_w7p3,0.04791045006556526,4288,bridge01
5,2.0001362969251533,0.0,0.005,smoothing_spline_default,0.5185097411913099,4288,bridge01
5,2.0001362969251533,0.0,0.005,smoothing_spline_tuned,0.08939498638572503,4288,bridge01
5,2.0001362969251533,0.0,0.005,family_a_W5,0.08311800376583628,4288,bridge01
5,2.0001362969251533,0.0,0.005,family_a_W7,0.11497302387289304,4288,bridge01
5,2.001659800100617,0.0,0.02,central,0.3719159299780589,4288,bridge01
5,2.001659800100617,0.0,0.02,savgol_w7p3,0.050278856923743565,4288,bridge01
5,2.001659800100617,0.0,0.02,smoothing_spline_default,0.5182141408016329,4288,bridge01
5,2.001659800100617,0.0,0.02,smoothing_spline_tuned,0.7067344856123187,4288,bridge01
5,2.001659800100617,0.0,0.02,family_a_W5,0.14838634521389032,4288,bridge01
5,2.001659800100617,0.0,0.02,family_a_W7,0.13750817193116732,4288,bridge01
5,2.0,0.05,0.0,central,0.08693682672419675,4288,bridge01
5,2.0,0.05,0.0,savgol_w7p3,0.07144048603863082,4288,bridge01
5,2.0,0.05,0.0,smoothing_spline_default,0.522777351833738,4288,bridge01
5,2.0,0.05,0.0,smoothing_spline_tuned,0.10809249287401189,4288,bridge01
5,2.0,0.05,0.0,family_a_W5,0.08105178118148332,4288,bridge01
5,2.0,0.05,0.0,family_a_W7,0.11533096873280849,4288,bridge01
5,1.9994954182654066,0.05,0.005,central,0.12394040968232106,4288,bridge01
5,1.9994954182654066,0.05,0.005,savgol_w7p3,0.0720392123375623,4288,bridge01
5,1.9994954182654066,0.05,0.005,smoothing_spline_default,0.5203516809593073,4288,bridge01
5,1.9994954182654066,0.05,0.005,smoothing_spline_tuned,0.09942131015211406,4288,bridge01
5,1.9994954182654066,0.05,0.005,family_a_W5,0.08731231804149488,4288,bridge01
5,1.9994954182654066,0.05,0.005,family_a_W7,0.11576726547042157,4288,bridge01
5,2.001529837956122,0.05,0.02,central,0.36963554165700707,4288,bridge01
5,2.001529837956122,0.05,0.02,savgol_w7p3,0.07473415446268555,4288,bridge01
5,2.001529837956122,0.05,0.02,smoothing_spline_default,0.5136586022381998,4288,bridge01
5,2.001529837956122,0.05,0.02,smoothing_spline_tuned,0.6142711012593366,4288,bridge01
5,2.001529837956122,0.05,0.02,family_a_W5,0.1435845557082001,4288,bridge01
5,2.001529837956122,0.05,0.02,family_a_W7,0.13558424606871328,4288,bridge01
5,2.0,0.2,0.0,central,0.30125852892666877,4288,bridge01
5,2.0,0.2,0.0,savgol_w7p3,0.21883921541220944,4288,bridge01
5,2.0,0.2,0.0,smoothing_spline_default,0.5152740405281705,4288,bridge01
5,2.0,0.2,0.0,smoothing_spline_tuned,0.14644943923137332,4288,bridge01
5,2.0,0.2,0.0,family_a_W5,0.12668656241646822,4288,bridge01
5,2.0,0.2,0.0,family_a_W7,0.12978495508380392,4288,bridge01
5,1.9993485162662832,0.2,0.005,central,0.3187571179324202,4288,bridge01
5,1.9993485162662832,0.2,0.005,savgol_w7p3,0.22166617660454185,4288,bridge01
5,1.9993485162662832,0.2,0.005,smoothing_spline_default,0.5072452820914636,4288,bridge01
5,1.9993485162662832,0.2,0.005,smoothing_spline_tuned,0.15457196420355962,4288,bridge01
5,1.9993485162662832,0.2,0.005,family_a_W5,0.13465101810321392,4288,bridge01
5,1.9993485162662832,0.2,0.005,family_a_W7,0.13335994286887232,4288,bridge01
5,2.00206747676124,0.2,0.02,central,0.44631468716103234,4288,bridge01
5,2.00206747676124,0.2,0.02,savgol_w7p3,0.22441329153547182,4288,bridge01
5,2.00206747676124,0.2,0.02,smoothing_spline_default,0.5004459814866847,4288,bridge01
5,2.00206747676124,0.2,0.02,smoothing_spline_tuned,0.37078353320366864,4288,bridge01
5,2.00206747676124,0.2,0.02,family_a_W5,0.17432786261381034,4288,bridge01
5,2.00206747676124,0.2,0.02,family_a_W7,0.14706508708096208,4288,bridge01
5,2.0,0.5,0.0,central,0.7553429385628857,4288,bridge01
5,2.0,0.5,0.0,savgol_w7p3,0.5418789041123185,4288,bridge01
5,2.0,0.5,0.0,smoothing_spline_default,0.4703772563347073,4288,bridge01
5,2.0,0.5,0.0,smoothing_spline_tuned,0.22025388649156052,4288,bridge01
5,2.0,0.5,0.0,family_a_W5,0.26856510984619514,4288,bridge01
5,2.0,0.5,0.0,family_a_W7,0.19298439174649348,4288,bridge01
5,1.999756658225008,0.5,0.005,central,0.759806363688627,4288,bridge01
5,1.999756658225008,0.5,0.005,savgol_w7p3,0.5406620801931018,4288,bridge01
5,1.999756658225008,0.5,0.005,smoothing_spline_default,0.4774551910240715,4288,bridge01
5,1.999756658225008,0.5,0.005,smoothing_spline_tuned,0.24862009276885186,4288,bridge01
5,1.999756658225008,0.5,0.005,family_a_W5,0.27111260731331727,4288,bridge01
5,1.999756658225008,0.5,0.005,family_a_W7,0.19677256620137387,4288,bridge01
5,2.000006708937457,0.5,0.02,central,0.8479655925510866,4288,bridge01
5,2.000006708937457,0.5,0.02,savgol_w7p3,0.5520453041169912,4288,bridge01
5,2.000006708937457,0.5,0.02,smoothing_spline_default,0.4714001965305972,4288,bridge01
5,2.000006708937457,0.5,0.02,smoothing_spline_tuned,0.2309213547483881,4288,bridge01
5,2.000006708937457,0.5,0.02,family_a_W5,0.29303931418164036,4288,bridge01
5,2.000006708937457,0.5,0.02,family_a_W7,0.20761139874932888,4288,bridge01
10,1.000003840014836,0.0,0.0,central,0.08082878416536583,2144,bridge01
10,1.000003840014836,0.0,0.0,savgol_w7p3,0.09689996094557127,2144,bridge01
10,1.000003840014836,0.0,0.0,smoothing_spline_default,0.5078961509822083,2144,bridge01
10,1.000003840014836,0.0,0.0,smoothing_spline_tuned,0.1812626070572104,2144,bridge01
10,1.000003840014836,0.0,0.0,family_a_W5,0.18910564353633502,2144,bridge01
10,1.000003840014836,0.0,0.0,family_a_W7,0.2880392969303942,2144,bridge01
10,0.999933193541266,0.0,0.005,central,0.0930401407057019,2144,bridge01
10,0.999933193541266,0.0,0.005,savgol_w7p3,0.09703473397498752,2144,bridge01
10,0.999933193541266,0.0,0.005,smoothing_spline_default,0.515582644726076,2144,bridge01
10,0.999933193541266,0.0,0.005,smoothing_spline_tuned,0.18088952122165092,2144,bridge01
10,0.999933193541266,0.0,0.005,family_a_W5,0.18971621211430442,2144,bridge01
10,0.999933193541266,0.0,0.005,family_a_W7,0.2880492759842573,2144,bridge01
10,1.0002512053554713,0.0,0.02,central,0.19506465135890882,2144,bridge01
10,1.0002512053554713,0.0,0.02,savgol_w7p3,0.0970930518030559,2144,bridge01
10,1.0002512053554713,0.0,0.02,smoothing_spline_default,0.5102930569686421,2144,bridge01
10,1.0002512053554713,0.0,0.02,smoothing_spline_tuned,0.20608555795285227,2144,bridge01
10,1.0002512053554713,0.0,0.02,family_a_W5,0.1994701511663086,2144,bridge01
10,1.0002512053554713,0.0,0.02,family_a_W7,0.29087908145804364,2144,bridge01
10,1.000003840014836,0.05,0.0,central,0.08890043709132461,2144,bridge01
10,1.000003840014836,0.05,0.0,savgol_w7p3,0.10079825127534091,2144,bridge01
10,1.000003840014836,0.05,0.0,smoothing_spline_default,0.5069615105887721,2144,bridge01
10,1.000003840014836,0.05,0.0,smoothing_spline_tuned,0.1880938538441125,2144,bridge01
10,1.000003840014836,0.05,0.0,family_a_W5,0.18946686054253759,2144,bridge01
10,1.000003840014836,0.05,0.0,family_a_W7,0.28793972001240936,2144,bridge01
10,1.0000634089187916,0.05,0.005,central,0.09901896119189046,2144,bridge01
10,1.0000634089187916,0.05,0.005,savgol_w7p3,0.10066977632009547,2144,bridge01
10,1.0000634089187916,0.05,0.005,smoothing_spline_default,0.5128416869387007,2144,bridge01
10,1.0000634089187916,0.05,0.005,smoothing_spline_tuned,0.17965395456072503,2144,bridge01
10,1.0000634089187916,0.05,0.005,family_a_W5,0.1898901728860842,2144,bridge01
10,1.0000634089187916,0.05,0.005,family_a_W7,0.2880694236069211,2144,bridge01
10,1.0000543902768966,0.05,0.02,central,0.18592011355406268,2144,bridge01
10,1.0000543902768966,0.05,0.02,savgol_w7p3,0.0996064051159345,2144,bridge01
10,1.0000543902768966,0.05,0.02,smoothing_spline_default,0.5066704440013381,2144,bridge01
10,1.0000543902768966,0.05,0.02,smoothing_spline_tuned,0.20408060297375774,2144,bridge01
10,1.0000543902768966,0.05,0.02,family_a_W5,0.19578138742127296,2144,bridge01
10,1.0000543902768966,0.05,0.02,family_a_W7,0.28892192848336723,2144,bridge01
10,1.000003840014836,0.2,0.0,central,0.17052181736261432,2144,bridge01
10,1.000003840014836,0.2,0.0,savgol_w7p3,0.1457058170240401,2144,bridge01
10,1.000003840014836,0.2,0.0,smoothing_spline_default,0.4986021095385831,2144,bridge01
10,1.000003840014836,0.2,0.0,smoothing_spline_tuned,0.22556117636042766,2144,bridge01
10,1.000003840014836,0.2,0.0,family_a_W5,0.19656252674150831,2144,bridge01
10,1.000003840014836,0.2,0.0,family_a_W7,0.2888174300913068,2144,bridge01
10,1.0001667430070744,0.2,0.005,central,0.17359404604390344,2144,bridge01
10,1.0001667430070744,0.2,0.005,savgol_w7p3,0.1453077163942002,2144,bridge01
10,1.0001667430070744,0.2,0.005,smoothing_spline_default,0.503996860946168,2144,bridge01
10,1.0001667430070744,0.2,0.005,smoothing_spline_tuned,0.22560952297847203,2144,bridge01
10,1.0001667430070744,0.2,0.005,family_a_W5,0.19623300911306069,2144,bridge01
10,1.0001667430070744,0.2,0.005,family_a_W7,0.2887258337832013,2144,bridge01
10,0.9992660782616223,0.2,0.02,central,0.24823105179889535,2144,bridge01
10,0.9992660782616223,0.2,0.02,savgol_w7p3,0.1444440796737195,2144,bridge01
10,0.9992660782616223,0.2,0.02,smoothing_spline_default,0.502292181222108,2144,bridge01
10,0.9992660782616223,0.2,0.02,smoothing_spline_tuned,0.22176636898013175,2144,bridge01
10,0.9992660782616223,0.2,0.02,family_a_W5,0.2060907676517393,2144,bridge01
10,0.9992660782616223,0.2,0.02,family_a_W7,0.2927651737847287,2144,bridge01
10,1.000003840014836,0.5,0.0,central,0.3794656277071966,2144,bridge01
10,1.000003840014836,0.5,0.0,savgol_w7p3,0.2842615949151319,2144,bridge01
10,1.000003840014836,0.5,0.0,smoothing_spline_default,0.4801565656885253,2144,bridge01
10,1.000003840014836,0.5,0.0,smoothing_spline_tuned,0.30035188035835575,2144,bridge01
10,1.000003840014836,0.5,0.0,family_a_W5,0.23117491624197192,2144,bridge01
10,1.000003840014836,0.5,0.0,family_a_W7,0.2974687008488282,2144,bridge01
10,1.0000974024131246,0.5,0.005,central,0.4037382411429222,2144,bridge01
10,1.0000974024131246,0.5,0.005,savgol_w7p3,0.3055420714244532,2144,bridge01
10,1.0000974024131246,0.5,0.005,smoothing_spline_default,0.49275683686543453,2144,bridge01
10,1.0000974024131246,0.5,0.005,smoothing_spline_tuned,0.29815061168079937,2144,bridge01
10,1.0000974024131246,0.5,0.005,family_a_W5,0.22594632727670128,2144,bridge01
10,1.0000974024131246,0.5,0.005,family_a_W7,0.298460035331519,2144,bridge01
10,1.0003346313665982,0.5,0.02,central,0.42576827042587323,2144,bridge01
10,1.0003346313665982,0.5,0.02,savgol_w7p3,0.28975365251638696,2144,bridge01
10,1.0003346313665982,0.5,0.02,smoothing_spline_default,0.47087238723923147,2144,bridge01
10,1.0003346313665982,0.5,0.02,smoothing_spline_tuned,0.28541387966432513,2144,bridge01
10,1.0003346313665982,0.5,0.02,family_a_W5,0.23293637704924408,2144,bridge01
10,1.0003346313665982,0.5,0.02,family_a_W7,0.29848436596875383,2144,bridge01
1,10.000102401049102,0.0,0.0,central,0.1917315860657094,10810,dcc05
1,10.000102401049102,0.0,0.0,savgol_w7p3,0.1919367821677097,10810,dcc05
1,10.000102401049102,0.0,0.0,smoothing_spline_default,0.5257313929850373,10810,dcc05
1,10.000102401049102,0.0,0.0,smoothing_spline_tuned,0.19766322155432176,10810,dcc05
1,10.000102401049102,0.0,0.0,family_a_W5,0.1874058403540731,10810,dcc05
1,10.000102401049102,0.0,0.0,family_a_W7,0.18398331617957173,10810,dcc05
1,9.998408967884702,0.0,0.005,central,0.28854600807756986,10810,dcc05
1,9.998408967884702,0.0,0.005,savgol_w7p3,0.1919683289702644,10810,dcc05
1,9.998408967884702,0.0,0.005,smoothing_spline_default,0.5248370541077905,10810,dcc05
1,9.998408967884702,0.0,0.005,smoothing_spline_tuned,0.4831200744702365,10810,dcc05
1,9.998408967884702,0.0,0.005,family_a_W5,0.20150694452609025,10810,dcc05
1,9.998408967884702,0.0,0.005,family_a_W7,0.18895422087562008,10810,dcc05
1,10.004600550315738,0.0,0.02,central,0.9471175429502733,10810,dcc05
1,10.004600550315738,0.0,0.02,savgol_w7p3,0.21815081085887794,10810,dcc05
1,10.004600550315738,0.0,0.02,smoothing_spline_default,0.5271804694453941,10810,dcc05
1,10.004600550315738,0.0,0.02,smoothing_spline_tuned,142.5748519926637,10810,dcc05
1,10.004600550315738,0.0,0.02,family_a_W5,0.3442505174029717,10810,dcc05
1,10.004600550315738,0.0,0.02,family_a_W7,0.25908284018707234,10810,dcc05
1,10.000102401049102,0.05,0.0,central,0.445856176094061,10810,dcc05
1,10.000102401049102,0.05,0.0,savgol_w7p3,0.347482382161871,10810,dcc05
1,10.000102401049102,0.05,0.0,smoothing_spline_default,0.5245601816509076,10810,dcc05
1,10.000102401049102,0.05,0.0,smoothing_spline_tuned,0.18833698190823403,10810,dcc05
1,10.000102401049102,0.05,0.0,family_a_W5,0.23362505882133802,10810,dcc05
1,10.000102401049102,0.05,0.0,family_a_W7,0.20341038340797385,10810,dcc05
1,10.000418948478186,0.05,0.005,central,0.4898121794240943,10810,dcc05
1,10.000418948478186,0.05,0.005,savgol_w7p3,0.34691396698321697,10810,dcc05
1,10.000418948478186,0.05,0.005,smoothing_spline_default,0.525442902918809,10810,dcc05
1,10.000418948478186,0.05,0.005,smoothing_spline_tuned,0.21081604172626464,10810,dcc05
1,10.000418948478186,0.05,0.005,family_a_W5,0.24394661958908814,10810,dcc05
1,10.000418948478186,0.05,0.005,family_a_W7,0.20796961815271756,10810,dcc05
1,10.026740357137436,0.05,0.02,central,1.057805067697694,10810,dcc05
1,10.026740357137436,0.05,0.02,savgol_w7p3,0.3542964221683766,10810,dcc05
1,10.026740357137436,0.05,0.02,smoothing_spline_default,0.5280353289170369,10810,dcc05
1,10.026740357137436,0.05,0.02,smoothing_spline_tuned,2.298169007678259,10810,dcc05
1,10.026740357137436,0.05,0.02,family_a_W5,0.3776152711426881,10810,dcc05
1,10.026740357137436,0.05,0.02,family_a_W7,0.272795790417278,10810,dcc05
1,10.000102401049102,0.2,0.0,central,1.6230858556049659,10810,dcc05
1,10.000102401049102,0.2,0.0,savgol_w7p3,1.1809462397759414,10810,dcc05
1,10.000102401049102,0.2,0.0,smoothing_spline_default,0.5054776950495583,10810,dcc05
1,10.000102401049102,0.2,0.0,smoothing_spline_tuned,0.17604482682132566,10810,dcc05
1,10.000102401049102,0.2,0.0,family_a_W5,0.5874224425217976,10810,dcc05
1,10.000102401049102,0.2,0.0,family_a_W7,0.3904661731056336,10810,dcc05
1,10.000503320063805,0.2,0.005,central,1.6261818518245803,10810,dcc05
1,10.000503320063805,0.2,0.005,savgol_w7p3,1.1746244988811962,10810,dcc05
1,10.000503320063805,0.2,0.005,smoothing_spline_default,0.5168401227892463,10810,dcc05
1,10.000503320063805,0.2,0.005,smoothing_spline_tuned,0.17097245166138575,10810,dcc05
1,10.000503320063805,0.2,0.005,family_a_W5,0.585506779639735,10810,dcc05
1,10.000503320063805,0.2,0.005,family_a_W7,0.3937554021140412,10810,dcc05
1,10.017733530891636,0.2,0.02,central,1.9377538611396197,10810,dcc05
1,10.017733530891636,0.2,0.02,savgol_w7p3,1.1757035949638959,10810,dcc05
1,10.017733530891636,0.2,0.02,smoothing_spline_default,0.5194247352133553,10810,dcc05
1,10.017733530891636,0.2,0.02,smoothing_spline_tuned,0.3520258824179021,10810,dcc05
1,10.017733530891636,0.2,0.02,family_a_W5,0.6583804897071399,10810,dcc05
1,10.017733530891636,0.2,0.02,family_a_W7,0.43069253240601135,10810,dcc05
1,10.000102401049102,0.5,0.0,central,3.9326121706859967,10810,dcc05
1,10.000102401049102,0.5,0.0,savgol_w7p3,2.8664337355190597,10810,dcc05
1,10.000102401049102,0.5,0.0,smoothing_spline_default,0.47665016061575494,10810,dcc05
1,10.000102401049102,0.5,0.0,smoothing_spline_tuned,0.1906269034595422,10810,dcc05
1,10.000102401049102,0.5,0.0,family_a_W5,1.3962514480465154,10810,dcc05
1,10.000102401049102,0.5,0.0,family_a_W7,0.8772510061716171,10810,dcc05
1,9.994952611625289,0.5,0.005,central,3.9506094735964465,10810,dcc05
1,9.994952611625289,0.5,0.005,savgol_w7p3,2.8747584904107732,10810,dcc05
1,9.994952611625289,0.5,0.005,smoothing_spline_default,0.4752718827150227,10810,dcc05
1,9.994952611625289,0.5,0.005,smoothing_spline_tuned,0.17862569003333692,10810,dcc05
1,9.994952611625289,0.5,0.005,family_a_W5,1.408370973532014,10810,dcc05
1,9.994952611625289,0.5,0.005,family_a_W7,0.8717651509404435,10810,dcc05
1,9.992996007138514,0.5,0.02,central,4.200185465849984,10810,dcc05
1,9.992996007138514,0.5,0.02,savgol_w7p3,2.8939009099942745,10810,dcc05
1,9.992996007138514,0.5,0.02,smoothing_spline_default,0.4818836310867099,10810,dcc05
1,9.992996007138514,0.5,0.02,smoothing_spline_tuned,0.1839002650920605,10810,dcc05
1,9.992996007138514,0.5,0.02,family_a_W5,1.439311012891401,10810,dcc05
1,9.992996007138514,0.5,0.02,family_a_W7,0.8991563145532091,10810,dcc05
2,5.000035200248164,0.0,0.0,central,0.18471873924423943,5405,dcc05
2,5.000035200248164,0.0,0.0,savgol_w7p3,0.18643256694387556,5405,dcc05
2,5.000035200248164,0.0,0.0,smoothing_spline_default,0.5235731430078194,5405,dcc05
2,5.000035200248164,0.0,0.0,smoothing_spline_tuned,0.1930012890448551,5405,dcc05
2,5.000035200248164,0.0,0.0,family_a_W5,0.17649552024774434,5405,dcc05
2,5.000035200248164,0.0,0.0,family_a_W7,0.16248359168821722,5405,dcc05
2,5.000242702680185,0.0,0.005,central,0.21512006970908296,5405,dcc05
2,5.000242702680185,0.0,0.005,savgol_w7p3,0.18646521033117708,5405,dcc05
2,5.000242702680185,0.0,0.005,smoothing_spline_default,0.5213412888451265,5405,dcc05
2,5.000242702680185,0.0,0.005,smoothing_spline_tuned,0.28748619283136373,5405,dcc05
2,5.000242702680185,0.0,0.005,family_a_W5,0.18049190239055726,5405,dcc05
2,5.000242702680185,0.0,0.005,family_a_W7,0.16433356105517444,5405,dcc05
2,4.984267391394349,0.0,0.02,central,0.4821788197328525,5405,dcc05
2,4.984267391394349,0.0,0.02,savgol_w7p3,0.18695643126888276,5405,dcc05
2,4.984267391394349,0.0,0.02,smoothing_spline_default,0.5223739104126731,5405,dcc05
2,4.984267391394349,0.0,0.02,smoothing_spline_tuned,1.085718886420033,5405,dcc05
2,4.984267391394349,0.0,0.02,family_a_W5,0.22966499945399615,5405,dcc05
2,4.984267391394349,0.0,0.02,family_a_W7,0.1867409495273605,5405,dcc05
2,5.000035200248164,0.05,0.0,central,0.27395327019797827,5405,dcc05
2,5.000035200248164,0.05,0.0,savgol_w7p3,0.23781623340623825,5405,dcc05
2,5.000035200248164,0.05,0.0,smoothing_spline_default,0.5174083944312352,5405,dcc05
2,5.000035200248164,0.05,0.0,smoothing_spline_tuned,0.18845449303177125,5405,dcc05
2,5.000035200248164,0.05,0.0,family_a_W5,0.1900533095800306,5405,dcc05
2,5.000035200248164,0.05,0.0,family_a_W7,0.16862650341352395,5405,dcc05
2,5.001950417034865,0.05,0.005,central,0.29201241694382296,5405,dcc05
2,5.001950417034865,0.05,0.005,savgol_w7p3,0.23665811590208177,5405,dcc05
2,5.001950417034865,0.05,0.005,smoothing_spline_default,0.4909388841139763,5405,dcc05
2,5.001950417034865,0.05,0.005,smoothing_spline_tuned,0.1879897200533549,5405,dcc05
2,5.001950417034865,0.05,0.005,family_a_W5,0.19253911148715006,5405,dcc05
2,5.001950417034865,0.05,0.005,family_a_W7,0.1692528501997508,5405,dcc05
2,5.006754433695112,0.05,0.02,central,0.508013747038092,5405,dcc05
2,5.006754433695112,0.05,0.02,savgol_w7p3,0.2328572472654982,5405,dcc05
2,5.006754433695112,0.05,0.02,smoothing_spline_default,0.5168641261868678,5405,dcc05
2,5.006754433695112,0.05,0.02,smoothing_spline_tuned,0.8020049795385683,5405,dcc05
2,5.006754433695112,0.05,0.02,family_a_W5,0.23742157849986928,5405,dcc05
2,5.006754433695112,0.05,0.02,family_a_W7,0.1879405656486304,5405,dcc05
2,5.000035200248164,0.2,0.0,central,0.8031734518812973,5405,dcc05
2,5.000035200248164,0.2,0.0,savgol_w7p3,0.6006805233067241,5405,dcc05
2,5.000035200248164,0.2,0.0,smoothing_spline_default,0.517092387324203,5405,dcc05
2,5.000035200248164,0.2,0.0,smoothing_spline_tuned,0.178739717533637,5405,dcc05
2,5.000035200248164,0.2,0.0,family_a_W5,0.3301403969081909,5405,dcc05
2,5.000035200248164,0.2,0.0,family_a_W7,0.23747197622322758,5405,dcc05
2,5.002563489629613,0.2,0.005,central,0.8337060197960227,5405,dcc05
2,5.002563489629613,0.2,0.005,savgol_w7p3,0.6151752897721031,5405,dcc05
2,5.002563489629613,0.2,0.005,smoothing_spline_default,0.5118846200379763,5405,dcc05
2,5.002563489629613,0.2,0.005,smoothing_spline_tuned,0.17835137846192767,5405,dcc05
2,5.002563489629613,0.2,0.005,family_a_W5,0.32860865732803823,5405,dcc05
2,5.002563489629613,0.2,0.005,family_a_W7,0.23482687948323613,5405,dcc05
2,5.002355346122102,0.2,0.02,central,0.946303073921765,5405,dcc05
2,5.002355346122102,0.2,0.02,savgol_w7p3,0.6230029123277392,5405,dcc05
2,5.002355346122102,0.2,0.02,smoothing_spline_default,0.5204279485916598,5405,dcc05
2,5.002355346122102,0.2,0.02,smoothing_spline_tuned,0.23288189165299594,5405,dcc05
2,5.002355346122102,0.2,0.02,family_a_W5,0.36644836119035934,5405,dcc05
2,5.002355346122102,0.2,0.02,family_a_W7,0.2536317778096555,5405,dcc05
2,5.000035200248164,0.5,0.0,central,1.996462837539518,5405,dcc05
2,5.000035200248164,0.5,0.0,savgol_w7p3,1.4578775509737079,5405,dcc05
2,5.000035200248164,0.5,0.0,smoothing_spline_default,0.48368438895104,5405,dcc05
2,5.000035200248164,0.5,0.0,smoothing_spline_tuned,0.21400773901602277,5405,dcc05
2,5.000035200248164,0.5,0.0,family_a_W5,0.7137409949873338,5405,dcc05
2,5.000035200248164,0.5,0.0,family_a_W7,0.457055934041088,5405,dcc05
2,5.001847580143325,0.5,0.005,central,2.004806382135221,5405,dcc05
2,5.001847580143325,0.5,0.005,savgol_w7p3,1.4696195698048322,5405,dcc05
2,5.001847580143325,0.5,0.005,smoothing_spline_default,0.4674316005897501,5405,dcc05
2,5.001847580143325,0.5,0.005,smoothing_spline_tuned,0.199456211366113,5405,dcc05
2,5.001847580143325,0.5,0.005,family_a_W5,0.7265743463362196,5405,dcc05
2,5.001847580143325,0.5,0.005,family_a_W7,0.46332541250028136,5405,dcc05
2,5.007276391904273,0.5,0.02,central,2.0353362069739345,5405,dcc05
2,5.007276391904273,0.5,0.02,savgol_w7p3,1.4184366389467844,5405,dcc05
2,5.007276391904273,0.5,0.02,smoothing_spline_default,0.46545043314174633,5405,dcc05
2,5.007276391904273,0.5,0.02,smoothing_spline_tuned,0.19836724000660777,5405,dcc05
2,5.007276391904273,0.5,0.02,family_a_W5,0.711082623007858,5405,dcc05
2,5.007276391904273,0.5,0.02,family_a_W7,0.45890906860398945,5405,dcc05
5,2.0,0.0,0.0,central,0.16239749110592203,2162,dcc05
5,2.0,0.0,0.0,savgol_w7p3,0.15660697674624824,2162,dcc05
5,2.0,0.0,0.0,smoothing_spline_default,0.5066014437103862,2162,dcc05
5,2.0,0.0,0.0,smoothing_spline_tuned,0.18135042441402432,2162,dcc05
5,2.0,0.0,0.0,family_a_W5,0.14339853452971224,2162,dcc05
5,2.0,0.0,0.0,family_a_W7,0.15883783730772422,2162,dcc05
5,2.0000124404176383,0.0,0.005,central,0.1674959228322881,2162,dcc05
5,2.0000124404176383,0.0,0.005,savgol_w7p3,0.1566224683844592,2162,dcc05
5,2.0000124404176383,0.0,0.005,smoothing_spline_default,0.5064868054046983,2162,dcc05
5,2.0000124404176383,0.0,0.005,smoothing_spline_tuned,0.1906535402340462,2162,dcc05
5,2.0000124404176383,0.0,0.005,family_a_W5,0.14413112611278048,2162,dcc05
5,2.0000124404176383,0.0,0.005,family_a_W7,0.15910044754884164,2162,dcc05
5,1.999099388660177,0.0,0.02,central,0.23832444629409996,2162,dcc05
5,1.999099388660177,0.0,0.02,savgol_w7p3,0.1575922586377731,2162,dcc05
5,1.999099388660177,0.0,0.02,smoothing_spline_default,0.5061648382775427,2162,dcc05
5,1.999099388660177,0.0,0.02,smoothing_spline_tuned,0.3752238706194251,2162,dcc05
5,1.999099388660177,0.0,0.02,family_a_W5,0.1577800583756504,2162,dcc05
5,1.999099388660177,0.0,0.02,family_a_W7,0.16586581758056254,2162,dcc05
5,2.0,0.05,0.0,central,0.18004618089993146,2162,dcc05
5,2.0,0.05,0.0,savgol_w7p3,0.16430542309557547,2162,dcc05
5,2.0,0.05,0.0,smoothing_spline_default,0.5061415808708771,2162,dcc05
5,2.0,0.05,0.0,smoothing_spline_tuned,0.1708027929150876,2162,dcc05
5,2.0,0.05,0.0,family_a_W5,0.14468476007886272,2162,dcc05
5,2.0,0.05,0.0,family_a_W7,0.1584534922195898,2162,dcc05
5,2.0000412558180765,0.05,0.005,central,0.18783577444302227,2162,dcc05
5,2.0000412558180765,0.05,0.005,savgol_w7p3,0.1670002951484171,2162,dcc05
5,2.0000412558180765,0.05,0.005,smoothing_spline_default,0.5065220881662138,2162,dcc05
5,2.0000412558180765,0.05,0.005,smoothing_spline_tuned,0.17976885598481443,2162,dcc05
5,2.0000412558180765,0.05,0.005,family_a_W5,0.1460088756034548,2162,dcc05
5,2.0000412558180765,0.05,0.005,family_a_W7,0.15895297453720023,2162,dcc05
5,1.9997907917989042,0.05,0.02,central,0.2532461868566722,2162,dcc05
5,1.9997907917989042,0.05,0.02,savgol_w7p3,0.16752646458555356,2162,dcc05
5,1.9997907917989042,0.05,0.02,smoothing_spline_default,0.5065822450332027,2162,dcc05
5,1.9997907917989042,0.05,0.02,smoothing_spline_tuned,0.3097318007955448,2162,dcc05
5,1.9997907917989042,0.05,0.02,family_a_W5,0.1561676542658879,2162,dcc05
5,1.9997907917989042,0.05,0.02,family_a_W7,0.16381793068898548,2162,dcc05
5,2.0,0.2,0.0,central,0.3587302455987656,2162,dcc05
5,2.0,0.2,0.0,savgol_w7p3,0.27934775686461283,2162,dcc05
5,2.0,0.2,0.0,smoothing_spline_default,0.49632843369477014,2162,dcc05
5,2.0,0.2,0.0,smoothing_spline_tuned,0.17991350366467299,2162,dcc05
5,2.0,0.2,0.0,family_a_W5,0.17854745028816013,2162,dcc05
5,2.0,0.2,0.0,family_a_W7,0.17264596829441023,2162,dcc05
5,2.0010041181384612,0.2,0.005,central,0.3611804465551257,2162,dcc05
5,2.0010041181384612,0.2,0.005,savgol_w7p3,0.2788011475588893,2162,dcc05
5,2.0010041181384612,0.2,0.005,smoothing_spline_default,0.4900219925127757,2162,dcc05
5,2.0010041181384612,0.2,0.005,smoothing_spline_tuned,0.17398924796545268,2162,dcc05
5,2.0010041181384612,0.2,0.005,family_a_W5,0.18085192714037326,2162,dcc05
5,2.0010041181384612,0.2,0.005,family_a_W7,0.17305247958924272,2162,dcc05
5,2.0009452965339403,0.2,0.02,central,0.3912236756473953,2162,dcc05
5,2.0009452965339403,0.2,0.02,savgol_w7p3,0.272583094799851,2162,dcc05
5,2.0009452965339403,0.2,0.02,smoothing_spline_default,0.4949591927502314,2162,dcc05
5,2.0009452965339403,0.2,0.02,smoothing_spline_tuned,0.18179149882178997,2162,dcc05
5,2.0009452965339403,0.2,0.02,family_a_W5,0.18554601233386409,2162,dcc05
5,2.0009452965339403,0.2,0.02,family_a_W7,0.17501420864666278,2162,dcc05
5,2.0,0.5,0.0,central,0.8155855026097352,2162,dcc05
5,2.0,0.5,0.0,savgol_w7p3,0.5947993552728232,2162,dcc05
5,2.0,0.5,0.0,smoothing_spline_default,0.49382714846501224,2162,dcc05
5,2.0,0.5,0.0,smoothing_spline_tuned,0.2559020569043589,2162,dcc05
5,2.0,0.5,0.0,family_a_W5,0.3027915488651281,2162,dcc05
5,2.0,0.5,0.0,family_a_W7,0.23045944432798493,2162,dcc05
5,1.999774570663569,0.5,0.005,central,0.8067343025887631,2162,dcc05
5,1.999774570663569,0.5,0.005,savgol_w7p3,0.5860597090065945,2162,dcc05
5,1.999774570663569,0.5,0.005,smoothing_spline_default,0.47302197948493013,2162,dcc05
5,1.999774570663569,0.5,0.005,smoothing_spline_tuned,0.2623984485213274,2162,dcc05
5,1.999774570663569,0.5,0.005,family_a_W5,0.3070230405675816,2162,dcc05
5,1.999774570663569,0.5,0.005,family_a_W7,0.23200425177055395,2162,dcc05
5,1.9981862661852232,0.5,0.02,central,0.8284292047405857,2162,dcc05
5,1.9981862661852232,0.5,0.02,savgol_w7p3,0.608700618635577,2162,dcc05
5,1.9981862661852232,0.5,0.02,smoothing_spline_default,0.47789736065587013,2162,dcc05
5,1.9981862661852232,0.5,0.02,smoothing_spline_tuned,0.2206824096383826,2162,dcc05
5,1.9981862661852232,0.5,0.02,family_a_W5,0.31615383268940883,2162,dcc05
5,1.9981862661852232,0.5,0.02,family_a_W7,0.232345771631737,2162,dcc05
10,1.0000062720393599,0.0,0.0,central,0.14965673801340787,1081,dcc05
10,1.0000062720393599,0.0,0.0,savgol_w7p3,0.15058324301916484,1081,dcc05
10,1.0000062720393599,0.0,0.0,smoothing_spline_default,0.5123776439717281,1081,dcc05
10,1.0000062720393599,0.0,0.0,smoothing_spline_tuned,0.17132576832884763,1081,dcc05
10,1.0000062720393599,0.0,0.0,family_a_W5,0.2112496235319545,1081,dcc05
10,1.0000062720393599,0.0,0.0,family_a_W7,0.2885576218435209,1081,dcc05
10,1.0000436069291945,0.0,0.005,central,0.15054453806775378,1081,dcc05
10,1.0000436069291945,0.0,0.005,savgol_w7p3,0.150625659406626,1081,dcc05
10,1.0000436069291945,0.0,0.005,smoothing_spline_default,0.5190365683715944,1081,dcc05
10,1.0000436069291945,0.0,0.005,smoothing_spline_tuned,0.17768729685023746,1081,dcc05
10,1.0000436069291945,0.0,0.005,family_a_W5,0.21139168074128473,1081,dcc05
10,1.0000436069291945,0.0,0.005,family_a_W7,0.28857287268327875,1081,dcc05
10,0.999619412870621,0.0,0.02,central,0.17384138981940647,1081,dcc05
10,0.999619412870621,0.0,0.02,savgol_w7p3,0.1511171990252601,1081,dcc05
10,0.999619412870621,0.0,0.02,smoothing_spline_default,0.5181121760152568,1081,dcc05
10,0.999619412870621,0.0,0.02,smoothing_spline_tuned,0.2184429428019278,1081,dcc05
10,0.999619412870621,0.0,0.02,family_a_W5,0.2134212955663318,1081,dcc05
10,0.999619412870621,0.0,0.02,family_a_W7,0.28974450274843055,1081,dcc05
10,1.0000062720393599,0.05,0.0,central,0.15575112707493088,1081,dcc05
10,1.0000062720393599,0.05,0.0,savgol_w7p3,0.1541050872944754,1081,dcc05
10,1.0000062720393599,0.05,0.0,smoothing_spline_default,0.5126733376560842,1081,dcc05
10,1.0000062720393599,0.05,0.0,smoothing_spline_tuned,0.1830446893638567,1081,dcc05
10,1.0000062720393599,0.05,0.0,family_a_W5,0.21217120673524748,1081,dcc05
10,1.0000062720393599,0.05,0.0,family_a_W7,0.288988401492848,1081,dcc05
10,1.0001371390187512,0.05,0.005,central,0.15560413178050447,1081,dcc05
10,1.0001371390187512,0.05,0.005,savgol_w7p3,0.15231583343286764,1081,dcc05
10,1.0001371390187512,0.05,0.005,smoothing_spline_default,0.5116728616634574,1081,dcc05
10,1.0001371390187512,0.05,0.005,smoothing_spline_tuned,0.18184476521709095,1081,dcc05
10,1.0001371390187512,0.05,0.005,family_a_W5,0.21108348007280478,1081,dcc05
10,1.0001371390187512,0.05,0.005,family_a_W7,0.2877221954183987,1081,dcc05
10,0.9998888508915066,0.05,0.02,central,0.17754525045678435,1081,dcc05
10,0.9998888508915066,0.05,0.02,savgol_w7p3,0.1531745533029859,1081,dcc05
10,0.9998888508915066,0.05,0.02,smoothing_spline_default,0.511518601264765,1081,dcc05
10,0.9998888508915066,0.05,0.02,smoothing_spline_tuned,0.18196398205147152,1081,dcc05
10,0.9998888508915066,0.05,0.02,family_a_W5,0.2124518866468795,1081,dcc05
10,0.9998888508915066,0.05,0.02,family_a_W7,0.2883552706050557,1081,dcc05
10,1.0000062720393599,0.2,0.0,central,0.2205486214109865,1081,dcc05
10,1.0000062720393599,0.2,0.0,savgol_w7p3,0.1888717559830131,1081,dcc05
10,1.0000062720393599,0.2,0.0,smoothing_spline_default,0.5114496649456849,1081,dcc05
10,1.0000062720393599,0.2,0.0,smoothing_spline_tuned,0.21067647277269655,1081,dcc05
10,1.0000062720393599,0.2,0.0,family_a_W5,0.2171433564387242,1081,dcc05
10,1.0000062720393599,0.2,0.0,family_a_W7,0.28913915067768775,1081,dcc05
10,0.9998808518947839,0.2,0.005,central,0.21898026274560414,1081,dcc05
10,0.9998808518947839,0.2,0.005,savgol_w7p3,0.18846626462430716,1081,dcc05
10,0.9998808518947839,0.2,0.005,smoothing_spline_default,0.5004188402644383,1081,dcc05
10,0.9998808518947839,0.2,0.005,smoothing_spline_tuned,0.21533413950040547,1081,dcc05
10,0.9998808518947839,0.2,0.005,family_a_W5,0.21663311411117167,1081,dcc05
10,0.9998808518947839,0.2,0.005,family_a_W7,0.2912625172994316,1081,dcc05
10,0.9999782457058854,0.2,0.02,central,0.22851878107604728,1081,dcc05
10,0.9999782457058854,0.2,0.02,savgol_w7p3,0.189328962256174,1081,dcc05
10,0.9999782457058854,0.2,0.02,smoothing_spline_default,0.5180048838697608,1081,dcc05
10,0.9999782457058854,0.2,0.02,smoothing_spline_tuned,0.21218830406436442,1081,dcc05
10,0.9999782457058854,0.2,0.02,family_a_W5,0.21798024880218003,1081,dcc05
10,0.9999782457058854,0.2,0.02,family_a_W7,0.28813916058240097,1081,dcc05
10,1.0000062720393599,0.5,0.0,central,0.4243117374708576,1081,dcc05
10,1.0000062720393599,0.5,0.0,savgol_w7p3,0.32335724457044224,1081,dcc05
10,1.0000062720393599,0.5,0.0,smoothing_spline_default,0.47283866823003495,1081,dcc05
10,1.0000062720393599,0.5,0.0,smoothing_spline_tuned,0.29814908807690554,1081,dcc05
10,1.0000062720393599,0.5,0.0,family_a_W5,0.24668398823676269,1081,dcc05
10,1.0000062720393599,0.5,0.0,family_a_W7,0.29700502619685165,1081,dcc05
10,1.0001705473228053,0.5,0.005,central,0.4360123766699519,1081,dcc05
10,1.0001705473228053,0.5,0.005,savgol_w7p3,0.33965626441938324,1081,dcc05
10,1.0001705473228053,0.5,0.005,smoothing_spline_default,0.47578408872429945,1081,dcc05
10,1.0001705473228053,0.5,0.005,smoothing_spline_tuned,0.2696556011101012,1081,dcc05
10,1.0001705473228053,0.5,0.005,family_a_W5,0.24650867533332488,1081,dcc05
10,1.0001705473228053,0.5,0.005,family_a_W7,0.2965710122651931,1081,dcc05
10,0.9995459244165591,0.5,0.02,central,0.43268755951880117,1081,dcc05
10,0.9995459244165591,0.5,0.02,savgol_w7p3,0.3322872573027448,1081,dcc05
10,0.9995459244165591,0.5,0.02,smoothing_spline_default,0.46820572790504883,1081,dcc05
10,0.9995459244165591,0.5,0.02,smoothing_spline_tuned,0.2876366748684754,1081,dcc05
10,0.9995459244165591,0.5,0.02,family_a_W5,0.25978424618393925,1081,dcc05
10,0.9995459244165591,0.5,0.02,family_a_W7,0.3003863549991803,1081,dcc05
1,10.00010240106047,0.0,0.0,central,0.0284781938100593,12477,kaist05
1,10.00010240106047,0.0,0.0,savgol_w7p3,0.02605303042292329,12477,kaist05
1,10.00010240106047,0.0,0.0,smoothing_spline_default,0.5917855975002793,12477,kaist05
1,10.00010240106047,0.0,0.0,smoothing_spline_tuned,0.025863561776061673,12477,kaist05
1,10.00010240106047,0.0,0.0,family_a_W5,0.024181498123726806,12477,kaist05
1,10.00010240106047,0.0,0.0,family_a_W7,0.03285941984788392,12477,kaist05
1,10.005146337968394,0.0,0.005,central,0.20722651284745358,12477,kaist05
1,10.005146337968394,0.0,0.005,savgol_w7p3,0.026288845088277037,12477,kaist05
1,10.005146337968394,0.0,0.005,smoothing_spline_default,0.5916169750406617,12477,kaist05
1,10.005146337968394,0.0,0.005,smoothing_spline_tuned,0.4102545647476989,12477,kaist05
1,10.005146337968394,0.0,0.005,family_a_W5,0.07627410879802082,12477,kaist05
1,10.005146337968394,0.0,0.005,family_a_W7,0.055197517426856545,12477,kaist05
1,9.996456324036789,0.0,0.02,central,0.9164018082305189,12477,kaist05
1,9.996456324036789,0.0,0.02,savgol_w7p3,0.06117028800031257,12477,kaist05
1,9.996456324036789,0.0,0.02,smoothing_spline_default,0.5884543732236857,12477,kaist05
1,9.996456324036789,0.0,0.02,smoothing_spline_tuned,7.00532349649523,12477,kaist05
1,9.996456324036789,0.0,0.02,family_a_W5,0.28650214792023454,12477,kaist05
1,9.996456324036789,0.0,0.02,family_a_W7,0.1804022639867728,12477,kaist05
1,10.00010240106047,0.05,0.0,central,0.3613959881305605,12477,kaist05
1,10.00010240106047,0.05,0.0,savgol_w7p3,0.25950070022851524,12477,kaist05
1,10.00010240106047,0.05,0.0,smoothing_spline_default,0.5889107737805698,12477,kaist05
1,10.00010240106047,0.05,0.0,smoothing_spline_tuned,0.0655284805787193,12477,kaist05
1,10.00010240106047,0.05,0.0,family_a_W5,0.12587193034971692,12477,kaist05
1,10.00010240106047,0.05,0.0,family_a_W7,0.08256391075044084,12477,kaist05
1,10.001155979243265,0.05,0.005,central,0.41460806419716373,12477,kaist05
1,10.001155979243265,0.05,0.005,savgol_w7p3,0.2575359327448421,12477,kaist05
1,10.001155979243265,0.05,0.005,smoothing_spline_default,0.5890855807772234,12477,kaist05
1,10.001155979243265,0.05,0.005,smoothing_spline_tuned,0.07378841856906973,12477,kaist05
1,10.001155979243265,0.05,0.005,family_a_W5,0.14489363382622883,12477,kaist05
1,10.001155979243265,0.05,0.005,family_a_W7,0.0955452446040517,12477,kaist05
1,9.996433910773304,0.05,0.02,central,0.9779214510482889,12477,kaist05
1,9.996433910773304,0.05,0.02,savgol_w7p3,0.2658632855281146,12477,kaist05
1,9.996433910773304,0.05,0.02,smoothing_spline_default,0.5789938228662505,12477,kaist05
1,9.996433910773304,0.05,0.02,smoothing_spline_tuned,2.6976258058035953,12477,kaist05
1,9.996433910773304,0.05,0.02,family_a_W5,0.3100519760002958,12477,kaist05
1,9.996433910773304,0.05,0.02,family_a_W7,0.19388944074068085,12477,kaist05
1,10.00010240106047,0.2,0.0,central,1.4111967919404116,12477,kaist05
1,10.00010240106047,0.2,0.0,savgol_w7p3,1.0306649633260563,12477,kaist05
1,10.00010240106047,0.2,0.0,smoothing_spline_default,0.5802149073344779,12477,kaist05
1,10.00010240106047,0.2,0.0,smoothing_spline_tuned,0.12140416075370947,12477,kaist05
1,10.00010240106047,0.2,0.0,family_a_W5,0.49869317750676356,12477,kaist05
1,10.00010240106047,0.2,0.0,family_a_W7,0.3081587212068699,12477,kaist05
1,10.006584319535477,0.2,0.005,central,1.4240436809457757,12477,kaist05
1,10.006584319535477,0.2,0.005,savgol_w7p3,1.0248996982679532,12477,kaist05
1,10.006584319535477,0.2,0.005,smoothing_spline_default,0.5854483478672937,12477,kaist05
1,10.006584319535477,0.2,0.005,smoothing_spline_tuned,0.12322169135672197,12477,kaist05
1,10.006584319535477,0.2,0.005,family_a_W5,0.500141423517732,12477,kaist05
1,10.006584319535477,0.2,0.005,family_a_W7,0.307074410653779,12477,kaist05
1,10.01797629970764,0.2,0.02,central,1.7527444435073802,12477,kaist05
1,10.01797629970764,0.2,0.02,savgol_w7p3,1.03363867638654,12477,kaist05
1,10.01797629970764,0.2,0.02,smoothing_spline_default,0.584702787955376,12477,kaist05
1,10.01797629970764,0.2,0.02,smoothing_spline_tuned,0.21023539601348465,12477,kaist05
1,10.01797629970764,0.2,0.02,family_a_W5,0.5691630368104597,12477,kaist05
1,10.01797629970764,0.2,0.02,family_a_W7,0.3538249547383208,12477,kaist05
1,10.00010240106047,0.5,0.0,central,3.4283774814572303,12477,kaist05
1,10.00010240106047,0.5,0.0,savgol_w7p3,2.501561006642072,12477,kaist05
1,10.00010240106047,0.5,0.0,smoothing_spline_default,0.5501917822382588,12477,kaist05
1,10.00010240106047,0.5,0.0,smoothing_spline_tuned,0.17237352322905886,12477,kaist05
1,10.00010240106047,0.5,0.0,family_a_W5,1.2122223186011276,12477,kaist05
1,10.00010240106047,0.5,0.0,family_a_W7,0.7509144483496463,12477,kaist05
1,9.997875877174543,0.5,0.005,central,3.4343468770963024,12477,kaist05
1,9.997875877174543,0.5,0.005,savgol_w7p3,2.518470620138308,12477,kaist05
1,9.997875877174543,0.5,0.005,smoothing_spline_default,0.5471896547331672,12477,kaist05
1,9.997875877174543,0.5,0.005,smoothing_spline_tuned,0.1727931417542014,12477,kaist05
1,9.997875877174543,0.5,0.005,family_a_W5,1.2396356856301054,12477,kaist05
1,9.997875877174543,0.5,0.005,family_a_W7,0.7687850409588248,12477,kaist05
1,9.978902688075456,0.5,0.02,central,3.71992404332995,12477,kaist05
1,9.978902688075456,0.5,0.02,savgol_w7p3,2.5350380775076173,12477,kaist05
1,9.978902688075456,0.5,0.02,smoothing_spline_default,0.5445974380743019,12477,kaist05
1,9.978902688075456,0.5,0.02,smoothing_spline_tuned,0.18904246799683871,12477,kaist05
1,9.978902688075456,0.5,0.02,family_a_W5,1.261050677370167,12477,kaist05
1,9.978902688075456,0.5,0.02,family_a_W7,0.7840347317797435,12477,kaist05
2,5.000057600663991,0.0,0.0,central,0.025779380360311157,6239,kaist05
2,5.000057600663991,0.0,0.0,savgol_w7p3,0.03180291104677322,6239,kaist05
2,5.000057600663991,0.0,0.0,smoothing_spline_default,0.5860757644161404,6239,kaist05
2,5.000057600663991,0.0,0.0,smoothing_spline_tuned,0.044839966666849564,6239,kaist05
2,5.000057600663991,0.0,0.0,family_a_W5,0.044585843570180785,6239,kaist05
2,5.000057600663991,0.0,0.0,family_a_W7,0.05252765869170388,6239,kaist05
2,5.0008128971787915,0.0,0.005,central,0.10494767798009512,6239,kaist05
2,5.0008128971787915,0.0,0.005,savgol_w7p3,0.03201782832676326,6239,kaist05
2,5.0008128971787915,0.0,0.005,smoothing_spline_default,0.5848879379817553,6239,kaist05
2,5.0008128971787915,0.0,0.005,smoothing_spline_tuned,0.17073582365650788,6239,kaist05
2,5.0008128971787915,0.0,0.005,family_a_W5,0.057136584951406735,6239,kaist05
2,5.0008128971787915,0.0,0.005,family_a_W7,0.05684814808194373,6239,kaist05
2,5.0063939761535154,0.0,0.02,central,0.42530174589106223,6239,kaist05
2,5.0063939761535154,0.0,0.02,savgol_w7p3,0.03400730808289652,6239,kaist05
2,5.0063939761535154,0.0,0.02,smoothing_spline_default,0.5811117934104607,6239,kaist05
2,5.0063939761535154,0.0,0.02,smoothing_spline_tuned,0.9459819578372706,6239,kaist05
2,5.0063939761535154,0.0,0.02,family_a_W5,0.15225769531088354,6239,kaist05
2,5.0063939761535154,0.0,0.02,family_a_W7,0.10424073597922887,6239,kaist05
2,5.000057600663991,0.05,0.0,central,0.17614165856233696,6239,kaist05
2,5.000057600663991,0.05,0.0,savgol_w7p3,0.13063505429266806,6239,kaist05
2,5.000057600663991,0.05,0.0,smoothing_spline_default,0.5847945273248533,6239,kaist05
2,5.000057600663991,0.05,0.0,smoothing_spline_tuned,0.07322029194648014,6239,kaist05
2,5.000057600663991,0.05,0.0,family_a_W5,0.07491045505352376,6239,kaist05
2,5.000057600663991,0.05,0.0,family_a_W7,0.06497146541860678,6239,kaist05
2,4.999524796219487,0.05,0.005,central,0.210173004916304,6239,kaist05
2,4.999524796219487,0.05,0.005,savgol_w7p3,0.13427516290867522,6239,kaist05
2,4.999524796219487,0.05,0.005,smoothing_spline_default,0.580777449915347,6239,kaist05
2,4.999524796219487,0.05,0.005,smoothing_spline_tuned,0.07102957642276962,6239,kaist05
2,4.999524796219487,0.05,0.005,family_a_W5,0.08358802786975103,6239,kaist05
2,4.999524796219487,0.05,0.005,family_a_W7,0.06796311123749195,6239,kaist05
2,4.999201061427734,0.05,0.02,central,0.46970104746345454,6239,kaist05
2,4.999201061427734,0.05,0.02,savgol_w7p3,0.1326844330357682,6239,kaist05
2,4.999201061427734,0.05,0.02,smoothing_spline_default,0.5806409242888358,6239,kaist05
2,4.999201061427734,0.05,0.02,smoothing_spline_tuned,0.6979626863053436,6239,kaist05
2,4.999201061427734,0.05,0.02,family_a_W5,0.16551504906693174,6239,kaist05
2,4.999201061427734,0.05,0.02,family_a_W7,0.11336838343357351,6239,kaist05
2,5.000057600663991,0.2,0.0,central,0.7216493462609721,6239,kaist05
2,5.000057600663991,0.2,0.0,savgol_w7p3,0.5229441727479146,6239,kaist05
2,5.000057600663991,0.2,0.0,smoothing_spline_default,0.5852935075989149,6239,kaist05
2,5.000057600663991,0.2,0.0,smoothing_spline_tuned,0.1485891883338483,6239,kaist05
2,5.000057600663991,0.2,0.0,family_a_W5,0.25408493370377466,6239,kaist05
2,5.000057600663991,0.2,0.0,family_a_W7,0.16195599203189967,6239,kaist05
2,4.997216789817724,0.2,0.005,central,0.7069686541659875,6239,kaist05
2,4.997216789817724,0.2,0.005,savgol_w7p3,0.5003188880973974,6239,kaist05
2,4.997216789817724,0.2,0.005,smoothing_spline_default,0.5777367178209297,6239,kaist05
2,4.997216789817724,0.2,0.005,smoothing_spline_tuned,0.14009440492605424,6239,kaist05
2,4.997216789817724,0.2,0.005,family_a_W5,0.2490336183138073,6239,kaist05
2,4.997216789817724,0.2,0.005,family_a_W7,0.16172150325065804,6239,kaist05
2,5.007499861156694,0.2,0.02,central,0.8455892246983231,6239,kaist05
2,5.007499861156694,0.2,0.02,savgol_w7p3,0.5132612790766778,6239,kaist05
2,5.007499861156694,0.2,0.02,smoothing_spline_default,0.5780078168659372,6239,kaist05
2,5.007499861156694,0.2,0.02,smoothing_spline_tuned,0.1330020600263228,6239,kaist05
2,5.007499861156694,0.2,0.02,family_a_W5,0.2892875048279698,6239,kaist05
2,5.007499861156694,0.2,0.02,family_a_W7,0.18417188116971137,6239,kaist05
2,5.000057600663991,0.5,0.0,central,1.7685925317746887,6239,kaist05
2,5.000057600663991,0.5,0.0,savgol_w7p3,1.3031604978296105,6239,kaist05
2,5.000057600663991,0.5,0.0,smoothing_spline_default,0.5490604938665181,6239,kaist05
2,5.000057600663991,0.5,0.0,smoothing_spline_tuned,0.21111723304325006,6239,kaist05
2,5.000057600663991,0.5,0.0,family_a_W5,0.6242504402331069,6239,kaist05
2,5.000057600663991,0.5,0.0,family_a_W7,0.3838559933638059,6239,kaist05
2,5.002578716670693,0.5,0.005,central,1.7582342061394747,6239,kaist05
2,5.002578716670693,0.5,0.005,savgol_w7p3,1.2692100405596873,6239,kaist05
2,5.002578716670693,0.5,0.005,smoothing_spline_default,0.5481810424590413,6239,kaist05
2,5.002578716670693,0.5,0.005,smoothing_spline_tuned,0.2235406411664895,6239,kaist05
2,5.002578716670693,0.5,0.005,family_a_W5,0.6138170913689499,6239,kaist05
2,5.002578716670693,0.5,0.005,family_a_W7,0.39131827920449835,6239,kaist05
2,4.998835014518962,0.5,0.02,central,1.8325200391917327,6239,kaist05
2,4.998835014518962,0.5,0.02,savgol_w7p3,1.2761183510079719,6239,kaist05
2,4.998835014518962,0.5,0.02,smoothing_spline_default,0.5597502276110228,6239,kaist05
2,4.998835014518962,0.5,0.02,smoothing_spline_tuned,0.2268006840064324,6239,kaist05
2,4.998835014518962,0.5,0.02,family_a_W5,0.6263905569103893,6239,kaist05
2,4.998835014518962,0.5,0.02,family_a_W7,0.3860698243097473,6239,kaist05
5,2.0000286724111462,0.0,0.0,central,0.05248697634950571,2496,kaist05
5,2.0000286724111462,0.0,0.0,savgol_w7p3,0.055314960683244284,2496,kaist05
5,2.0000286724111462,0.0,0.0,smoothing_spline_default,0.5883072001379996,2496,kaist05
5,2.0000286724111462,0.0,0.0,smoothing_spline_tuned,0.09084811193394006,2496,kaist05
5,2.0000286724111462,0.0,0.0,family_a_W5,0.08648627642783577,2496,kaist05
5,2.0000286724111462,0.0,0.0,family_a_W7,0.13503936108143463,2496,kaist05
5,2.0000208337161127,0.0,0.005,central,0.06662979773124017,2496,kaist05
5,2.0000208337161127,0.0,0.005,savgol_w7p3,0.05566004504637927,2496,kaist05
5,2.0000208337161127,0.0,0.005,smoothing_spline_default,0.5877274035556186,2496,kaist05
5,2.0000208337161127,0.0,0.005,smoothing_spline_tuned,0.08730124625168885,2496,kaist05
5,2.0000208337161127,0.0,0.005,family_a_W5,0.08721992022445663,2496,kaist05
5,2.0000208337161127,0.0,0.005,family_a_W7,0.1350334906227314,2496,kaist05
5,1.9979397880109473,0.0,0.02,central,0.1761367016415958,2496,kaist05
5,1.9979397880109473,0.0,0.02,savgol_w7p3,0.05733957253527544,2496,kaist05
5,1.9979397880109473,0.0,0.02,smoothing_spline_default,0.5927547666643452,2496,kaist05
5,1.9979397880109473,0.0,0.02,smoothing_spline_tuned,0.28015394971270347,2496,kaist05
5,1.9979397880109473,0.0,0.02,family_a_W5,0.10432700937831324,2496,kaist05
5,1.9979397880109473,0.0,0.02,family_a_W7,0.14145914797927717,2496,kaist05
5,2.0000286724111462,0.05,0.0,central,0.08860004408308873,2496,kaist05
5,2.0000286724111462,0.05,0.0,savgol_w7p3,0.07508936470090499,2496,kaist05
5,2.0000286724111462,0.05,0.0,smoothing_spline_default,0.5812697319724791,2496,kaist05
5,2.0000286724111462,0.05,0.0,smoothing_spline_tuned,0.10825712969975954,2496,kaist05
5,2.0000286724111462,0.05,0.0,family_a_W5,0.08995055675531971,2496,kaist05
5,2.0000286724111462,0.05,0.0,family_a_W7,0.13635244905879948,2496,kaist05
5,1.9998583909969914,0.05,0.005,central,0.10061713965329824,2496,kaist05
5,1.9998583909969914,0.05,0.005,savgol_w7p3,0.07685743568012447,2496,kaist05
5,1.9998583909969914,0.05,0.005,smoothing_spline_default,0.5923375872621278,2496,kaist05
5,1.9998583909969914,0.05,0.005,smoothing_spline_tuned,0.1081640551252095,2496,kaist05
5,1.9998583909969914,0.05,0.005,family_a_W5,0.09223631988376084,2496,kaist05
5,1.9998583909969914,0.05,0.005,family_a_W7,0.1373613695987018,2496,kaist05
5,2.001305003179322,0.05,0.02,central,0.18756843530104747,2496,kaist05
5,2.001305003179322,0.05,0.02,savgol_w7p3,0.07674088878756305,2496,kaist05
5,2.001305003179322,0.05,0.02,smoothing_spline_default,0.5880311783660905,2496,kaist05
5,2.001305003179322,0.05,0.02,smoothing_spline_tuned,0.18596717859164463,2496,kaist05
5,2.001305003179322,0.05,0.02,family_a_W5,0.10611418964431207,2496,kaist05
5,2.001305003179322,0.05,0.02,family_a_W7,0.1383241409773793,2496,kaist05
5,2.0000286724111462,0.2,0.0,central,0.2897463773413853,2496,kaist05
5,2.0000286724111462,0.2,0.0,savgol_w7p3,0.21175140955375604,2496,kaist05
5,2.0000286724111462,0.2,0.0,smoothing_spline_default,0.5775636412473328,2496,kaist05
5,2.0000286724111462,0.2,0.0,smoothing_spline_tuned,0.16287673473443143,2496,kaist05
5,2.0000286724111462,0.2,0.0,family_a_W5,0.13080118129560836,2496,kaist05
5,2.0000286724111462,0.2,0.0,family_a_W7,0.1477634925688256,2496,kaist05
5,2.0005484341502164,0.2,0.005,central,0.291995435997244,2496,kaist05
5,2.0005484341502164,0.2,0.005,savgol_w7p3,0.21406115213569832,2496,kaist05
5,2.0005484341502164,0.2,0.005,smoothing_spline_default,0.5835537830194593,2496,kaist05
5,2.0005484341502164,0.2,0.005,smoothing_spline_tuned,0.17232829078888642,2496,kaist05
5,2.0005484341502164,0.2,0.005,family_a_W5,0.13350006244437063,2496,kaist05
5,2.0005484341502164,0.2,0.005,family_a_W7,0.15052491288219372,2496,kaist05
5,1.9975698869388794,0.2,0.02,central,0.3336028608699131,2496,kaist05
5,1.9975698869388794,0.2,0.02,savgol_w7p3,0.20833297669853643,2496,kaist05
5,1.9975698869388794,0.2,0.02,smoothing_spline_default,0.5784605372187545,2496,kaist05
5,1.9975698869388794,0.2,0.02,smoothing_spline_tuned,0.15857147976987274,2496,kaist05
5,1.9975698869388794,0.2,0.02,family_a_W5,0.1429014833780003,2496,kaist05
5,1.9975698869388794,0.2,0.02,family_a_W7,0.15116073414341016,2496,kaist05
5,2.0000286724111462,0.5,0.0,central,0.7200941754578712,2496,kaist05
5,2.0000286724111462,0.5,0.0,savgol_w7p3,0.5191968487881132,2496,kaist05
5,2.0000286724111462,0.5,0.0,smoothing_spline_default,0.552641495782353,2496,kaist05
5,2.0000286724111462,0.5,0.0,smoothing_spline_tuned,0.27667750891931975,2496,kaist05
5,2.0000286724111462,0.5,0.0,family_a_W5,0.25455455605721344,2496,kaist05
5,2.0000286724111462,0.5,0.0,family_a_W7,0.20281259015506095,2496,kaist05
5,1.999899305309542,0.5,0.005,central,0.7092907936609992,2496,kaist05
5,1.999899305309542,0.5,0.005,savgol_w7p3,0.5211495058036036,2496,kaist05
5,1.999899305309542,0.5,0.005,smoothing_spline_default,0.5464614165468547,2496,kaist05
5,1.999899305309542,0.5,0.005,smoothing_spline_tuned,0.28971516007335935,2496,kaist05
5,1.999899305309542,0.5,0.005,family_a_W5,0.27087747215081975,2496,kaist05
5,1.999899305309542,0.5,0.005,family_a_W7,0.20500880370550553,2496,kaist05
5,2.000653769147085,0.5,0.02,central,0.7173926452766338,2496,kaist05
5,2.000653769147085,0.5,0.02,savgol_w7p3,0.5010044769412073,2496,kaist05
5,2.000653769147085,0.5,0.02,smoothing_spline_default,0.5406825934047451,2496,kaist05
5,2.000653769147085,0.5,0.02,smoothing_spline_tuned,0.26960666495380337,2496,kaist05
5,2.000653769147085,0.5,0.02,family_a_W5,0.26143660938603136,2496,kaist05
5,2.000653769147085,0.5,0.02,family_a_W7,0.20187821734402983,2496,kaist05
10,1.0000143362054594,0.0,0.0,central,0.09275948056295774,1248,kaist05
10,1.0000143362054594,0.0,0.0,savgol_w7p3,0.1106052513279611,1248,kaist05
10,1.0000143362054594,0.0,0.0,smoothing_spline_default,0.5840638371349246,1248,kaist05
10,1.0000143362054594,0.0,0.0,smoothing_spline_tuned,0.19304074599894006,1248,kaist05
10,1.0000143362054594,0.0,0.0,family_a_W5,0.23135117312371634,1248,kaist05
10,1.0000143362054594,0.0,0.0,family_a_W7,0.3541653394254017,1248,kaist05
10,0.9997966952270592,0.0,0.005,central,0.09521333429275863,1248,kaist05
10,0.9997966952270592,0.0,0.005,savgol_w7p3,0.11066820343326371,1248,kaist05
10,0.9997966952270592,0.0,0.005,smoothing_spline_default,0.5869466112912125,1248,kaist05
10,0.9997966952270592,0.0,0.005,smoothing_spline_tuned,0.19154440580365592,1248,kaist05
10,0.9997966952270592,0.0,0.005,family_a_W5,0.23136452948384245,1248,kaist05
10,0.9997966952270592,0.0,0.005,family_a_W7,0.3542904650656404,1248,kaist05
10,1.00081122759071,0.0,0.02,central,0.12673951231499261,1248,kaist05
10,1.00081122759071,0.0,0.02,savgol_w7p3,0.11099948277317857,1248,kaist05
10,1.00081122759071,0.0,0.02,smoothing_spline_default,0.5830919335080725,1248,kaist05
10,1.00081122759071,0.0,0.02,smoothing_spline_tuned,0.18087664720664925,1248,kaist05
10,1.00081122759071,0.0,0.02,family_a_W5,0.23379820917089114,1248,kaist05
10,1.00081122759071,0.0,0.02,family_a_W7,0.3548065600883944,1248,kaist05
10,1.0000143362054594,0.05,0.0,central,0.0988059627098949,1248,kaist05
10,1.0000143362054594,0.05,0.0,savgol_w7p3,0.11375855923716711,1248,kaist05
10,1.0000143362054594,0.05,0.0,smoothing_spline_default,0.5854178073170107,1248,kaist05
10,1.0000143362054594,0.05,0.0,smoothing_spline_tuned,0.2044167364506889,1248,kaist05
10,1.0000143362054594,0.05,0.0,family_a_W5,0.23140644106919778,1248,kaist05
10,1.0000143362054594,0.05,0.0,family_a_W7,0.35425817145586874,1248,kaist05
10,0.9999574885141792,0.05,0.005,central,0.10009090525870612,1248,kaist05
10,0.9999574885141792,0.05,0.005,savgol_w7p3,0.11368523490176728,1248,kaist05
10,0.9999574885141792,0.05,0.005,smoothing_spline_default,0.5779361513395144,1248,kaist05
10,0.9999574885141792,0.05,0.005,smoothing_spline_tuned,0.1983892529146616,1248,kaist05
10,0.9999574885141792,0.05,0.005,family_a_W5,0.2323259097073064,1248,kaist05
10,0.9999574885141792,0.05,0.005,family_a_W7,0.3541837132200554,1248,kaist05
10,1.00078555911964,0.05,0.02,central,0.12866330802175782,1248,kaist05
10,1.00078555911964,0.05,0.02,savgol_w7p3,0.11343673590708223,1248,kaist05
10,1.00078555911964,0.05,0.02,smoothing_spline_default,0.5802891776845454,1248,kaist05
10,1.00078555911964,0.05,0.02,smoothing_spline_tuned,0.194193277685801,1248,kaist05
10,1.00078555911964,0.05,0.02,family_a_W5,0.23329773883218446,1248,kaist05
10,1.00078555911964,0.05,0.02,family_a_W7,0.35413359987863224,1248,kaist05
10,1.0000143362054594,0.2,0.0,central,0.17854150458415638,1248,kaist05
10,1.0000143362054594,0.2,0.0,savgol_w7p3,0.15632376514167445,1248,kaist05
10,1.0000143362054594,0.2,0.0,smoothing_spline_default,0.5784740790329108,1248,kaist05
10,1.0000143362054594,0.2,0.0,smoothing_spline_tuned,0.2602586585685233,1248,kaist05
10,1.0000143362054594,0.2,0.0,family_a_W5,0.23709656286974323,1248,kaist05
10,1.0000143362054594,0.2,0.0,family_a_W7,0.35561436536073815,1248,kaist05
10,0.99991847273159,0.2,0.005,central,0.1818642552467724,1248,kaist05
10,0.99991847273159,0.2,0.005,savgol_w7p3,0.15876019018461865,1248,kaist05
10,0.99991847273159,0.2,0.005,smoothing_spline_default,0.5820525642378479,1248,kaist05
10,0.99991847273159,0.2,0.005,smoothing_spline_tuned,0.24866454770394955,1248,kaist05
10,0.99991847273159,0.2,0.005,family_a_W5,0.23914519078198634,1248,kaist05
10,0.99991847273159,0.2,0.005,family_a_W7,0.3553430573400609,1248,kaist05
10,1.0006126584704045,0.2,0.02,central,0.19531897921314537,1248,kaist05
10,1.0006126584704045,0.2,0.02,savgol_w7p3,0.1541913410178686,1248,kaist05
10,1.0006126584704045,0.2,0.02,smoothing_spline_default,0.5791069324528972,1248,kaist05
10,1.0006126584704045,0.2,0.02,smoothing_spline_tuned,0.24297671976655577,1248,kaist05
10,1.0006126584704045,0.2,0.02,family_a_W5,0.23903976645927547,1248,kaist05
10,1.0006126584704045,0.2,0.02,family_a_W7,0.3561374444822462,1248,kaist05
10,1.0000143362054594,0.5,0.0,central,0.3648941337798307,1248,kaist05
10,1.0000143362054594,0.5,0.0,savgol_w7p3,0.2778502557131413,1248,kaist05
10,1.0000143362054594,0.5,0.0,smoothing_spline_default,0.5510955623978636,1248,kaist05
10,1.0000143362054594,0.5,0.0,smoothing_spline_tuned,0.34370581954455437,1248,kaist05
10,1.0000143362054594,0.5,0.0,family_a_W5,0.2622939638445365,1248,kaist05
10,1.0000143362054594,0.5,0.0,family_a_W7,0.3604876645728333,1248,kaist05
10,1.0000358611010578,0.5,0.005,central,0.3834155052352018,1248,kaist05
10,1.0000358611010578,0.5,0.005,savgol_w7p3,0.28973200621922784,1248,kaist05
10,1.0000358611010578,0.5,0.005,smoothing_spline_default,0.5435440318051855,1248,kaist05
10,1.0000358611010578,0.5,0.005,smoothing_spline_tuned,0.3352495552842185,1248,kaist05
10,1.0000358611010578,0.5,0.005,family_a_W5,0.2613995524083641,1248,kaist05
10,1.0000358611010578,0.5,0.005,family_a_W7,0.36132489293041387,1248,kaist05
10,0.9995915287101119,0.5,0.02,central,0.3859092476712084,1248,kaist05
10,0.9995915287101119,0.5,0.02,savgol_w7p3,0.2871861258043725,1248,kaist05
10,0.9995915287101119,0.5,0.02,smoothing_spline_default,0.5573427464738395,1248,kaist05
10,0.9995915287101119,0.5,0.02,smoothing_spline_tuned,0.3506770111578522,1248,kaist05
10,0.9995915287101119,0.5,0.02,family_a_W5,0.2691250461062343,1248,kaist05
10,0.9995915287101119,0.5,0.02,family_a_W7,0.36229092748274605,1248,kaist05
1,10.000051200258424,0.0,0.0,central,0.07729714046745133,8551,riverside05
1,10.000051200258424,0.0,0.0,savgol_w7p3,0.058958378214153895,8551,riverside05
1,10.000051200258424,0.0,0.0,smoothing_spline_default,0.5137976685261537,8551,riverside05
1,10.000051200258424,0.0,0.0,smoothing_spline_tuned,0.11375901838789654,8551,riverside05
1,10.000051200258424,0.0,0.0,family_a_W5,0.02840030576311294,8551,riverside05
1,10.000051200258424,0.0,0.0,family_a_W7,0.024194040887360192,8551,riverside05
1,10.00453615836978,0.0,0.005,central,0.34544483583885954,8551,riverside05
1,10.00453615836978,0.0,0.005,savgol_w7p3,0.05927574655684743,8551,riverside05
1,10.00453615836978,0.0,0.005,smoothing_spline_default,0.5137943376208819,8551,riverside05
1,10.00453615836978,0.0,0.005,smoothing_spline_tuned,0.6958964124468672,8551,riverside05
1,10.00453615836978,0.0,0.005,family_a_W5,0.11897817749217814,8551,riverside05
1,10.00453615836978,0.0,0.005,family_a_W7,0.07480704115239767,8551,riverside05
1,10.01307607262567,0.0,0.02,central,1.4365359838558036,8551,riverside05
1,10.01307607262567,0.0,0.02,savgol_w7p3,0.15321631159277144,8551,riverside05
1,10.01307607262567,0.0,0.02,smoothing_spline_default,0.49483826499064704,8551,riverside05
1,10.01307607262567,0.0,0.02,smoothing_spline_tuned,17.963696232082814,8551,riverside05
1,10.01307607262567,0.0,0.02,family_a_W5,0.4698020380434601,8551,riverside05
1,10.01307607262567,0.0,0.02,family_a_W7,0.29142961144318924,8551,riverside05
1,10.000051200258424,0.05,0.0,central,0.39750963874105233,8551,riverside05
1,10.000051200258424,0.05,0.0,savgol_w7p3,0.28614961538431866,8551,riverside05
1,10.000051200258424,0.05,0.0,smoothing_spline_default,0.49662884514318983,8551,riverside05
1,10.000051200258424,0.05,0.0,smoothing_spline_tuned,0.048304878491203206,8551,riverside05
1,10.000051200258424,0.05,0.0,family_a_W5,0.138282740685521,8551,riverside05
1,10.000051200258424,0.05,0.0,family_a_W7,0.0874420362738527,8551,riverside05
1,9.99867843985889,0.05,0.005,central,0.521754215074704,8551,riverside05
1,9.99867843985889,0.05,0.005,savgol_w7p3,0.28820137115511435,8551,riverside05
1,9.99867843985889,0.05,0.005,smoothing_spline_default,0.504843797882956,8551,riverside05
1,9.99867843985889,0.05,0.005,smoothing_spline_tuned,0.2159829838361451,8551,riverside05
1,9.99867843985889,0.05,0.005,family_a_W5,0.1769365541137463,8551,riverside05
1,9.99867843985889,0.05,0.005,family_a_W7,0.1083977935929847,8551,riverside05
1,10.016203227232623,0.05,0.02,central,1.5270889053159642,8551,riverside05
1,10.016203227232623,0.05,0.02,savgol_w7p3,0.29602762923766135,8551,riverside05
1,10.016203227232623,0.05,0.02,smoothing_spline_default,0.512570166922952,8551,riverside05
1,10.016203227232623,0.05,0.02,smoothing_spline_tuned,4.904413926698629,8551,riverside05
1,10.016203227232623,0.05,0.02,family_a_W5,0.47626368458648227,8551,riverside05
1,10.016203227232623,0.05,0.02,family_a_W7,0.2994786759312922,8551,riverside05
1,10.000051200258424,0.2,0.0,central,1.5764510607782618,8551,riverside05
1,10.000051200258424,0.2,0.0,savgol_w7p3,1.1385341258779555,8551,riverside05
1,10.000051200258424,0.2,0.0,smoothing_spline_default,0.4906552714853638,8551,riverside05
1,10.000051200258424,0.2,0.0,smoothing_spline_tuned,0.09273270840112499,8551,riverside05
1,10.000051200258424,0.2,0.0,family_a_W5,0.556841900956765,8551,riverside05
1,10.000051200258424,0.2,0.0,family_a_W7,0.34309755285161364,8551,riverside05
1,10.00870281838816,0.2,0.005,central,1.6141191086455842,8551,riverside05
1,10.00870281838816,0.2,0.005,savgol_w7p3,1.1329735686442823,8551,riverside05
1,10.00870281838816,0.2,0.005,smoothing_spline_default,0.4908270987241084,8551,riverside05
1,10.00870281838816,0.2,0.005,smoothing_spline_tuned,0.08915531024497989,8551,riverside05
1,10.00870281838816,0.2,0.005,family_a_W5,0.5538448603016256,8551,riverside05
1,10.00870281838816,0.2,0.005,family_a_W7,0.3427865984865085,8551,riverside05
1,9.986949150369552,0.2,0.02,central,2.2036275522373563,8551,riverside05
1,9.986949150369552,0.2,0.02,savgol_w7p3,1.136453986252842,8551,riverside05
1,9.986949150369552,0.2,0.02,smoothing_spline_default,0.48929446868365783,8551,riverside05
1,9.986949150369552,0.2,0.02,smoothing_spline_tuned,0.8737298490996237,8551,riverside05
1,9.986949150369552,0.2,0.02,family_a_W5,0.7064234345210081,8551,riverside05
1,9.986949150369552,0.2,0.02,family_a_W7,0.4385673902544987,8551,riverside05
1,10.000051200258424,0.5,0.0,central,3.957071717044767,8551,riverside05
1,10.000051200258424,0.5,0.0,savgol_w7p3,2.8649251312831434,8551,riverside05
1,10.000051200258424,0.5,0.0,smoothing_spline_default,0.46591360410373667,8551,riverside05
1,10.000051200258424,0.5,0.0,smoothing_spline_tuned,0.1643482893067001,8551,riverside05
1,10.000051200258424,0.5,0.0,family_a_W5,1.3565099232969628,8551,riverside05
1,10.000051200258424,0.5,0.0,family_a_W7,0.846158938867062,8551,riverside05
1,10.000092314903213,0.5,0.005,central,3.9880822608499398,8551,riverside05
1,10.000092314903213,0.5,0.005,savgol_w7p3,2.8351563517372598,8551,riverside05
1,10.000092314903213,0.5,0.005,smoothing_spline_default,0.4612574071701976,8551,riverside05
1,10.000092314903213,0.5,0.005,smoothing_spline_tuned,0.19297572683569428,8551,riverside05
1,10.000092314903213,0.5,0.005,family_a_W5,1.34149915994339,8551,riverside05
1,10.000092314903213,0.5,0.005,family_a_W7,0.8261917277493824,8551,riverside05
1,10.011500272126714,0.5,0.02,central,4.363680902086007,8551,riverside05
1,10.011500272126714,0.5,0.02,savgol_w7p3,2.8789154651249733,8551,riverside05
1,10.011500272126714,0.5,0.02,smoothing_spline_default,0.4594338306470703,8551,riverside05
1,10.011500272126714,0.5,0.02,smoothing_spline_tuned,0.1543666577858302,8551,riverside05
1,10.011500272126714,0.5,0.02,family_a_W5,1.4471547819892339,8551,riverside05
1,10.011500272126714,0.5,0.02,family_a_W7,0.8867347949101689,8551,riverside05
2,4.999961600294859,0.0,0.0,central,0.025393799881001936,4276,riverside05
2,4.999961600294859,0.0,0.0,savgol_w7p3,0.023574686282531808,4276,riverside05
2,4.999961600294859,0.0,0.0,smoothing_spline_default,0.5114578601572031,4276,riverside05
2,4.999961600294859,0.0,0.0,smoothing_spline_tuned,0.025161736842888912,4276,riverside05
2,4.999961600294859,0.0,0.0,family_a_W5,0.02200434798500254,4276,riverside05
2,4.999961600294859,0.0,0.0,family_a_W7,0.026958545784555723,4276,riverside05
2,5.001197590847718,0.0,0.005,central,0.16672255491801471,4276,riverside05
2,5.001197590847718,0.0,0.005,savgol_w7p3,0.023840653469475497,4276,riverside05
2,5.001197590847718,0.0,0.005,smoothing_spline_default,0.5115275330457595,4276,riverside05
2,5.001197590847718,0.0,0.005,smoothing_spline_tuned,0.3126332969877618,4276,riverside05
2,5.001197590847718,0.0,0.005,family_a_W5,0.06340732289762926,4276,riverside05
2,5.001197590847718,0.0,0.005,family_a_W7,0.0461573729755908,4276,riverside05
2,4.999299776238118,0.0,0.02,central,0.6794630680296303,4276,riverside05
2,4.999299776238118,0.0,0.02,savgol_w7p3,0.02644344163923396,4276,riverside05
2,4.999299776238118,0.0,0.02,smoothing_spline_default,0.5091953561397611,4276,riverside05
2,4.999299776238118,0.0,0.02,smoothing_spline_tuned,1.5441185404806037,4276,riverside05
2,4.999299776238118,0.0,0.02,family_a_W5,0.2322842361722435,4276,riverside05
2,4.999299776238118,0.0,0.02,family_a_W7,0.14440802285171192,4276,riverside05
2,4.999961600294859,0.05,0.0,central,0.1972663498385145,4276,riverside05
2,4.999961600294859,0.05,0.0,savgol_w7p3,0.14241366027120445,4276,riverside05
2,4.999961600294859,0.05,0.0,smoothing_spline_default,0.5113288780901715,4276,riverside05
2,4.999961600294859,0.05,0.0,smoothing_spline_tuned,0.0546134431165519,4276,riverside05
2,4.999961600294859,0.05,0.0,family_a_W5,0.07109780051713487,4276,riverside05
2,4.999961600294859,0.05,0.0,family_a_W7,0.0497739012422249,4276,riverside05
2,4.99942431758401,0.05,0.005,central,0.26123307993993133,4276,riverside05
2,4.99942431758401,0.05,0.005,savgol_w7p3,0.1421583645748972,4276,riverside05
2,4.99942431758401,0.05,0.005,smoothing_spline_default,0.5110906267321088,4276,riverside05
2,4.99942431758401,0.05,0.005,smoothing_spline_tuned,0.11026366555281467,4276,riverside05
2,4.99942431758401,0.05,0.005,family_a_W5,0.09103180953297371,4276,riverside05
2,4.99942431758401,0.05,0.005,family_a_W7,0.061137627778325945,4276,riverside05
2,4.998044638736492,0.05,0.02,central,0.7278835062467467,4276,riverside05
2,4.998044638736492,0.05,0.02,savgol_w7p3,0.14160125577130575,4276,riverside05
2,4.998044638736492,0.05,0.02,smoothing_spline_default,0.5089440340782858,4276,riverside05
2,4.998044638736492,0.05,0.02,smoothing_spline_tuned,1.426510472245515,4276,riverside05
2,4.998044638736492,0.05,0.02,family_a_W5,0.2430684298444196,4276,riverside05
2,4.998044638736492,0.05,0.02,family_a_W7,0.15493024091551622,4276,riverside05
2,4.999961600294859,0.2,0.0,central,0.7745900060808655,4276,riverside05
2,4.999961600294859,0.2,0.0,savgol_w7p3,0.5691659546381673,4276,riverside05
2,4.999961600294859,0.2,0.0,smoothing_spline_default,0.518758987695499,4276,riverside05
2,4.999961600294859,0.2,0.0,smoothing_spline_tuned,0.10976057723599583,4276,riverside05
2,4.999961600294859,0.2,0.0,family_a_W5,0.2717433984887932,4276,riverside05
2,4.999961600294859,0.2,0.0,family_a_W7,0.1695410638299722,4276,riverside05
2,5.001536730139014,0.2,0.005,central,0.7993775649576588,4276,riverside05
2,5.001536730139014,0.2,0.005,savgol_w7p3,0.5571418740419166,4276,riverside05
2,5.001536730139014,0.2,0.005,smoothing_spline_default,0.5089544903629283,4276,riverside05
2,5.001536730139014,0.2,0.005,smoothing_spline_tuned,0.10471972527011571,4276,riverside05
2,5.001536730139014,0.2,0.005,family_a_W5,0.2715763692025625,4276,riverside05
2,5.001536730139014,0.2,0.005,family_a_W7,0.17081658318334367,4276,riverside05
2,4.97999703724862,0.2,0.02,central,1.0626331551428971,4276,riverside05
2,4.97999703724862,0.2,0.02,savgol_w7p3,0.5705626773970364,4276,riverside05
2,4.97999703724862,0.2,0.02,smoothing_spline_default,0.5037953554101295,4276,riverside05
2,4.97999703724862,0.2,0.02,smoothing_spline_tuned,0.5150384929763987,4276,riverside05
2,4.97999703724862,0.2,0.02,family_a_W5,0.35793754065100564,4276,riverside05
2,4.97999703724862,0.2,0.02,family_a_W7,0.22604185880919755,4276,riverside05
2,4.999961600294859,0.5,0.0,central,1.9805021340041682,4276,riverside05
2,4.999961600294859,0.5,0.0,savgol_w7p3,1.4228496222408118,4276,riverside05
2,4.999961600294859,0.5,0.0,smoothing_spline_default,0.4670146100396412,4276,riverside05
2,4.999961600294859,0.5,0.0,smoothing_spline_tuned,0.2018159320914705,4276,riverside05
2,4.999961600294859,0.5,0.0,family_a_W5,0.6786053506991165,4276,riverside05
2,4.999961600294859,0.5,0.0,family_a_W7,0.42685362892834977,4276,riverside05
2,5.0012935034809,0.5,0.005,central,2.01750727338944,4276,riverside05
2,5.0012935034809,0.5,0.005,savgol_w7p3,1.4683810019667118,4276,riverside05
2,5.0012935034809,0.5,0.005,smoothing_spline_default,0.4610965738368766,4276,riverside05
2,5.0012935034809,0.5,0.005,smoothing_spline_tuned,0.17381429606247145,4276,riverside05
2,5.0012935034809,0.5,0.005,family_a_W5,0.7110714008447745,4276,riverside05
2,5.0012935034809,0.5,0.005,family_a_W7,0.4360896982123317,4276,riverside05
2,5.01054908284359,0.5,0.02,central,2.1060866098694113,4276,riverside05
2,5.01054908284359,0.5,0.02,savgol_w7p3,1.4179567209152257,4276,riverside05
2,5.01054908284359,0.5,0.02,smoothing_spline_default,0.4729865364132229,4276,riverside05
2,5.01054908284359,0.5,0.02,smoothing_spline_tuned,0.15772243209132703,4276,riverside05
2,5.01054908284359,0.5,0.02,family_a_W5,0.7250784443616006,4276,riverside05
2,5.01054908284359,0.5,0.02,family_a_W7,0.43485128255060745,4276,riverside05
5,1.9999810561793605,0.0,0.0,central,0.02908450560745053,1711,riverside05
5,1.9999810561793605,0.0,0.0,savgol_w7p3,0.030236317336596433,1711,riverside05
5,1.9999810561793605,0.0,0.0,smoothing_spline_default,0.517745222378578,1711,riverside05
5,1.9999810561793605,0.0,0.0,smoothing_spline_tuned,0.06418518355319204,1711,riverside05
5,1.9999810561793605,0.0,0.0,family_a_W5,0.05728863056876151,1711,riverside05
5,1.9999810561793605,0.0,0.0,family_a_W7,0.09154278360601244,1711,riverside05
5,1.9995742745140082,0.0,0.005,central,0.07551580556617576,1711,riverside05
5,1.9995742745140082,0.0,0.005,savgol_w7p3,0.030436070292979688,1711,riverside05
5,1.9995742745140082,0.0,0.005,smoothing_spline_default,0.5177971809735801,1711,riverside05
5,1.9995742745140082,0.0,0.005,smoothing_spline_tuned,0.06803106736038904,1711,riverside05
5,1.9995742745140082,0.0,0.005,family_a_W5,0.061918829286623796,1711,riverside05
5,1.9995742745140082,0.0,0.005,family_a_W7,0.09234248969939664,1711,riverside05
5,2.0025241906667763,0.0,0.02,central,0.2625165133298833,1711,riverside05
5,2.0025241906667763,0.0,0.02,savgol_w7p3,0.035188871061322465,1711,riverside05
5,2.0025241906667763,0.0,0.02,smoothing_spline_default,0.49944859396958585,1711,riverside05
5,2.0025241906667763,0.0,0.02,smoothing_spline_tuned,0.4689033222695209,1711,riverside05
5,2.0025241906667763,0.0,0.02,family_a_W5,0.104647052369912,1711,riverside05
5,2.0025241906667763,0.0,0.02,family_a_W7,0.1065332606663141,1711,riverside05
5,1.9999810561793605,0.05,0.0,central,0.08268826674922172,1711,riverside05
5,1.9999810561793605,0.05,0.0,savgol_w7p3,0.06560914496257109,1711,riverside05
5,1.9999810561793605,0.05,0.0,smoothing_spline_default,0.5161164472654837,1711,riverside05
5,1.9999810561793605,0.05,0.0,smoothing_spline_tuned,0.09103429045710061,1711,riverside05
5,1.9999810561793605,0.05,0.0,family_a_W5,0.06455312849065437,1711,riverside05
5,1.9999810561793605,0.05,0.0,family_a_W7,0.09369374752615446,1711,riverside05
5,1.9992820186346627,0.05,0.005,central,0.10422756617960394,1711,riverside05
5,1.9992820186346627,0.05,0.005,savgol_w7p3,0.05868310974791063,1711,riverside05
5,1.9992820186346627,0.05,0.005,smoothing_spline_default,0.5172094925808319,1711,riverside05
5,1.9992820186346627,0.05,0.005,smoothing_spline_tuned,0.08192871599042702,1711,riverside05
5,1.9992820186346627,0.05,0.005,family_a_W5,0.06785227685003682,1711,riverside05
5,1.9992820186346627,0.05,0.005,family_a_W7,0.09439450304851683,1711,riverside05
5,1.999241218398789,0.05,0.02,central,0.26967271773178525,1711,riverside05
5,1.999241218398789,0.05,0.02,savgol_w7p3,0.06411395162948044,1711,riverside05
5,1.999241218398789,0.05,0.02,smoothing_spline_default,0.5145633448942333,1711,riverside05
5,1.999241218398789,0.05,0.02,smoothing_spline_tuned,0.3962708718082319,1711,riverside05
5,1.999241218398789,0.05,0.02,family_a_W5,0.11051593476203407,1711,riverside05
5,1.999241218398789,0.05,0.02,family_a_W7,0.10873161695595496,1711,riverside05
5,1.9999810561793605,0.2,0.0,central,0.3043435632172414,1711,riverside05
5,1.9999810561793605,0.2,0.0,savgol_w7p3,0.22384050120813145,1711,riverside05
5,1.9999810561793605,0.2,0.0,smoothing_spline_default,0.5041302748663531,1711,riverside05
5,1.9999810561793605,0.2,0.0,smoothing_spline_tuned,0.14293212062958122,1711,riverside05
5,1.9999810561793605,0.2,0.0,family_a_W5,0.11953943481093982,1711,riverside05
5,1.9999810561793605,0.2,0.0,family_a_W7,0.11112559431372489,1711,riverside05
5,1.999888963851321,0.2,0.005,central,0.3354359154054461,1711,riverside05
5,1.999888963851321,0.2,0.005,savgol_w7p3,0.2380141142281123,1711,riverside05
5,1.999888963851321,0.2,0.005,smoothing_spline_default,0.5060047571816426,1711,riverside05
5,1.999888963851321,0.2,0.005,smoothing_spline_tuned,0.13765285650225462,1711,riverside05
5,1.999888963851321,0.2,0.005,family_a_W5,0.12149640786939987,1711,riverside05
5,1.999888963851321,0.2,0.005,family_a_W7,0.11323331666579489,1711,riverside05
5,1.9992378602446477,0.2,0.02,central,0.42307050125034507,1711,riverside05
5,1.9992378602446477,0.2,0.02,savgol_w7p3,0.23392411188421844,1711,riverside05
5,1.9992378602446477,0.2,0.02,smoothing_spline_default,0.5001460466207174,1711,riverside05
5,1.9992378602446477,0.2,0.02,smoothing_spline_tuned,0.16715979715309645,1711,riverside05
5,1.9992378602446477,0.2,0.02,family_a_W5,0.14816137042335395,1711,riverside05
5,1.9992378602446477,0.2,0.02,family_a_W7,0.12137438258534793,1711,riverside05
5,1.9999810561793605,0.5,0.0,central,0.7928844209848723,1711,riverside05
5,1.9999810561793605,0.5,0.0,savgol_w7p3,0.5731100571280704,1711,riverside05
5,1.9999810561793605,0.5,0.0,smoothing_spline_default,0.46635981313912217,1711,riverside05
5,1.9999810561793605,0.5,0.0,smoothing_spline_tuned,0.21684580705911932,1711,riverside05
5,1.9999810561793605,0.5,0.0,family_a_W5,0.27705829032483303,1711,riverside05
5,1.9999810561793605,0.5,0.0,family_a_W7,0.18093540277727746,1711,riverside05
5,1.9998402802027553,0.5,0.005,central,0.8203140851549946,1711,riverside05
5,1.9998402802027553,0.5,0.005,savgol_w7p3,0.5926958575902993,1711,riverside05
5,1.9998402802027553,0.5,0.005,smoothing_spline_default,0.4727697476994806,1711,riverside05
5,1.9998402802027553,0.5,0.005,smoothing_spline_tuned,0.21356548804952255,1711,riverside05
5,1.9998402802027553,0.5,0.005,family_a_W5,0.2872934035518065,1711,riverside05
5,1.9998402802027553,0.5,0.005,family_a_W7,0.19394749062307787,1711,riverside05
5,1.99912838756801,0.5,0.02,central,0.8427270653188609,1711,riverside05
5,1.99912838756801,0.5,0.02,savgol_w7p3,0.5642121985583705,1711,riverside05
5,1.99912838756801,0.5,0.02,smoothing_spline_default,0.47499527978954426,1711,riverside05
5,1.99912838756801,0.5,0.02,smoothing_spline_tuned,0.20792876267031632,1711,riverside05
5,1.99912838756801,0.5,0.02,family_a_W5,0.3004162580267314,1711,riverside05
5,1.99912838756801,0.5,0.02,family_a_W7,0.20772314770952716,1711,riverside05
10,1.0000005120003046,0.0,0.0,central,0.06095479111449759,856,riverside05
10,1.0000005120003046,0.0,0.0,savgol_w7p3,0.0746490283806414,856,riverside05
10,1.0000005120003046,0.0,0.0,smoothing_spline_default,0.49620614259554713,856,riverside05
10,1.0000005120003046,0.0,0.0,smoothing_spline_tuned,0.13681144041213966,856,riverside05
10,1.0000005120003046,0.0,0.0,family_a_W5,0.15482594250290105,856,riverside05
10,1.0000005120003046,0.0,0.0,family_a_W7,0.2407970631436189,856,riverside05
10,1.0000225085649745,0.0,0.005,central,0.06964825183936282,856,riverside05
10,1.0000225085649745,0.0,0.005,savgol_w7p3,0.07451712997154904,856,riverside05
10,1.0000225085649745,0.0,0.005,smoothing_spline_default,0.5007140204787911,856,riverside05
10,1.0000225085649745,0.0,0.005,smoothing_spline_tuned,0.13480322080804036,856,riverside05
10,1.0000225085649745,0.0,0.005,family_a_W5,0.1549891485323556,856,riverside05
10,1.0000225085649745,0.0,0.005,family_a_W7,0.24150368383767776,856,riverside05
10,1.000087244509989,0.0,0.02,central,0.1404529030244251,856,riverside05
10,1.000087244509989,0.0,0.02,savgol_w7p3,0.07562684214776946,856,riverside05
10,1.000087244509989,0.0,0.02,smoothing_spline_default,0.49674329207217455,856,riverside05
10,1.000087244509989,0.0,0.02,smoothing_spline_tuned,0.13460230643063714,856,riverside05
10,1.000087244509989,0.0,0.02,family_a_W5,0.16156164829737854,856,riverside05
10,1.000087244509989,0.0,0.02,family_a_W7,0.24189949197383007,856,riverside05
10,1.0000005120003046,0.05,0.0,central,0.06956030910042481,856,riverside05
10,1.0000005120003046,0.05,0.0,savgol_w7p3,0.07777235458833513,856,riverside05
10,1.0000005120003046,0.05,0.0,smoothing_spline_default,0.4960684572784658,856,riverside05
10,1.0000005120003046,0.05,0.0,smoothing_spline_tuned,0.1439632574645151,856,riverside05
10,1.0000005120003046,0.05,0.0,family_a_W5,0.15543388144296943,856,riverside05
10,1.0000005120003046,0.05,0.0,family_a_W7,0.24080974540490377,856,riverside05
10,0.9998974073759879,0.05,0.005,central,0.07921805102468879,856,riverside05
10,0.9998974073759879,0.05,0.005,savgol_w7p3,0.07953558257634855,856,riverside05
10,0.9998974073759879,0.05,0.005,smoothing_spline_default,0.5005835387426499,856,riverside05
10,0.9998974073759879,0.05,0.005,smoothing_spline_tuned,0.14447110174495045,856,riverside05
10,0.9998974073759879,0.05,0.005,family_a_W5,0.15580702029359733,856,riverside05
10,0.9998974073759879,0.05,0.005,family_a_W7,0.24098648025196798,856,riverside05
10,0.999807975679189,0.05,0.02,central,0.15404166382882106,856,riverside05
10,0.999807975679189,0.05,0.02,savgol_w7p3,0.0830132371471896,856,riverside05
10,0.999807975679189,0.05,0.02,smoothing_spline_default,0.5000006204969072,856,riverside05
10,0.999807975679189,0.05,0.02,smoothing_spline_tuned,0.15128187148595884,856,riverside05
10,0.999807975679189,0.05,0.02,family_a_W5,0.1623312569897034,856,riverside05
10,0.999807975679189,0.05,0.02,family_a_W7,0.2423016890782892,856,riverside05
10,1.0000005120003046,0.2,0.0,central,0.16702852862875686,856,riverside05
10,1.0000005120003046,0.2,0.0,savgol_w7p3,0.1339769668266349,856,riverside05
10,1.0000005120003046,0.2,0.0,smoothing_spline_default,0.5124571732462172,856,riverside05
10,1.0000005120003046,0.2,0.0,smoothing_spline_tuned,0.2138942808551176,856,riverside05
10,1.0000005120003046,0.2,0.0,family_a_W5,0.16168467934782793,856,riverside05
10,1.0000005120003046,0.2,0.0,family_a_W7,0.24292999799564,856,riverside05
10,1.0002430837038654,0.2,0.005,central,0.16750801331392945,856,riverside05
10,1.0002430837038654,0.2,0.005,savgol_w7p3,0.13228702630707528,856,riverside05
10,1.0002430837038654,0.2,0.005,smoothing_spline_default,0.5111865551027648,856,riverside05
10,1.0002430837038654,0.2,0.005,smoothing_spline_tuned,0.20145436469670902,856,riverside05
10,1.0002430837038654,0.2,0.005,family_a_W5,0.16623014848801385,856,riverside05
10,1.0002430837038654,0.2,0.005,family_a_W7,0.24531925106707955,856,riverside05
10,1.0007097628274848,0.2,0.02,central,0.21173042401203127,856,riverside05
10,1.0007097628274848,0.2,0.02,savgol_w7p3,0.1338921610992006,856,riverside05
10,1.0007097628274848,0.2,0.02,smoothing_spline_default,0.4928469844171045,856,riverside05
10,1.0007097628274848,0.2,0.02,smoothing_spline_tuned,0.19379760896098824,856,riverside05
10,1.0007097628274848,0.2,0.02,family_a_W5,0.16730642316262598,856,riverside05
10,1.0007097628274848,0.2,0.02,family_a_W7,0.2467693374175771,856,riverside05
10,1.0000005120003046,0.5,0.0,central,0.4033080159877605,856,riverside05
10,1.0000005120003046,0.5,0.0,savgol_w7p3,0.28997351059001747,856,riverside05
10,1.0000005120003046,0.5,0.0,smoothing_spline_default,0.47143142157799467,856,riverside05
10,1.0000005120003046,0.5,0.0,smoothing_spline_tuned,0.2505208166471646,856,riverside05
10,1.0000005120003046,0.5,0.0,family_a_W5,0.20079803309141314,856,riverside05
10,1.0000005120003046,0.5,0.0,family_a_W7,0.25114204491522857,856,riverside05
10,0.9997924521786342,0.5,0.005,central,0.41219915717051986,856,riverside05
10,0.9997924521786342,0.5,0.005,savgol_w7p3,0.30638150756317983,856,riverside05
10,0.9997924521786342,0.5,0.005,smoothing_spline_default,0.4586593743053668,856,riverside05
10,0.9997924521786342,0.5,0.005,smoothing_spline_tuned,0.3152811627947969,856,riverside05
10,0.9997924521786342,0.5,0.005,family_a_W5,0.20368270985798015,856,riverside05
10,0.9997924521786342,0.5,0.005,family_a_W7,0.25415142263785523,856,riverside05
10,0.9996642252716519,0.5,0.02,central,0.4094823049553192,856,riverside05
10,0.9996642252716519,0.5,0.02,savgol_w7p3,0.2756009872799026,856,riverside05
10,0.9996642252716519,0.5,0.02,smoothing_spline_default,0.4569590753449799,856,riverside05
10,0.9996642252716519,0.5,0.02,smoothing_spline_tuned,0.2705907125522284,856,riverside05
10,0.9996642252716519,0.5,0.02,family_a_W5,0.19862782343990398,856,riverside05
10,0.9996642252716519,0.5,0.02,family_a_W7,0.2538535074671904,856,riverside05
1,9.999948800267001,0.0,0.0,central,0.019325241742791353,27296,roundabout01
1,9.999948800267001,0.0,0.0,savgol_w7p3,0.01742790040164781,27296,roundabout01
1,9.999948800267001,0.0,0.0,smoothing_spline_default,0.5027944065860113,27296,roundabout01
1,9.999948800267001,0.0,0.0,smoothing_spline_tuned,0.02747435821669049,27296,roundabout01
1,9.999948800267001,0.0,0.0,family_a_W5,0.017559191374969217,27296,roundabout01
1,9.999948800267001,0.0,0.0,family_a_W7,0.022488109628546818,27296,roundabout01
1,10.001643459311008,0.0,0.005,central,0.1656146328973048,27296,roundabout01
1,10.001643459311008,0.0,0.005,savgol_w7p3,0.017663199873384956,27296,roundabout01
1,10.001643459311008,0.0,0.005,smoothing_spline_default,0.5028285912763241,27296,roundabout01
1,10.001643459311008,0.0,0.005,smoothing_spline_tuned,0.33479603980474104,27296,roundabout01
1,10.001643459311008,0.0,0.005,family_a_W5,0.060033392553281634,27296,roundabout01
1,10.001643459311008,0.0,0.005,family_a_W7,0.04200381725140302,27296,roundabout01
1,9.999735100676078,0.0,0.02,central,0.7336778590345877,27296,roundabout01
1,9.999735100676078,0.0,0.02,savgol_w7p3,0.04201090933698546,27296,roundabout01
1,9.999735100676078,0.0,0.02,smoothing_spline_default,0.5019078325636372,27296,roundabout01
1,9.999735100676078,0.0,0.02,smoothing_spline_tuned,41.997884632341545,27296,roundabout01
1,9.999735100676078,0.0,0.02,family_a_W5,0.22559149873761955,27296,roundabout01
1,9.999735100676078,0.0,0.02,family_a_W7,0.14149588927040108,27296,roundabout01
1,9.999948800267001,0.05,0.0,central,0.41935735868513463,27296,roundabout01
1,9.999948800267001,0.05,0.0,savgol_w7p3,0.3053200679981501,27296,roundabout01
1,9.999948800267001,0.05,0.0,smoothing_spline_default,0.5039524297168869,27296,roundabout01
1,9.999948800267001,0.05,0.0,smoothing_spline_tuned,0.047645241253238546,27296,roundabout01
1,9.999948800267001,0.05,0.0,family_a_W5,0.1467118813546617,27296,roundabout01
1,9.999948800267001,0.05,0.0,family_a_W7,0.0919846412471386,27296,roundabout01
1,10.001471698185643,0.05,0.005,central,0.4558455646499181,27296,roundabout01
1,10.001471698185643,0.05,0.005,savgol_w7p3,0.3051305261110187,27296,roundabout01
1,10.001471698185643,0.05,0.005,smoothing_spline_default,0.502061059750038,27296,roundabout01
1,10.001471698185643,0.05,0.005,smoothing_spline_tuned,0.05076626527584621,27296,roundabout01
1,10.001471698185643,0.05,0.005,family_a_W5,0.15664727360479977,27296,roundabout01
1,10.001471698185643,0.05,0.005,family_a_W7,0.0979550834942107,27296,roundabout01
1,9.991778632303518,0.05,0.02,central,0.8523977198567609,27296,roundabout01
1,9.991778632303518,0.05,0.02,savgol_w7p3,0.3074655809460327,27296,roundabout01
1,9.991778632303518,0.05,0.02,smoothing_spline_default,0.5039084559719602,27296,roundabout01
1,9.991778632303518,0.05,0.02,smoothing_spline_tuned,1.435069940291791,27296,roundabout01
1,9.991778632303518,0.05,0.02,family_a_W5,0.26669969689956546,27296,roundabout01
1,9.991778632303518,0.05,0.02,family_a_W7,0.16708488867714338,27296,roundabout01
1,9.999948800267001,0.2,0.0,central,1.6903006062662134,27296,roundabout01
1,9.999948800267001,0.2,0.0,savgol_w7p3,1.2274363913851245,27296,roundabout01
1,9.999948800267001,0.2,0.0,smoothing_spline_default,0.4920846963223543,27296,roundabout01
1,9.999948800267001,0.2,0.0,smoothing_spline_tuned,0.10783430972860436,27296,roundabout01
1,9.999948800267001,0.2,0.0,family_a_W5,0.5885636946598376,27296,roundabout01
1,9.999948800267001,0.2,0.0,family_a_W7,0.36405306182319885,27296,roundabout01
1,10.003428076598805,0.2,0.005,central,1.706694745937444,27296,roundabout01
1,10.003428076598805,0.2,0.005,savgol_w7p3,1.2340320156069877,27296,roundabout01
1,10.003428076598805,0.2,0.005,smoothing_spline_default,0.49447736669344283,27296,roundabout01
1,10.003428076598805,0.2,0.005,smoothing_spline_tuned,0.10562972898243617,27296,roundabout01
1,10.003428076598805,0.2,0.005,family_a_W5,0.5970637497515778,27296,roundabout01
1,10.003428076598805,0.2,0.005,family_a_W7,0.3661276143969021,27296,roundabout01
1,10.02358655818557,0.2,0.02,central,1.894610636862481,27296,roundabout01
1,10.02358655818557,0.2,0.02,savgol_w7p3,1.2162716189966771,27296,roundabout01
1,10.02358655818557,0.2,0.02,smoothing_spline_default,0.49257780360370956,27296,roundabout01
1,10.02358655818557,0.2,0.02,smoothing_spline_tuned,0.12612819944506629,27296,roundabout01
1,10.02358655818557,0.2,0.02,family_a_W5,0.6226219051569729,27296,roundabout01
1,10.02358655818557,0.2,0.02,family_a_W7,0.3855610908548999,27296,roundabout01
1,9.999948800267001,0.5,0.0,central,4.201191724852369,27296,roundabout01
1,9.999948800267001,0.5,0.0,savgol_w7p3,3.0615916129842997,27296,roundabout01
1,9.999948800267001,0.5,0.0,smoothing_spline_default,0.46025571780935876,27296,roundabout01
1,9.999948800267001,0.5,0.0,smoothing_spline_tuned,0.147199584033529,27296,roundabout01
1,9.999948800267001,0.5,0.0,family_a_W5,1.474430077946082,27296,roundabout01
1,9.999948800267001,0.5,0.0,family_a_W7,0.9060507163718028,27296,roundabout01
1,9.998842026944443,0.5,0.005,central,4.2358456359984435,27296,roundabout01
1,9.998842026944443,0.5,0.005,savgol_w7p3,3.0582289893799826,27296,roundabout01
1,9.998842026944443,0.5,0.005,smoothing_spline_default,0.45926909988838316,27296,roundabout01
1,9.998842026944443,0.5,0.005,smoothing_spline_tuned,0.1616518624243333,27296,roundabout01
1,9.998842026944443,0.5,0.005,family_a_W5,1.4677975616707297,27296,roundabout01
1,9.998842026944443,0.5,0.005,family_a_W7,0.9045760861634526,27296,roundabout01
1,9.997332040932724,0.5,0.02,central,4.427867132883003,27296,roundabout01
1,9.997332040932724,0.5,0.02,savgol_w7p3,3.0569144879117713,27296,roundabout01
1,9.997332040932724,0.5,0.02,smoothing_spline_default,0.4680071315582289,27296,roundabout01
1,9.997332040932724,0.5,0.02,smoothing_spline_tuned,0.14937323349822135,27296,roundabout01
1,9.997332040932724,0.5,0.02,family_a_W5,1.480074631218825,27296,roundabout01
1,9.997332040932724,0.5,0.02,family_a_W7,0.9072572852846679,27296,roundabout01
2,4.9999808000766865,0.0,0.0,central,0.016648762455005822,13648,roundabout01
2,4.9999808000766865,0.0,0.0,savgol_w7p3,0.021173828532333277,13648,roundabout01
2,4.9999808000766865,0.0,0.0,smoothing_spline_default,0.5003935749744125,13648,roundabout01
2,4.9999808000766865,0.0,0.0,smoothing_spline_tuned,0.019097459980909427,13648,roundabout01
2,4.9999808000766865,0.0,0.0,family_a_W5,0.026875038795443007,13648,roundabout01
2,4.9999808000766865,0.0,0.0,family_a_W7,0.033223237831580786,13648,roundabout01
2,4.999034575549382,0.0,0.005,central,0.08304420764118331,13648,roundabout01
2,4.999034575549382,0.0,0.005,savgol_w7p3,0.02147948713832649,13648,roundabout01
2,4.999034575549382,0.0,0.005,smoothing_spline_default,0.5003735091330942,13648,roundabout01
2,4.999034575549382,0.0,0.005,smoothing_spline_tuned,0.1586825616872781,13648,roundabout01
2,4.999034575549382,0.0,0.005,family_a_W5,0.03893201259592417,13648,roundabout01
2,4.999034575549382,0.0,0.005,family_a_W7,0.03735212377126521,13648,roundabout01
2,5.00186783950828,0.0,0.02,central,0.3379804269146027,13648,roundabout01
2,5.00186783950828,0.0,0.02,savgol_w7p3,0.023560056533532256,13648,roundabout01
2,5.00186783950828,0.0,0.02,smoothing_spline_default,0.5007637123849397,13648,roundabout01
2,5.00186783950828,0.0,0.02,smoothing_spline_tuned,0.7904769786782471,13648,roundabout01
2,5.00186783950828,0.0,0.02,family_a_W5,0.11622871764415539,13648,roundabout01
2,5.00186783950828,0.0,0.02,family_a_W7,0.07678978338863898,13648,roundabout01
2,4.9999808000766865,0.05,0.0,central,0.21016047335002283,13648,roundabout01
2,4.9999808000766865,0.05,0.0,savgol_w7p3,0.1532615259425466,13648,roundabout01
2,4.9999808000766865,0.05,0.0,smoothing_spline_default,0.49977376486453523,13648,roundabout01
2,4.9999808000766865,0.05,0.0,smoothing_spline_tuned,0.05897871034272409,13648,roundabout01
2,4.9999808000766865,0.05,0.0,family_a_W5,0.07607212410905666,13648,roundabout01
2,4.9999808000766865,0.05,0.0,family_a_W7,0.05489163061889498,13648,roundabout01
2,5.000104255020772,0.05,0.005,central,0.22467475969259323,13648,roundabout01
2,5.000104255020772,0.05,0.005,savgol_w7p3,0.1517202603854433,13648,roundabout01
2,5.000104255020772,0.05,0.005,smoothing_spline_default,0.5020418054602044,13648,roundabout01
2,5.000104255020772,0.05,0.005,smoothing_spline_tuned,0.053826141954806624,13648,roundabout01
2,5.000104255020772,0.05,0.005,family_a_W5,0.08188885131509917,13648,roundabout01
2,5.000104255020772,0.05,0.005,family_a_W7,0.05813975393971149,13648,roundabout01
2,5.001886530598486,0.05,0.02,central,0.39823717625015936,13648,roundabout01
2,5.001886530598486,0.05,0.02,savgol_w7p3,0.1552033733317944,13648,roundabout01
2,5.001886530598486,0.05,0.02,smoothing_spline_default,0.4991885656960303,13648,roundabout01
2,5.001886530598486,0.05,0.02,smoothing_spline_tuned,0.5190313482274947,13648,roundabout01
2,5.001886530598486,0.05,0.02,family_a_W5,0.1377227187798221,13648,roundabout01
2,5.001886530598486,0.05,0.02,family_a_W7,0.09049144929538515,13648,roundabout01
2,4.9999808000766865,0.2,0.0,central,0.8314128317897335,13648,roundabout01
2,4.9999808000766865,0.2,0.0,savgol_w7p3,0.6055775478596803,13648,roundabout01
2,4.9999808000766865,0.2,0.0,smoothing_spline_default,0.4956457088625686,13648,roundabout01
2,4.9999808000766865,0.2,0.0,smoothing_spline_tuned,0.11415945056161633,13648,roundabout01
2,4.9999808000766865,0.2,0.0,family_a_W5,0.2914111825399178,13648,roundabout01
2,4.9999808000766865,0.2,0.0,family_a_W7,0.18014317137183078,13648,roundabout01
2,5.00212196844147,0.2,0.005,central,0.8500297904888874,13648,roundabout01
2,5.00212196844147,0.2,0.005,savgol_w7p3,0.6078398408131223,13648,roundabout01
2,5.00212196844147,0.2,0.005,smoothing_spline_default,0.4950900167935856,13648,roundabout01
2,5.00212196844147,0.2,0.005,smoothing_spline_tuned,0.11122789214414386,13648,roundabout01
2,5.00212196844147,0.2,0.005,family_a_W5,0.29193679317417104,13648,roundabout01
2,5.00212196844147,0.2,0.005,family_a_W7,0.18156800403780377,13648,roundabout01
2,4.991562628561266,0.2,0.02,central,0.9220714305640714,13648,roundabout01
2,4.991562628561266,0.2,0.02,savgol_w7p3,0.6118189189077906,13648,roundabout01
2,4.991562628561266,0.2,0.02,smoothing_spline_default,0.494747224060117,13648,roundabout01
2,4.991562628561266,0.2,0.02,smoothing_spline_tuned,0.11571531730227426,13648,roundabout01
2,4.991562628561266,0.2,0.02,family_a_W5,0.3138147273758568,13648,roundabout01
2,4.991562628561266,0.2,0.02,family_a_W7,0.1936804374959197,13648,roundabout01
2,4.9999808000766865,0.5,0.0,central,2.105657292958709,13648,roundabout01
2,4.9999808000766865,0.5,0.0,savgol_w7p3,1.5240392598097148,13648,roundabout01
2,4.9999808000766865,0.5,0.0,smoothing_spline_default,0.46770311924176283,13648,roundabout01
2,4.9999808000766865,0.5,0.0,smoothing_spline_tuned,0.17191962783183712,13648,roundabout01
2,4.9999808000766865,0.5,0.0,family_a_W5,0.7255222479783485,13648,roundabout01
2,4.9999808000766865,0.5,0.0,family_a_W7,0.4469040409943925,13648,roundabout01
2,5.001054774229889,0.5,0.005,central,2.102156594654752,13648,roundabout01
2,5.001054774229889,0.5,0.005,savgol_w7p3,1.5207818948700227,13648,roundabout01
2,5.001054774229889,0.5,0.005,smoothing_spline_default,0.46567124879405325,13648,roundabout01
2,5.001054774229889,0.5,0.005,smoothing_spline_tuned,0.18582917386150097,13648,roundabout01
2,5.001054774229889,0.5,0.005,family_a_W5,0.7250942362600932,13648,roundabout01
2,5.001054774229889,0.5,0.005,family_a_W7,0.45089110799269433,13648,roundabout01
2,5.002062680336307,0.5,0.02,central,2.149982724720379,13648,roundabout01
2,5.002062680336307,0.5,0.02,savgol_w7p3,1.5348777896730599,13648,roundabout01
2,5.002062680336307,0.5,0.02,smoothing_spline_default,0.4690813749368306,13648,roundabout01
2,5.002062680336307,0.5,0.02,smoothing_spline_tuned,0.17418642126502515,13648,roundabout01
2,5.002062680336307,0.5,0.02,family_a_W5,0.7422868608752874,13648,roundabout01
2,5.002062680336307,0.5,0.02,family_a_W7,0.45810883528405894,13648,roundabout01
5,1.999984640118512,0.0,0.0,central,0.03395140954512345,5460,roundabout01
5,1.999984640118512,0.0,0.0,savgol_w7p3,0.03633507565737973,5460,roundabout01
5,1.999984640118512,0.0,0.0,smoothing_spline_default,0.5014610419766388,5460,roundabout01
5,1.999984640118512,0.0,0.0,smoothing_spline_tuned,0.04158565232561724,5460,roundabout01
5,1.999984640118512,0.0,0.0,family_a_W5,0.0672929310317801,5460,roundabout01
5,1.999984640118512,0.0,0.0,family_a_W7,0.10592725031256542,5460,roundabout01
5,2.0002379361312297,0.0,0.005,central,0.047120252332121026,5460,roundabout01
5,2.0002379361312297,0.0,0.005,savgol_w7p3,0.036416848725419934,5460,roundabout01
5,2.0002379361312297,0.0,0.005,smoothing_spline_default,0.5063188798382329,5460,roundabout01
5,2.0002379361312297,0.0,0.005,smoothing_spline_tuned,0.05250990869207193,5460,roundabout01
5,2.0002379361312297,0.0,0.005,family_a_W5,0.0685792734456553,5460,roundabout01
5,2.0002379361312297,0.0,0.005,family_a_W7,0.10627198308071145,5460,roundabout01
5,2.0006863337246865,0.0,0.02,central,0.14086609466550187,5460,roundabout01
5,2.0006863337246865,0.0,0.02,savgol_w7p3,0.038018798312488604,5460,roundabout01
5,2.0006863337246865,0.0,0.02,smoothing_spline_default,0.5080834017128097,5460,roundabout01
5,2.0006863337246865,0.0,0.02,smoothing_spline_tuned,0.2615808422672818,5460,roundabout01
5,2.0006863337246865,0.0,0.02,family_a_W5,0.082152222614304,5460,roundabout01
5,2.0006863337246865,0.0,0.02,family_a_W7,0.11019231710916798,5460,roundabout01
5,1.999984640118512,0.05,0.0,central,0.08918598943793338,5460,roundabout01
5,1.999984640118512,0.05,0.0,savgol_w7p3,0.07031409851973025,5460,roundabout01
5,1.999984640118512,0.05,0.0,smoothing_spline_default,0.5020043227942993,5460,roundabout01
5,1.999984640118512,0.05,0.0,smoothing_spline_tuned,0.08528296717419163,5460,roundabout01
5,1.999984640118512,0.05,0.0,family_a_W5,0.07293645368995713,5460,roundabout01
5,1.999984640118512,0.05,0.0,family_a_W7,0.1072428508306859,5460,roundabout01
5,1.9997621731315822,0.05,0.005,central,0.0946429113356259,5460,roundabout01
5,1.9997621731315822,0.05,0.005,savgol_w7p3,0.06792820421415635,5460,roundabout01
5,1.9997621731315822,0.05,0.005,smoothing_spline_default,0.5042066947511125,5460,roundabout01
5,1.9997621731315822,0.05,0.005,smoothing_spline_tuned,0.08328142390657435,5460,roundabout01
5,1.9997621731315822,0.05,0.005,family_a_W5,0.0729744524464793,5460,roundabout01
5,1.9997621731315822,0.05,0.005,family_a_W7,0.10745389001946211,5460,roundabout01
5,2.001500643516144,0.05,0.02,central,0.15749777422305616,5460,roundabout01
5,2.001500643516144,0.05,0.02,savgol_w7p3,0.07011349290958718,5460,roundabout01
5,2.001500643516144,0.05,0.02,smoothing_spline_default,0.5049116405146215,5460,roundabout01
5,2.001500643516144,0.05,0.02,smoothing_spline_tuned,0.16771421383760965,5460,roundabout01
5,2.001500643516144,0.05,0.02,family_a_W5,0.08575279693213751,5460,roundabout01
5,2.001500643516144,0.05,0.02,family_a_W7,0.11071058070115512,5460,roundabout01
5,1.999984640118512,0.2,0.0,central,0.34016721856637455,5460,roundabout01
5,1.999984640118512,0.2,0.0,savgol_w7p3,0.25022488848843466,5460,roundabout01
5,1.999984640118512,0.2,0.0,smoothing_spline_default,0.5004060021118284,5460,roundabout01
5,1.999984640118512,0.2,0.0,smoothing_spline_tuned,0.14496290539028328,5460,roundabout01
5,1.999984640118512,0.2,0.0,family_a_W5,0.13553520357463852,5460,roundabout01
5,1.999984640118512,0.2,0.0,family_a_W7,0.12915635468516137,5460,roundabout01
5,1.999305050125748,0.2,0.005,central,0.34152988764926606,5460,roundabout01
5,1.999305050125748,0.2,0.005,savgol_w7p3,0.24485647812185948,5460,roundabout01
5,1.999305050125748,0.2,0.005,smoothing_spline_default,0.495513389081035,5460,roundabout01
5,1.999305050125748,0.2,0.005,smoothing_spline_tuned,0.14095368039111889,5460,roundabout01
5,1.999305050125748,0.2,0.005,family_a_W5,0.13418305560591456,5460,roundabout01
5,1.999305050125748,0.2,0.005,family_a_W7,0.12851261074908343,5460,roundabout01
5,2.0002179522364734,0.2,0.02,central,0.3626620231170736,5460,roundabout01
5,2.0002179522364734,0.2,0.02,savgol_w7p3,0.2470326693920846,5460,roundabout01
5,2.0002179522364734,0.2,0.02,smoothing_spline_default,0.4960972422115914,5460,roundabout01
5,2.0002179522364734,0.2,0.02,smoothing_spline_tuned,0.13367637991082737,5460,roundabout01
5,2.0002179522364734,0.2,0.02,family_a_W5,0.1390344488957241,5460,roundabout01
5,2.0002179522364734,0.2,0.02,family_a_W7,0.12713053847433964,5460,roundabout01
5,1.999984640118512,0.5,0.0,central,0.8402868862094797,5460,roundabout01
5,1.999984640118512,0.5,0.0,savgol_w7p3,0.6074077229082236,5460,roundabout01
5,1.999984640118512,0.5,0.0,smoothing_spline_default,0.47505335669963505,5460,roundabout01
5,1.999984640118512,0.5,0.0,smoothing_spline_tuned,0.21757959786247813,5460,roundabout01
5,1.999984640118512,0.5,0.0,family_a_W5,0.29762398616772107,5460,roundabout01
5,1.999984640118512,0.5,0.0,family_a_W7,0.20755288975427322,5460,roundabout01
5,2.0000607714830783,0.5,0.005,central,0.828419876089418,5460,roundabout01
5,2.0000607714830783,0.5,0.005,savgol_w7p3,0.597276962308565,5460,roundabout01
5,2.0000607714830783,0.5,0.005,smoothing_spline_default,0.46934734374244425,5460,roundabout01
5,2.0000607714830783,0.5,0.005,smoothing_spline_tuned,0.21923140231334398,5460,roundabout01
5,2.0000607714830783,0.5,0.005,family_a_W5,0.2931861180844483,5460,roundabout01
5,2.0000607714830783,0.5,0.005,family_a_W7,0.2048983158211045,5460,roundabout01
5,2.0018731594434622,0.5,0.02,central,0.8545191458114525,5460,roundabout01
5,2.0018731594434622,0.5,0.02,savgol_w7p3,0.6121518439140603,5460,roundabout01
5,2.0018731594434622,0.5,0.02,smoothing_spline_default,0.475436074190321,5460,roundabout01
5,2.0018731594434622,0.5,0.02,smoothing_spline_tuned,0.21621554638703433,5460,roundabout01
5,2.0018731594434622,0.5,0.02,family_a_W5,0.30475639828790935,5460,roundabout01
5,2.0018731594434622,0.5,0.02,family_a_W7,0.21384961477023745,5460,roundabout01
10,0.9999964160127759,0.0,0.0,central,0.07046188770175664,2730,roundabout01
10,0.9999964160127759,0.0,0.0,savgol_w7p3,0.08787184025473518,2730,roundabout01
10,0.9999964160127759,0.0,0.0,smoothing_spline_default,0.4981735532053016,2730,roundabout01
10,0.9999964160127759,0.0,0.0,smoothing_spline_tuned,0.09268669554925404,2730,roundabout01
10,0.9999964160127759,0.0,0.0,family_a_W5,0.17150496506692398,2730,roundabout01
10,0.9999964160127759,0.0,0.0,family_a_W7,0.25521181178308217,2730,roundabout01
10,0.9999795350456686,0.0,0.005,central,0.07201858315357856,2730,roundabout01
10,0.9999795350456686,0.0,0.005,savgol_w7p3,0.08801576161995482,2730,roundabout01
10,0.9999795350456686,0.0,0.005,smoothing_spline_default,0.49798915596564075,2730,roundabout01
10,0.9999795350456686,0.0,0.005,smoothing_spline_tuned,0.08978925507002868,2730,roundabout01
10,0.9999795350456686,0.0,0.005,family_a_W5,0.17149881625860075,2730,roundabout01
10,0.9999795350456686,0.0,0.005,family_a_W7,0.2549883579149358,2730,roundabout01
10,0.9995530994386999,0.0,0.02,central,0.09786210736608066,2730,roundabout01
10,0.9995530994386999,0.0,0.02,savgol_w7p3,0.08862059001895686,2730,roundabout01
10,0.9995530994386999,0.0,0.02,smoothing_spline_default,0.4994531012610413,2730,roundabout01
10,0.9995530994386999,0.0,0.02,smoothing_spline_tuned,0.11515594086884928,2730,roundabout01
10,0.9995530994386999,0.0,0.02,family_a_W5,0.17215808268069643,2730,roundabout01
10,0.9995530994386999,0.0,0.02,family_a_W7,0.2549130928858625,2730,roundabout01
10,0.9999964160127759,0.05,0.0,central,0.08012513036807385,2730,roundabout01
10,0.9999964160127759,0.05,0.0,savgol_w7p3,0.09177665782182262,2730,roundabout01
10,0.9999964160127759,0.05,0.0,smoothing_spline_default,0.501428583227614,2730,roundabout01
10,0.9999964160127759,0.05,0.0,smoothing_spline_tuned,0.1316263580506285,2730,roundabout01
10,0.9999964160127759,0.05,0.0,family_a_W5,0.17199354966011207,2730,roundabout01
10,0.9999964160127759,0.05,0.0,family_a_W7,0.25529398309472623,2730,roundabout01
10,1.0000456713376795,0.05,0.005,central,0.08271551515793593,2730,roundabout01
10,1.0000456713376795,0.05,0.005,savgol_w7p3,0.0932087103595617,2730,roundabout01
10,1.0000456713376795,0.05,0.005,smoothing_spline_default,0.4996797845293056,2730,roundabout01
10,1.0000456713376795,0.05,0.005,smoothing_spline_tuned,0.133971308429306,2730,roundabout01
10,1.0000456713376795,0.05,0.005,family_a_W5,0.17192110792995863,2730,roundabout01
10,1.0000456713376795,0.05,0.005,family_a_W7,0.2555071840148263,2730,roundabout01
10,1.0002257319841465,0.05,0.02,central,0.10565464007677802,2730,roundabout01
10,1.0002257319841465,0.05,0.02,savgol_w7p3,0.0928988754469967,2730,roundabout01
10,1.0002257319841465,0.05,0.02,smoothing_spline_default,0.49716262148862,2730,roundabout01
10,1.0002257319841465,0.05,0.02,smoothing_spline_tuned,0.12708202906083893,2730,roundabout01
10,1.0002257319841465,0.05,0.02,family_a_W5,0.17520641692726607,2730,roundabout01
10,1.0002257319841465,0.05,0.02,family_a_W7,0.2563799535739265,2730,roundabout01
10,0.9999964160127759,0.2,0.0,central,0.18229173049152195,2730,roundabout01
10,0.9999964160127759,0.2,0.0,savgol_w7p3,0.15244789886305224,2730,roundabout01
10,0.9999964160127759,0.2,0.0,smoothing_spline_default,0.49207520924215675,2730,roundabout01
10,0.9999964160127759,0.2,0.0,smoothing_spline_tuned,0.19884812821894066,2730,roundabout01
10,0.9999964160127759,0.2,0.0,family_a_W5,0.1818281176394912,2730,roundabout01
10,0.9999964160127759,0.2,0.0,family_a_W7,0.25760971281135464,2730,roundabout01
10,0.9999971233570236,0.2,0.005,central,0.18334795617560734,2730,roundabout01
10,0.9999971233570236,0.2,0.005,savgol_w7p3,0.14945797379936665,2730,roundabout01
10,0.9999971233570236,0.2,0.005,smoothing_spline_default,0.4982905588530705,2730,roundabout01
10,0.9999971233570236,0.2,0.005,smoothing_spline_tuned,0.1914443987198473,2730,roundabout01
10,0.9999971233570236,0.2,0.005,family_a_W5,0.18204216204456242,2730,roundabout01
10,0.9999971233570236,0.2,0.005,family_a_W7,0.25841335140483734,2730,roundabout01
10,1.0000789434573716,0.2,0.02,central,0.19827651842721372,2730,roundabout01
10,1.0000789434573716,0.2,0.02,savgol_w7p3,0.15204412335705328,2730,roundabout01
10,1.0000789434573716,0.2,0.02,smoothing_spline_default,0.4961472874348527,2730,roundabout01
10,1.0000789434573716,0.2,0.02,smoothing_spline_tuned,0.202538562448355,2730,roundabout01
10,1.0000789434573716,0.2,0.02,family_a_W5,0.1854799163285248,2730,roundabout01
10,1.0000789434573716,0.2,0.02,family_a_W7,0.25888499920675995,2730,roundabout01
10,0.9999964160127759,0.5,0.0,central,0.43703498088025217,2730,roundabout01
10,0.9999964160127759,0.5,0.0,savgol_w7p3,0.3238205377678728,2730,roundabout01
10,0.9999964160127759,0.5,0.0,smoothing_spline_default,0.4732839772921929,2730,roundabout01
10,0.9999964160127759,0.5,0.0,smoothing_spline_tuned,0.2520572821553206,2730,roundabout01
10,0.9999964160127759,0.5,0.0,family_a_W5,0.22724399503411288,2730,roundabout01
10,0.9999964160127759,0.5,0.0,family_a_W7,0.27245937573100715,2730,roundabout01
10,1.0000187395365705,0.5,0.005,central,0.4262288462631936,2730,roundabout01
10,1.0000187395365705,0.5,0.005,savgol_w7p3,0.31774952684759195,2730,roundabout01
10,1.0000187395365705,0.5,0.005,smoothing_spline_default,0.46156481908578895,2730,roundabout01
10,1.0000187395365705,0.5,0.005,smoothing_spline_tuned,0.27127854248757155,2730,roundabout01
10,1.0000187395365705,0.5,0.005,family_a_W5,0.22504497210371804,2730,roundabout01
10,1.0000187395365705,0.5,0.005,family_a_W7,0.2712124587053114,2730,roundabout01
10,1.0005916824164138,0.5,0.02,central,0.430955617074021,2730,roundabout01
10,1.0005916824164138,0.5,0.02,savgol_w7p3,0.31186734472585664,2730,roundabout01
10,1.0005916824164138,0.5,0.02,smoothing_spline_default,0.46472908556729725,2730,roundabout01
10,1.0005916824164138,0.5,0.02,smoothing_spline_tuned,0.2607537048887167,2730,roundabout01
10,1.0005916824164138,0.5,0.02,family_a_W5,0.22377253372023936,2730,roundabout01
10,1.0005916824164138,0.5,0.02,family_a_W7,0.26738414525844406,2730,roundabout01
1,9.999948800267001,0.0,0.0,central,0.027219024151239286,24140,town01
1,9.999948800267001,0.0,0.0,savgol_w7p3,0.027405079580133513,24140,town01
1,9.999948800267001,0.0,0.0,smoothing_spline_default,0.4386160982110661,24140,town01
1,9.999948800267001,0.0,0.0,smoothing_spline_tuned,0.03565729838546971,24140,town01
1,9.999948800267001,0.0,0.0,family_a_W5,0.0231564442215176,24140,town01
1,9.999948800267001,0.0,0.0,family_a_W7,0.025368776016443457,24140,town01
1,10.00246050458345,0.0,0.005,central,0.1484261441719032,24140,town01
1,10.00246050458345,0.0,0.005,savgol_w7p3,0.027480335942516497,24140,town01
1,10.00246050458345,0.0,0.005,smoothing_spline_default,0.4379423467209256,24140,town01
1,10.00246050458345,0.0,0.005,smoothing_spline_tuned,0.295671202942519,24140,town01
1,10.00246050458345,0.0,0.005,family_a_W5,0.05550582004261473,24140,town01
1,10.00246050458345,0.0,0.005,family_a_W7,0.039989801956553245,24140,town01
1,10.010164834523069,0.0,0.02,central,0.6514727824564897,24140,town01
1,10.010164834523069,0.0,0.02,savgol_w7p3,0.08731235570650406,24140,town01
1,10.010164834523069,0.0,0.02,smoothing_spline_default,0.43752327369640104,24140,town01
1,10.010164834523069,0.0,0.02,smoothing_spline_tuned,181.85339131484795,24140,town01
1,10.010164834523069,0.0,0.02,family_a_W5,0.1999627891239449,24140,town01
1,10.010164834523069,0.0,0.02,family_a_W7,0.12550096525689944,24140,town01
1,9.999948800267001,0.05,0.0,central,0.3860653586150954,24140,town01
1,9.999948800267001,0.05,0.0,savgol_w7p3,0.28136273308122817,24140,town01
1,9.999948800267001,0.05,0.0,smoothing_spline_default,0.4381818270373874,24140,town01
1,9.999948800267001,0.05,0.0,smoothing_spline_tuned,0.05097784127326284,24140,town01
1,9.999948800267001,0.05,0.0,family_a_W5,0.1347294320976365,24140,town01
1,9.999948800267001,0.05,0.0,family_a_W7,0.08562937580977328,24140,town01
1,10.005082838271948,0.05,0.005,central,0.41523089621626924,24140,town01
1,10.005082838271948,0.05,0.005,savgol_w7p3,0.28300896412539694,24140,town01
1,10.005082838271948,0.05,0.005,smoothing_spline_default,0.4382405215529909,24140,town01
1,10.005082838271948,0.05,0.005,smoothing_spline_tuned,0.051213969245991704,24140,town01
1,10.005082838271948,0.05,0.005,family_a_W5,0.1444072817226913,24140,town01
1,10.005082838271948,0.05,0.005,family_a_W7,0.0915924311640048,24140,town01
1,9.983921826470747,0.05,0.02,central,0.7753827610549663,24140,town01
1,9.983921826470747,0.05,0.02,savgol_w7p3,0.27880437150286874,24140,town01
1,9.983921826470747,0.05,0.02,smoothing_spline_default,0.43670440926005283,24140,town01
1,9.983921826470747,0.05,0.02,smoothing_spline_tuned,1.4704158309546627,24140,town01
1,9.983921826470747,0.05,0.02,family_a_W5,0.24331911940219503,24140,town01
1,9.983921826470747,0.05,0.02,family_a_W7,0.15184274206531923,24140,town01
1,9.999948800267001,0.2,0.0,central,1.5354276126774336,24140,town01
1,9.999948800267001,0.2,0.0,savgol_w7p3,1.1123188606701,24140,town01
1,9.999948800267001,0.2,0.0,smoothing_spline_default,0.43210626354216075,24140,town01
1,9.999948800267001,0.2,0.0,smoothing_spline_tuned,0.09361408334842304,24140,town01
1,9.999948800267001,0.2,0.0,family_a_W5,0.5341123385257787,24140,town01
1,9.999948800267001,0.2,0.0,family_a_W7,0.3327125761328181,24140,town01
1,10.005288890568497,0.2,0.005,central,1.5265248411802415,24140,town01
1,10.005288890568497,0.2,0.005,savgol_w7p3,1.1023411213614571,24140,town01
1,10.005288890568497,0.2,0.005,smoothing_spline_default,0.43621675003904514,24140,town01
1,10.005288890568497,0.2,0.005,smoothing_spline_tuned,0.10106185994919198,24140,town01
1,10.005288890568497,0.2,0.005,family_a_W5,0.530626725552787,24140,town01
1,10.005288890568497,0.2,0.005,family_a_W7,0.32821576458789775,24140,town01
1,10.019990832287979,0.2,0.02,central,1.7423924265510873,24140,town01
1,10.019990832287979,0.2,0.02,savgol_w7p3,1.1095985758476714,24140,town01
1,10.019990832287979,0.2,0.02,smoothing_spline_default,0.4292532118267175,24140,town01
1,10.019990832287979,0.2,0.02,smoothing_spline_tuned,0.1299393878773738,24140,town01
1,10.019990832287979,0.2,0.02,family_a_W5,0.5690674998289802,24140,town01
1,10.019990832287979,0.2,0.02,family_a_W7,0.3521599748797758,24140,town01
1,9.999948800267001,0.5,0.0,central,3.8864719398806025,24140,town01
1,9.999948800267001,0.5,0.0,savgol_w7p3,2.7825085680677217,24140,town01
1,9.999948800267001,0.5,0.0,smoothing_spline_default,0.4160937762156112,24140,town01
1,9.999948800267001,0.5,0.0,smoothing_spline_tuned,0.1496397192712616,24140,town01
1,9.999948800267001,0.5,0.0,family_a_W5,1.3136058264718313,24140,town01
1,9.999948800267001,0.5,0.0,family_a_W7,0.8159877161505507,24140,town01
1,10.00120890288443,0.5,0.005,central,3.9187189603253194,24140,town01
1,10.00120890288443,0.5,0.005,savgol_w7p3,2.801309922909269,24140,town01
1,10.00120890288443,0.5,0.005,smoothing_spline_default,0.40398776821376464,24140,town01
1,10.00120890288443,0.5,0.005,smoothing_spline_tuned,0.14046461710089894,24140,town01
1,10.00120890288443,0.5,0.005,family_a_W5,1.341393806141541,24140,town01
1,10.00120890288443,0.5,0.005,family_a_W7,0.8299615043121638,24140,town01
1,9.995013003966982,0.5,0.02,central,4.170643541617251,24140,town01
1,9.995013003966982,0.5,0.02,savgol_w7p3,2.8089988725990716,24140,town01
1,9.995013003966982,0.5,0.02,smoothing_spline_default,0.41539472880510586,24140,town01
1,9.995013003966982,0.5,0.02,smoothing_spline_tuned,0.14731560639711613,24140,town01
1,9.995013003966982,0.5,0.02,family_a_W5,1.347578805594371,24140,town01
1,9.995013003966982,0.5,0.02,family_a_W7,0.8307399749596415,24140,town01
2,4.999987200030572,0.0,0.0,central,0.023359406344658044,12070,town01
2,4.999987200030572,0.0,0.0,savgol_w7p3,0.02599493080343333,12070,town01
2,4.999987200030572,0.0,0.0,smoothing_spline_default,0.4378650131483639,12070,town01
2,4.999987200030572,0.0,0.0,smoothing_spline_tuned,0.029105427138828625,12070,town01
2,4.999987200030572,0.0,0.0,family_a_W5,0.030054445877675025,12070,town01
2,4.999987200030572,0.0,0.0,family_a_W7,0.036653273977084996,12070,town01
2,4.999188118331461,0.0,0.005,central,0.07748024135177299,12070,town01
2,4.999188118331461,0.0,0.005,savgol_w7p3,0.02611299827169032,12070,town01
2,4.999188118331461,0.0,0.005,smoothing_spline_default,0.4378585640618542,12070,town01
2,4.999188118331461,0.0,0.005,smoothing_spline_tuned,0.1399749198102031,12070,town01
2,4.999188118331461,0.0,0.005,family_a_W5,0.038956436082357444,12070,town01
2,4.999188118331461,0.0,0.005,family_a_W7,0.03988397325340738,12070,town01
2,4.99997116051454,0.0,0.02,central,0.3058264940316033,12070,town01
2,4.99997116051454,0.0,0.02,savgol_w7p3,0.02702409603038726,12070,town01
2,4.99997116051454,0.0,0.02,smoothing_spline_default,0.4374035918493488,12070,town01
2,4.99997116051454,0.0,0.02,smoothing_spline_tuned,0.7150398673387452,12070,town01
2,4.99997116051454,0.0,0.02,family_a_W5,0.10518736453925634,12070,town01
2,4.99997116051454,0.0,0.02,family_a_W7,0.07154483670697943,12070,town01
2,4.999987200030572,0.05,0.0,central,0.19354021270820562,12070,town01
2,4.999987200030572,0.05,0.0,savgol_w7p3,0.1417700233987932,12070,town01
2,4.999987200030572,0.05,0.0,smoothing_spline_default,0.4377469737992007,12070,town01
2,4.999987200030572,0.05,0.0,smoothing_spline_tuned,0.06022653771080929,12070,town01
2,4.999987200030572,0.05,0.0,family_a_W5,0.07181971599826621,12070,town01
2,4.999987200030572,0.05,0.0,family_a_W7,0.05431720007987431,12070,town01
2,5.000203083111736,0.05,0.005,central,0.20579781457069793,12070,town01
2,5.000203083111736,0.05,0.005,savgol_w7p3,0.14068555629227097,12070,town01
2,5.000203083111736,0.05,0.005,smoothing_spline_default,0.4380844455797898,12070,town01
2,5.000203083111736,0.05,0.005,smoothing_spline_tuned,0.058406116844816065,12070,town01
2,5.000203083111736,0.05,0.005,family_a_W5,0.0778545128477525,12070,town01
2,5.000203083111736,0.05,0.005,family_a_W7,0.05625590627057871,12070,town01
2,4.996564138788448,0.05,0.02,central,0.35777265133366887,12070,town01
2,4.996564138788448,0.05,0.02,savgol_w7p3,0.1421204889532126,12070,town01
2,4.996564138788448,0.05,0.02,smoothing_spline_default,0.43753848691905084,12070,town01
2,4.996564138788448,0.05,0.02,smoothing_spline_tuned,0.47703368870117013,12070,town01
2,4.996564138788448,0.05,0.02,family_a_W5,0.12181061601626196,12070,town01
2,4.996564138788448,0.05,0.02,family_a_W7,0.08129342002522441,12070,town01
2,4.999987200030572,0.2,0.0,central,0.7751893726306645,12070,town01
2,4.999987200030572,0.2,0.0,savgol_w7p3,0.559562856988637,12070,town01
2,4.999987200030572,0.2,0.0,smoothing_spline_default,0.4308903570777001,12070,town01
2,4.999987200030572,0.2,0.0,smoothing_spline_tuned,0.11594136458179519,12070,town01
2,4.999987200030572,0.2,0.0,family_a_W5,0.26740453083360066,12070,town01
2,4.999987200030572,0.2,0.0,family_a_W7,0.16521578587210997,12070,town01
2,5.000166391344492,0.2,0.005,central,0.7751154052139982,12070,town01
2,5.000166391344492,0.2,0.005,savgol_w7p3,0.5589652343167226,12070,town01
2,5.000166391344492,0.2,0.005,smoothing_spline_default,0.43480525681422705,12070,town01
2,5.000166391344492,0.2,0.005,smoothing_spline_tuned,0.10849831275489327,12070,town01
2,5.000166391344492,0.2,0.005,family_a_W5,0.2708823512617883,12070,town01
2,5.000166391344492,0.2,0.005,family_a_W7,0.1709606621015175,12070,town01
2,5.001416656601809,0.2,0.02,central,0.8429417533238616,12070,town01
2,5.001416656601809,0.2,0.02,savgol_w7p3,0.5611653160692583,12070,town01
2,5.001416656601809,0.2,0.02,smoothing_spline_default,0.43809217297097375,12070,town01
2,5.001416656601809,0.2,0.02,smoothing_spline_tuned,0.13422916013601396,12070,town01
2,5.001416656601809,0.2,0.02,family_a_W5,0.2897425453515197,12070,town01
2,5.001416656601809,0.2,0.02,family_a_W7,0.17932911149795774,12070,town01
2,4.999987200030572,0.5,0.0,central,1.8815835773275738,12070,town01
2,4.999987200030572,0.5,0.0,savgol_w7p3,1.3657282338821326,12070,town01
2,4.999987200030572,0.5,0.0,smoothing_spline_default,0.41241085178885206,12070,town01
2,4.999987200030572,0.5,0.0,smoothing_spline_tuned,0.16076898485466842,12070,town01
2,4.999987200030572,0.5,0.0,family_a_W5,0.6610839379623412,12070,town01
2,4.999987200030572,0.5,0.0,family_a_W7,0.40749550614976593,12070,town01
2,5.0024580476591565,0.5,0.005,central,1.913534598662487,12070,town01
2,5.0024580476591565,0.5,0.005,savgol_w7p3,1.3871879583286066,12070,town01
2,5.0024580476591565,0.5,0.005,smoothing_spline_default,0.4116668856406241,12070,town01
2,5.0024580476591565,0.5,0.005,smoothing_spline_tuned,0.15277772075024984,12070,town01
2,5.0024580476591565,0.5,0.005,family_a_W5,0.6586549408068191,12070,town01
2,5.0024580476591565,0.5,0.005,family_a_W7,0.4034142310516776,12070,town01
2,4.999577984860663,0.5,0.02,central,1.964083466976732,12070,town01
2,4.999577984860663,0.5,0.02,savgol_w7p3,1.3830159361118806,12070,town01
2,4.999577984860663,0.5,0.02,smoothing_spline_default,0.40612825030491534,12070,town01
2,4.999577984860663,0.5,0.02,smoothing_spline_tuned,0.1587039936316194,12070,town01
2,4.999577984860663,0.5,0.02,family_a_W5,0.677724774825998,12070,town01
2,4.999577984860663,0.5,0.02,family_a_W7,0.4172267874712876,12070,town01
5,1.9999969280046919,0.0,0.0,central,0.03480270832743685,4828,town01
5,1.9999969280046919,0.0,0.0,savgol_w7p3,0.03925915136331168,4828,town01
5,1.9999969280046919,0.0,0.0,smoothing_spline_default,0.4277540203480373,4828,town01
5,1.9999969280046919,0.0,0.0,smoothing_spline_tuned,0.052745807390830554,4828,town01
5,1.9999969280046919,0.0,0.0,family_a_W5,0.06501522151188874,4828,town01
5,1.9999969280046919,0.0,0.0,family_a_W7,0.09205692375148546,4828,town01
5,1.9997448131924427,0.0,0.005,central,0.04552809867415486,4828,town01
5,1.9997448131924427,0.0,0.005,savgol_w7p3,0.039392095747939046,4828,town01
5,1.9997448131924427,0.0,0.005,smoothing_spline_default,0.4276117186087954,4828,town01
5,1.9997448131924427,0.0,0.005,smoothing_spline_tuned,0.056083064385802545,4828,town01
5,1.9997448131924427,0.0,0.005,family_a_W5,0.06594569565690722,4828,town01
5,1.9997448131924427,0.0,0.005,family_a_W7,0.09250597184918828,4828,town01
5,1.9985802925757497,0.0,0.02,central,0.12793296539578364,4828,town01
5,1.9985802925757497,0.0,0.02,savgol_w7p3,0.04025672309241624,4828,town01
5,1.9985802925757497,0.0,0.02,smoothing_spline_default,0.43196920740726147,4828,town01
5,1.9985802925757497,0.0,0.02,smoothing_spline_tuned,0.22655883924989362,4828,town01
5,1.9985802925757497,0.0,0.02,family_a_W5,0.07742621495460678,4828,town01
5,1.9985802925757497,0.0,0.02,family_a_W7,0.09511998712595858,4828,town01
5,1.9999969280046919,0.05,0.0,central,0.0853902915208728,4828,town01
5,1.9999969280046919,0.05,0.0,savgol_w7p3,0.06885270856927847,4828,town01
5,1.9999969280046919,0.05,0.0,smoothing_spline_default,0.4349644344487261,4828,town01
5,1.9999969280046919,0.05,0.0,smoothing_spline_tuned,0.0803113765522352,4828,town01
5,1.9999969280046919,0.05,0.0,family_a_W5,0.07016910248062286,4828,town01
5,1.9999969280046919,0.05,0.0,family_a_W7,0.09360049496642339,4828,town01
5,2.0001257184567667,0.05,0.005,central,0.08742814292448445,4828,town01
5,2.0001257184567667,0.05,0.005,savgol_w7p3,0.0668304402091336,4828,town01
5,2.0001257184567667,0.05,0.005,smoothing_spline_default,0.4267441194905752,4828,town01
5,2.0001257184567667,0.05,0.005,smoothing_spline_tuned,0.0807096874441301,4828,town01
5,2.0001257184567667,0.05,0.005,family_a_W5,0.07035203225743397,4828,town01
5,2.0001257184567667,0.05,0.005,family_a_W7,0.09341054954018975,4828,town01
5,2.0006056750185888,0.05,0.02,central,0.14289465724737274,4828,town01
5,2.0006056750185888,0.05,0.02,savgol_w7p3,0.06875313842107832,4828,town01
5,2.0006056750185888,0.05,0.02,smoothing_spline_default,0.42623218123771334,4828,town01
5,2.0006056750185888,0.05,0.02,smoothing_spline_tuned,0.15764881440125522,4828,town01
5,2.0006056750185888,0.05,0.02,family_a_W5,0.08023321919460237,4828,town01
5,2.0006056750185888,0.05,0.02,family_a_W7,0.09641455622765709,4828,town01
5,1.9999969280046919,0.2,0.0,central,0.31191743303579345,4828,town01
5,1.9999969280046919,0.2,0.0,savgol_w7p3,0.2286545829936691,4828,town01
5,1.9999969280046919,0.2,0.0,smoothing_spline_default,0.42450270525645184,4828,town01
5,1.9999969280046919,0.2,0.0,smoothing_spline_tuned,0.1335430236769973,4828,town01
5,1.9999969280046919,0.2,0.0,family_a_W5,0.12566734766399562,4828,town01
5,1.9999969280046919,0.2,0.0,family_a_W7,0.11351035013356839,4828,town01
5,2.0003189784431203,0.2,0.005,central,0.31544631396228084,4828,town01
5,2.0003189784431203,0.2,0.005,savgol_w7p3,0.22888722584013496,4828,town01
5,2.0003189784431203,0.2,0.005,smoothing_spline_default,0.4258774856196589,4828,town01
5,2.0003189784431203,0.2,0.005,smoothing_spline_tuned,0.1332021212679814,4828,town01
5,2.0003189784431203,0.2,0.005,family_a_W5,0.125661936552402,4828,town01
5,2.0003189784431203,0.2,0.005,family_a_W7,0.11386533940160108,4828,town01
5,2.00058531886883,0.2,0.02,central,0.33327858558798307,4828,town01
5,2.00058531886883,0.2,0.02,savgol_w7p3,0.22604607594374887,4828,town01
5,2.00058531886883,0.2,0.02,smoothing_spline_default,0.4290787483826036,4828,town01
5,2.00058531886883,0.2,0.02,smoothing_spline_tuned,0.130624255061345,4828,town01
5,2.00058531886883,0.2,0.02,family_a_W5,0.13340341782721957,4828,town01
5,2.00058531886883,0.2,0.02,family_a_W7,0.11737478209304456,4828,town01
5,1.9999969280046919,0.5,0.0,central,0.7722350534377692,4828,town01
5,1.9999969280046919,0.5,0.0,savgol_w7p3,0.5597279986719069,4828,town01
5,1.9999969280046919,0.5,0.0,smoothing_spline_default,0.4052665611969518,4828,town01
5,1.9999969280046919,0.5,0.0,smoothing_spline_tuned,0.190742943881589,4828,town01
5,1.9999969280046919,0.5,0.0,family_a_W5,0.2761396861803573,4828,town01
5,1.9999969280046919,0.5,0.0,family_a_W7,0.19030898014932052,4828,town01
5,1.999708629973739,0.5,0.005,central,0.7714261864353603,4828,town01
5,1.999708629973739,0.5,0.005,savgol_w7p3,0.5644142499548055,4828,town01
5,1.999708629973739,0.5,0.005,smoothing_spline_default,0.4081150219311825,4828,town01
5,1.999708629973739,0.5,0.005,smoothing_spline_tuned,0.20409294095605143,4828,town01
5,1.999708629973739,0.5,0.005,family_a_W5,0.2801234142457768,4828,town01
5,1.999708629973739,0.5,0.005,family_a_W7,0.19384673851600148,4828,town01
5,1.9987849701380744,0.5,0.02,central,0.7747345822536489,4828,town01
5,1.9987849701380744,0.5,0.02,savgol_w7p3,0.5504552015897369,4828,town01
5,1.9987849701380744,0.5,0.02,smoothing_spline_default,0.4096866197724347,4828,town01
5,1.9987849701380744,0.5,0.02,smoothing_spline_tuned,0.19228568960314507,4828,town01
5,1.9987849701380744,0.5,0.02,family_a_W5,0.2721708059826529,4828,town01
5,1.9987849701380744,0.5,0.02,family_a_W7,0.18805215971836847,4828,town01
10,0.9999997440000443,0.0,0.0,central,0.06361148947621115,2414,town01
10,0.9999997440000443,0.0,0.0,savgol_w7p3,0.07992430549351791,2414,town01
10,0.9999997440000443,0.0,0.0,smoothing_spline_default,0.4348743994060253,2414,town01
10,0.9999997440000443,0.0,0.0,smoothing_spline_tuned,0.10212879486260722,2414,town01
10,0.9999997440000443,0.0,0.0,family_a_W5,0.1360623182958778,2414,town01
10,0.9999997440000443,0.0,0.0,family_a_W7,0.19665207447050623,2414,town01
10,0.9999320788853739,0.0,0.005,central,0.0647590823138405,2414,town01
10,0.9999320788853739,0.0,0.005,savgol_w7p3,0.07988946875666456,2414,town01
10,0.9999320788853739,0.0,0.005,smoothing_spline_default,0.43287802019347893,2414,town01
10,0.9999320788853739,0.0,0.005,smoothing_spline_tuned,0.10177253333996578,2414,town01
10,0.9999320788853739,0.0,0.005,family_a_W5,0.13601689230810785,2414,town01
10,0.9999320788853739,0.0,0.005,family_a_W7,0.19646353609608158,2414,town01
10,1.0008352922146917,0.0,0.02,central,0.08922374007174284,2414,town01
10,1.0008352922146917,0.0,0.02,savgol_w7p3,0.08041286892204358,2414,town01
10,1.0008352922146917,0.0,0.02,smoothing_spline_default,0.4322352287092062,2414,town01
10,1.0008352922146917,0.0,0.02,smoothing_spline_tuned,0.10432293187693459,2414,town01
10,1.0008352922146917,0.0,0.02,family_a_W5,0.13805961501395506,2414,town01
10,1.0008352922146917,0.0,0.02,family_a_W7,0.1973913425873274,2414,town01
10,0.9999997440000443,0.05,0.0,central,0.0731269717432882,2414,town01
10,0.9999997440000443,0.05,0.0,savgol_w7p3,0.08407525940340664,2414,town01
10,0.9999997440000443,0.05,0.0,smoothing_spline_default,0.43565783438895234,2414,town01
10,0.9999997440000443,0.05,0.0,smoothing_spline_tuned,0.11795118358146149,2414,town01
10,0.9999997440000443,0.05,0.0,family_a_W5,0.1364357525329963,2414,town01
10,0.9999997440000443,0.05,0.0,family_a_W7,0.19681236948054173,2414,town01
10,1.0000275386940523,0.05,0.005,central,0.07575634800629123,2414,town01
10,1.0000275386940523,0.05,0.005,savgol_w7p3,0.08402527539602539,2414,town01
10,1.0000275386940523,0.05,0.005,smoothing_spline_default,0.4331168072186253,2414,town01
10,1.0000275386940523,0.05,0.005,smoothing_spline_tuned,0.11813785967960456,2414,town01
10,1.0000275386940523,0.05,0.005,family_a_W5,0.13690097132637968,2414,town01
10,1.0000275386940523,0.05,0.005,family_a_W7,0.1972195999302052,2414,town01
10,1.0002102744279497,0.05,0.02,central,0.0945993863129937,2414,town01
10,1.0002102744279497,0.05,0.02,savgol_w7p3,0.08472593573824198,2414,town01
10,1.0002102744279497,0.05,0.02,smoothing_spline_default,0.4359447701178227,2414,town01
10,1.0002102744279497,0.05,0.02,smoothing_spline_tuned,0.11348425332376925,2414,town01
10,1.0002102744279497,0.05,0.02,family_a_W5,0.1386254198767569,2414,town01
10,1.0002102744279497,0.05,0.02,family_a_W7,0.1976580755561693,2414,town01
10,0.9999997440000443,0.2,0.0,central,0.1643486834831103,2414,town01
10,0.9999997440000443,0.2,0.0,savgol_w7p3,0.13615376891904582,2414,town01
10,0.9999997440000443,0.2,0.0,smoothing_spline_default,0.43293097454213,2414,town01
10,0.9999997440000443,0.2,0.0,smoothing_spline_tuned,0.16619585656061805,2414,town01
10,0.9999997440000443,0.2,0.0,family_a_W5,0.1455643610150664,2414,town01
10,0.9999997440000443,0.2,0.0,family_a_W7,0.198837268421808,2414,town01
10,0.9998661481184591,0.2,0.005,central,0.16658205352044397,2414,town01
10,0.9998661481184591,0.2,0.005,savgol_w7p3,0.13642480867371543,2414,town01
10,0.9998661481184591,0.2,0.005,smoothing_spline_default,0.4269129171216603,2414,town01
10,0.9998661481184591,0.2,0.005,smoothing_spline_tuned,0.17178036995866727,2414,town01
10,0.9998661481184591,0.2,0.005,family_a_W5,0.14640986046102533,2414,town01
10,0.9998661481184591,0.2,0.005,family_a_W7,0.19851865249617823,2414,town01
10,1.0000067287965357,0.2,0.02,central,0.16989618011397736,2414,town01
10,1.0000067287965357,0.2,0.02,savgol_w7p3,0.13151349014670455,2414,town01
10,1.0000067287965357,0.2,0.02,smoothing_spline_default,0.4234387506232504,2414,town01
10,1.0000067287965357,0.2,0.02,smoothing_spline_tuned,0.16574914476806446,2414,town01
10,1.0000067287965357,0.2,0.02,family_a_W5,0.14640775050634144,2414,town01
10,1.0000067287965357,0.2,0.02,family_a_W7,0.1992620090357056,2414,town01
10,0.9999997440000443,0.5,0.0,central,0.3788489659339848,2414,town01
10,0.9999997440000443,0.5,0.0,savgol_w7p3,0.2816102414623159,2414,town01
10,0.9999997440000443,0.5,0.0,smoothing_spline_default,0.4084926780110141,2414,town01
10,0.9999997440000443,0.5,0.0,smoothing_spline_tuned,0.22687660699152382,2414,town01
10,0.9999997440000443,0.5,0.0,family_a_W5,0.18891003360530206,2414,town01
10,0.9999997440000443,0.5,0.0,family_a_W7,0.21197548923424223,2414,town01
10,0.9999404310049714,0.5,0.005,central,0.39735682489668006,2414,town01
10,0.9999404310049714,0.5,0.005,savgol_w7p3,0.295623792631318,2414,town01
10,0.9999404310049714,0.5,0.005,smoothing_spline_default,0.41687055792079114,2414,town01
10,0.9999404310049714,0.5,0.005,smoothing_spline_tuned,0.22705860591544327,2414,town01
10,0.9999404310049714,0.5,0.005,family_a_W5,0.1928933261005729,2414,town01
10,0.9999404310049714,0.5,0.005,family_a_W7,0.21577229334090756,2414,town01
10,0.9996910021878257,0.5,0.02,central,0.3939946940915319,2414,town01
10,0.9996910021878257,0.5,0.02,savgol_w7p3,0.2869744519689716,2414,town01
10,0.9996910021878257,0.5,0.02,smoothing_spline_default,0.4076743898818851,2414,town01
10,0.9996910021878257,0.5,0.02,smoothing_spline_tuned,0.22006767380707762,2414,town01
10,0.9996910021878257,0.5,0.02,family_a_W5,0.18847791300371375,2414,town01
10,0.9996910021878257,0.5,0.02,family_a_W7,0.21217101898903107,2414,town01
